id,hip,hd,hr,gl,bf,proper,ra,dec,dist,pmra,pmdec,rv,mag,absmag,spect,ci,x,y,z,vx,vy,vz,rarad,decrad,pmrarad,pmdecrad,bayer,flam,con,comp,comp_primary,base,lum,var,var_min,var_max
122,122.0,224889.0,9084.0,,The Oct,,0.026616,-77.065724,66.5779,-56.52,-176.95,24.0,4.78,0.663,K2III,1.254,14.902031,0.103716,-64.888859,-5.004e-05,-1.859e-05,-3.671e-05,0.0069680833539428,-1.3450506304308112,-2.740166922e-07,-8.57877807e-07,The,,Oct,1,122,,47.29334149186517,,,
154,154.0,224935.0,9089.0,,30    Psc,,0.032672,-6.014072,132.4503,46.62,-41.32,-12.0,4.37,-1.24,M3III,1.631,131.716394,1.126662,-13.877167,-1.524e-05,2.98e-05,-2.51e-05,0.0085534786762064,-0.104965358843855,2.260201379e-07,-2.00325012e-07,,30.0,Psc,1,154,,272.89777828080406,YY,4.418,4.308
300,301.0,225132.0,9098.0,,2    Cet,,0.06233,-17.335988,83.4725,28.57,-7.28,-5.0,4.55,-0.058,B9IVn,-0.047,79.670013,1.300177,-24.872663,-5.95e-06,1.147e-05,-1.29e-06,0.0163180279735996,-0.3025700638263062,1.385112685e-07,-3.5294435e-08,,2.0,Cet,1,300,,91.87556016660622,,,
355,355.0,225212.0,9103.0,,3    Cet,,0.075033,-10.509523,641.0256,-6.49,-11.88,-42.0,4.99,-4.044,K3Ibvar,1.619,630.150175,12.379991,-116.922329,-4.856e-05,-2.113e-05,-2.846e-05,0.0196435746864311,-0.1834257839638187,-3.14644079e-08,-5.7595865e-08,,3.0,Cet,1,355,,3610.771451003532,,,
441,443.0,28.0,3.0,,33    Psc,,0.088928,-5.707618,39.4945,-8.29,88.19,-6.0,4.61,1.627,K1III,1.029,39.287997,0.914841,-3.927804,-4.39e-06,-1.69e-06,1.741e-05,0.0232813053282764,-0.09961672987464,-4.01910541e-08,4.27557184e-07,,33.0,Psc,1,441,,19.462561593612413,BC,4.62,4.6
676,677.0,358.0,15.0,,21Alp And,Alpheratz,0.139791,29.090432,29.7442,135.68,-162.95,-12.0,2.07,-0.297,B9p,-0.038,25.974572,0.951042,14.461264,-2e-08,1.958e-05,-2.65e-05,0.0365971627080155,0.5077238184659449,6.577952018e-07,-7.90003892e-07,Alp,21.0,And,1,676,,114.49855346901884,Alp,2.083,2.063
744,746.0,432.0,21.0,Gl 8,11Bet Cas,Caph,0.152887,59.14978,16.7842,523.39,-180.42,11.3,2.28,1.155,F2III-IV,0.38,8.600014,0.344589,14.409503,1.681e-05,4.329e-05,2.39e-06,0.0400258528303232,1.0323584043676326,2.5374663227e-06,-8.74700842e-07,Bet,11.0,Cas,1,744,,30.06076302628229,Bet,2.303,2.263
763,765.0,496.0,25.0,Gl 9.1,Eps Phe,,0.156836,-45.747426,44.2087,122.15,-180.13,-9.2,3.88,0.652,K0III,1.013,30.82377,1.266396,-31.665333,-3.526e-05,2.475e-05,-2.02e-05,0.0410596787492194,-0.7984432093302175,5.921999108e-07,-8.73294882e-07,Eps,,Phe,1,763,,47.7749234659094,,,
908,910.0,693.0,33.0,Gl 10,6    Cet,,0.187739,-15.467977,18.7477,-84.2,-269.31,14.6,4.89,3.525,F5V,0.487,18.046958,0.887717,-5.000042,8.23e-06,-7.26e-06,-2.757e-05,0.0491498571352085,-0.2699671344525762,-4.08213119e-07,-1.305651723e-06,,6.0,Cet,1,908,,3.3884415613920247,,,
1065,1067.0,886.0,39.0,,88Gam Peg,Algenib,0.220598,15.183596,120.048,4.7,-8.24,4.0,2.83,-2.567,B2IV,-0.19,115.664183,6.687324,31.442127,5.04e-06,3.03e-06,-3.56e-06,0.0577524133796261,0.2650037404493388,2.2786243e-08,-3.9948647e-08,Gam,88.0,Peg,1,1065,,926.4031007363994,Gam,2.846,2.816
1166,1168.0,1013.0,45.0,,89Chi Peg,,0.243378,20.206702,112.8668,90.66,1.88,-46.0,4.79,-0.473,M2III,1.572,105.704826,6.744268,38.98495,-4.757e-05,4.667e-05,-1.528e-05,0.0637162239057244,0.3526734757518487,4.395320828e-07,9.114497e-09,Chi,89.0,Peg,1,1166,,134.64802883878474,,,
1169,1170.0,1038.0,48.0,,7    Cet,,0.244005,-18.932866,137.1742,-27.15,-73.78,-23.0,4.44,-1.246,M1III,1.64,129.488149,8.283,-44.507481,-3.694e-05,-2.045e-05,-3.878e-05,0.0638802752645001,-0.3304408408359138,-1.316269143e-07,-3.57695533e-07,,7.0,Cet,1,1169,,274.4100418256573,AE,4.484,4.384
1363,1366.0,1280.0,63.0,,24The And,,0.284863,38.681636,94.697,-50.01,-17.9,1.0,4.61,-0.272,A2V,0.059,73.717927,5.507828,59.184918,7.63e-06,-2.245e-05,-5.78e-06,0.0745769335159356,0.67512190066058,-2.424553216e-07,-8.6781648e-08,The,24.0,And,1,1363,,111.8922481955243,,,
1470,1473.0,1404.0,68.0,,25Sig And,,0.305463,36.785224,41.3223,-66.51,-42.48,-8.0,4.51,1.429,A2V,0.054,32.988623,2.643715,24.744457,-3.9e-07,-1.34e-05,-1.171e-05,0.0799700055661842,0.6420232749475537,-3.224495789e-07,-2.05948851e-07,Sig,25.0,And,1,1470,,23.356082466252182,,,
1472,1475.0,1326.0,,Gl 15A,,Groombridge 34,0.306174,44.022954,3.5873,2888.92,410.58,12.0,8.09,10.316,M1V,1.56,2.571275,0.20667,2.493057,-1.7e-07,5.039e-05,1.366e-05,0.0801562054445776,0.7683454902950787,1.40058793803e-05,1.990548009e-06,,,And,1,1472,Gl  15,0.0065102849843486,GX,8.125,8.065
1544,1547.0,1502.0,,,,Citadelle,0.321407,14.054755,159.2357,75.0,-17.55,-9.5,8.36,2.35,K0,0.92,153.922235,12.982322,38.670219,-1.098e-05,5.717e-05,-1.55e-05,0.0841441375897786,0.245301757508,3.636102604e-07,-8.50848e-08,,,Psc,1,1544,,9.999999999999998,,,
1559,1562.0,1522.0,74.0,,8Iot Cet,,0.323799,-8.823921,84.1751,-14.37,-37.84,19.0,3.56,-1.066,K2III,1.214,82.880324,7.042663,-12.912353,1.727e-05,-4.42e-06,-1.824e-05,0.0847702514073984,-0.15400648121809,-6.96677259e-08,-1.83453496e-07,Iot,8.0,Cet,1,1559,,232.4877101501645,,,
1595,1599.0,1581.0,77.0,Gl 17,Zet Tuc,,0.334142,-64.874791,8.5866,1707.56,1165.36,9.0,4.23,4.561,F9V,0.576,3.631914,0.318885,-7.774227,4.144e-05,7.498e-05,1.226e-05,0.0874781017392323,-1.1322786980338138,8.2784844837e-06,5.649824707e-06,Zet,,Tuc,1,1595,,1.3049684141302225,,,
2016,2021.0,2151.0,98.0,Gl 19,Bet Hyi,,0.427916,-77.254247,7.4588,2220.12,324.37,22.9,2.82,3.457,G2IV,0.618,1.635267,0.184517,-7.275205,7.54e-06,8.163e-05,-2.026e-05,0.1120281101479915,-1.3483409638363189,1.07634454847e-05,1.572590135e-06,Bet,,Hyi,1,2016,,3.607447338641916,,,
2069,2072.0,2262.0,100.0,Gl 20,Kap Phe,,0.436716,-43.679829,23.8095,106.14,32.83,11.3,3.93,2.046,A7V,0.175,17.106924,1.964466,-16.443574,9.51e-06,1.342e-05,-5.24e-06,0.1143320175858547,-0.7623568403121038,5.145812405e-07,1.59164331e-07,Kap,,Phe,1,2069,,13.231223331133709,,,
2076,2081.0,2261.0,99.0,,Alp Phe,Ankaa,0.438056,-42.305981,25.974,232.76,-353.64,75.0,2.4,0.327,K0III...,1.083,19.083654,2.198282,-17.483284,2.323e-05,3.218e-05,-8.456e-05,0.114682902957825,-0.7383786688321162,1.1284523229e-06,-1.714495099e-06,Alp,,Phe,1,2076,,64.44659847416881,,,
2204,2210.0,2429.0,105.0,,Eta Scl,,0.465472,-33.007167,138.5042,-20.48,-50.39,11.0,4.86,-0.847,M2/M3III,1.634,115.288699,14.119065,-75.449377,-7.26e-06,-1.474e-05,-3.45e-05,0.1218603922138844,-0.5760837406041137,-9.92898418e-08,-2.44297613e-07,Eta,,Scl,1,2204,,190.0203002577232,Eta,4.94,4.81
2241,2247.0,,,,,Felixvarela,0.476199,-16.226344,35.7015,-354.87,-228.26,0.0,9.62,6.857,K5V,1.128,34.013301,4.262471,-9.976163,-3.32e-06,-6.231e-05,-3.793e-05,0.1246684799898033,-0.2832031300624362,-1.7204583082e-06,-1.106635707e-06,,,Cet,1,2241,,0.1574707877289846,,9.675,9.565
2466,2472.0,2834.0,125.0,,Lam1Phe,,0.523594,-48.803514,52.9661,140.74,19.47,-2.0,4.76,1.14,A0V,0.018,34.558503,4.767165,-39.85461,-2.55e-06,3.613e-05,4.83e-06,0.1370765713592726,-0.8517820110592987,6.82326774e-07,9.4393223e-08,Lam-1,,Phe,1,2466,,30.47894989627983,,,
2478,2484.0,2884.0,126.0,,Bet1Tuc,,0.525725,-62.958218,41.4079,82.48,-54.37,14.0,4.36,1.275,B9V,-0.064,18.64771,2.582977,-36.881102,-5.45e-06,1.596e-05,-1.771e-05,0.1376343999003325,-1.0988281874404826,3.998743237e-07,-2.63593198e-07,Bet-1,,Tuc,1,2478,,26.915348039269155,,,
2479,2487.0,2885.0,127.0,,Bet2Tuc,,0.525946,-62.965561,51.6529,87.95,-45.79,10.0,4.53,0.965,A2V,0.147,23.255404,3.222589,-46.009047,-8.53e-06,2.105e-05,-1.432e-05,0.1376924059442804,-1.09895635546661,4.26393632e-07,-2.21996184e-07,Bet-2,,Tuc,1,2479,,35.80964371026361,,4.548,4.278
2499,2505.0,2772.0,123.0,,14Lam Cas,,0.529539,54.522289,115.7407,40.78,-14.81,-12.0,4.74,-0.577,B8Vn,-0.098,66.52975,9.282854,94.252351,-3.51e-06,2.261e-05,-1.482e-05,0.1386330789364156,0.9515934527420724,1.977070189e-07,-7.1800906e-08,Lam,14.0,Cas,1,2499,,148.18355175164308,,,
2592,2599.0,2905.0,130.0,,15Kap Cas,,0.549997,62.931783,100000.0,3.99,-2.1,-2.0,4.17,-15.83,B1Ia,0.13,45034.191856,6529.619087,89046.536344,0.00061866,0.00204417,-0.00046507,0.1439888522605762,1.0983668109154887,1.93440659e-08,-1.0181087e-08,Kap,15.0,Cas,1,2592,,187068214.03658012,Kap,4.21,4.14
2906,2912.0,3369.0,154.0,,29Pi  And,,0.61468,33.719344,183.4862,15.23,-3.56,9.0,4.34,-1.978,B5V,-0.123,150.645938,24.453844,101.857872,7.12e-06,1.488e-05,2.48e-06,0.160922836074831,0.5885135669805387,7.38371235e-08,-1.7259367e-08,Pi,29.0,And,1,2906,,538.5177219975278,,,
2914,2920.0,3360.0,153.0,,17Zet Cas,Fulu,0.616188,53.896909,181.8182,17.77,-9.15,2.0,3.69,-2.608,B2IV,-0.196,105.743565,17.207892,146.901502,5.11e-06,1.67e-05,-3.1e-06,0.1613176818246715,0.9406785238460538,8.6151391e-08,-4.4360451e-08,Zet,17.0,Cas,1,2914,,962.0552191862148,,,
3025,3031.0,3546.0,163.0,,30Eps And,,0.642602,29.311751,50.226,-229.41,-254.08,-84.0,4.34,0.835,G5III...,0.871,43.176578,7.332959,24.588338,-3.464e-05,-6.254e-05,-9.6e-05,0.1682326801531851,0.5115865716222587,-1.1122110646e-06,-1.231814599e-06,Eps,30.0,And,1,3025,,40.36453929676048,,,
3086,3092.0,3627.0,165.0,,31Del And,,0.655462,30.861024,32.352,115.38,-83.05,-7.0,3.27,0.72,K3III...,1.268,27.363473,4.742224,16.595166,-2.56e-06,1.792e-05,-1.485e-05,0.1715996555577154,0.5386264769195913,5.593780246e-07,-4.02637761e-07,Del,31.0,And,1,3086,,44.87453899331323,,,
3172,3179.0,3712.0,168.0,,18Alp Cas,Schedar,0.675116,56.537331,69.979,50.36,-32.17,-4.0,2.24,-1.985,K0II-IIIvar,1.17,37.984817,6.784483,58.379619,3.74e-06,1.802e-05,-9.43e-06,0.1767448813314833,0.9867625763100912,2.441521695e-07,-1.55964561e-07,Alp,18.0,Cas,1,3172,,542.0008904016238,Alp,2.25,2.23
3238,3245.0,3919.0,180.0,,Mu  Phe,,0.688766,-46.085007,75.358,-28.92,1.04,19.0,4.59,0.204,G8III,0.953,51.420268,9.373821,-54.285737,1.542e-05,-7.93e-06,-1.373e-05,0.1803186271789813,-0.8043351028819574,-1.402081164e-07,5.042062e-09,Mu,,Phe,1,3238,,72.17719496686992,,,
3293,3300.0,3901.0,179.0,,19Xi  Cas,,0.701081,50.512526,438.5965,12.32,-6.48,-10.0,4.8,-3.41,B2.5V,-0.105,274.222888,50.904565,338.492753,-7.2e-07,2.651e-05,-1.665e-05,0.1835425616291476,0.8816098861106475,5.97290454e-08,-3.1415926e-08,Xi,19.0,Cas,1,3293,,2013.7242498623896,,,
3398,3405.0,4150.0,191.0,,Eta Phe,,0.722567,-57.46306,75.5287,-5.16,15.5,2.0,4.36,-0.031,A0IV,0.024,39.897951,7.638724,-63.674097,6.13e-06,-7.5e-07,1.33e-06,0.1891675831066232,-1.00291959247145,-2.50163859e-08,7.514612e-08,Eta,,Phe,1,3398,,89.61898068616138,,,
3407,3414.0,4058.0,184.0,,20Pi  Cas,,0.724466,47.024546,53.6769,-24.52,-37.16,13.0,4.95,1.301,A5V,0.17,35.934654,6.898434,39.272564,1.705e-05,-3.22e-06,3.14e-06,0.1896646678322483,0.8207331596283237,-1.188763145e-07,-1.80156763e-07,Pi,20.0,Cas,1,3407,,26.27846540838493,Pi,4.962,4.942
3413,3419.0,4128.0,188.0,Gl 31,16Bet Cet,Diphda,0.72649,-17.986605,29.5334,232.79,32.71,13.3,2.04,-0.312,K0III,1.019,27.583638,5.310463,-9.119792,7.82e-06,3.545e-05,2.5e-07,0.1901946422304609,-0.3139254704026524,1.128597767e-06,1.58582554e-07,Bet,16.0,Cet,1,3413,,116.0913870126182,,,
3448,3455.0,4188.0,194.0,,17Phi1Cet,,0.7365,-10.60955,71.6332,-6.96,-113.88,1.0,4.77,0.494,K0IIIvar,0.998,69.103848,13.491898,-13.188762,-5.7e-06,-3.57e-06,-3.906e-05,0.1928153487484685,-0.1851715869259162,-3.37430322e-08,-5.52105819e-07,Phi-1,17.0,Cet,1,3448,,55.25861556300781,,,
3472,3479.0,4208.0,,GJ 9024,,Cocibolca,0.74073,-26.51568,32.3729,313.52,150.0,55.4,7.78,5.229,G5V,0.664,28.425119,5.582477,-14.452867,5.058e-05,6.007e-05,-4.23e-06,0.1939227208936987,-0.46278592082045,1.5199878513e-06,7.2722052e-07,,,Scl,1,3472,,0.7053424142580965,,,
3496,3504.0,4180.0,193.0,,22Omi Cas,,0.74542,48.284364,215.5172,17.79,-7.62,-17.0,4.48,-2.187,B5III,-0.069,140.690195,27.809754,160.874126,-9.12e-06,1.714e-05,-1.828e-05,0.1951505336730954,0.8427211297504825,8.62483538e-08,-3.6942802e-08,Omi,22.0,Cas,1,3496,,652.8298441586142,Omi,4.497,4.457
3685,3693.0,4502.0,215.0,,34Zet And,,0.788981,24.267178,58.0046,-101.23,-81.89,-24.0,4.08,0.263,K1II,1.1,51.755023,10.844894,23.839349,-6.8e-06,-3.051e-05,-3.108e-05,0.2065547077022227,0.4235421551281737,-4.907768888e-07,-3.97013923e-07,Zet,34.0,And,1,3685,,68.35967668381046,Zet,4.112,4.042
3759,3765.0,4628.0,222.0,Gl 33,,96 G. Psc,0.806382,5.280615,7.4549,758.04,-1141.22,-10.0,5.74,6.378,K2V,0.89,7.258368,1.555495,0.686093,-1.198e-05,2.545e-05,-4.201e-05,0.2111103189642107,0.0921641160815062,3.6750816241e-06,-5.532790685e-06,,,Psc,1,3759,,0.2447935666196065,,,
3778,3786.0,4656.0,224.0,,63Del Psc,,0.811373,7.585079,95.4198,83.14,-50.48,32.0,4.44,-0.458,K5III,1.5,92.459279,19.940749,12.595285,2.662e-05,4.508e-05,-1.883e-05,0.2124170298983226,0.1323846045779812,4.03074094e-07,-2.44733945e-07,Del,63.0,Psc,1,3778,,132.8005886243731,,,
3793,3801.0,4636.0,223.0,,25Nu  Cas,,0.813892,50.968168,126.2626,30.28,-9.82,9.0,4.9,-0.606,B9III,-0.091,77.715955,16.814743,98.08037,6.31e-06,2.033e-05,3.36e-06,0.2130764095138466,0.8895623384238488,1.468015825e-07,-4.7608703e-08,Nu,25.0,Cas,1,3793,,152.1948650903652,,,
3814,3821.0,4614.0,219.0,Gl 34A,24Eta Cas,Achird,0.81826,57.815187,5.9531,1087.11,-559.65,8.2,3.46,4.586,G0V SB,0.587,3.098462,0.674227,5.038376,1.105e-05,3.451e-05,-1.5e-06,0.2142198755075235,1.0090653769770737,5.2704580027e-06,-2.713259763e-06,Eta,24.0,Cas,1,3814,Gl  34,1.2752637064597296,Eta,3.507,3.457
3820,3829.0,,,Gl 35,,Van Maanen's Star,0.819416,5.38861,4.2626,1233.05,-2710.56,54.0,12.37,14.222,DG,0.554,4.146957,0.903519,0.400348,5.345e-05,3.772e-05,-5.057e-05,0.2145225144570207,0.0940489788001337,5.9779950881e-06,-1.3141165699e-05,,,Psc,1,3820,,0.0001783199772233,,12.621,12.091
3871,3881.0,4727.0,226.0,,35Nu  And,,0.830234,41.078911,189.3939,22.68,-18.05,-24.0,4.53,-1.857,B5V SB,-0.136,139.406857,30.787155,124.45018,-1.192e-05,1.869e-05,-2.862e-05,0.217354793112749,0.7169622462973962,1.099557428e-07,-8.7508869e-08,Nu,35.0,And,1,3871,,481.7259035591634,,,
4137,4147.0,5112.0,248.0,,20    Cet,,0.883471,-1.14426,179.8561,6.49,-16.29,16.0,4.78,-1.495,M0III,1.55,175.031944,41.221192,-3.591689,1.435e-05,9.19e-06,-1.453e-05,0.2312920693135688,-0.019971107041295,3.14644079e-08,-7.8976148e-08,,20.0,Cet,1,4137,,345.1437393358564,,,
4142,4151.0,5015.0,244.0,Gl 41,,,0.884511,61.12397,18.7441,-68.45,169.72,20.8,4.8,3.436,F8V,0.54,8.810315,2.077392,16.413746,-1.72e-06,-6.8e-06,2.608e-05,0.231564421269062,1.0668145247255576,-3.318549643e-07,8.22825778e-07,,,Cas,1,4142,,3.677900704223862,,,
4282,4292.0,5234.0,253.0,,26Ups1Cas,,0.916715,58.972698,100.7049,-32.24,-40.69,-23.0,4.83,-0.185,K2III,1.216,50.420166,12.338344,86.296046,8.5e-06,-1.412e-05,-3.04e-05,0.2399954393406071,1.0292677418814975,-1.563039306e-07,-1.97270686e-07,Ups-1,26.0,Cas,1,4282,,103.2761405761398,,,
4412,4422.0,5395.0,265.0,,28Ups2Cas,Castula,0.944432,59.181056,61.2745,-92.56,-45.33,-47.0,4.62,0.684,G8III-IV,0.957,30.437701,7.68286,52.6216,-5.94e-06,-2.986e-05,-4.818e-05,0.2472518134940012,1.0329042740471412,-4.487435427e-07,-2.19766041e-07,Ups-2,28.0,Cas,1,4412,,46.38739667560309,,,
4417,4427.0,5394.0,264.0,,27Gam Cas,Cih,0.945143,60.71674,168.3502,25.65,-3.82,-7.0,2.15,-3.981,B0IV:evar,-0.046,79.836717,20.168018,146.837047,-5.89e-06,2.01e-05,-7.77e-06,0.2474379511037043,1.0597070289510324,1.243547091e-07,-1.8519882e-08,Gam,27.0,Cas,1,4417,,3407.218616593573,Gam,2.173,2.133
4426,4436.0,5448.0,269.0,,37Mu  And,,0.945885,38.499345,39.7772,152.78,36.82,8.0,3.86,0.862,A5V,0.13,30.180673,7.630372,24.761577,-5.3e-06,2.905e-05,1.065e-05,0.2476321701104851,0.6719403219484738,7.406983412e-07,1.78508397e-07,Mu,37.0,And,1,4426,,39.37313537008504,,,
4453,4463.0,5516.0,271.0,,38Eta And,,0.953445,23.417648,70.4225,-43.72,-46.06,-10.0,4.4,0.161,G8III-IV,0.94,62.61915,15.963361,27.988017,6.5e-07,-1.524e-05,-1.849e-05,0.249611333345265,0.4087150600796662,-2.119605411e-07,-2.23305181e-07,Eta,38.0,And,1,4453,,75.09309424540648,,,
4567,4577.0,5737.0,280.0,,Alp Scl,,0.976766,-29.357449,238.0952,22.44,6.3,10.0,4.3,-2.584,B7IIIp,-0.154,200.770598,52.489589,-116.727788,5.52e-06,2.821e-05,1.32e-06,0.2557168389316617,-0.5123841447464662,1.087921899e-07,3.0543261e-08,Alp,,Scl,1,4567,,941.0224835267508,Alp,4.308,4.298
4896,4906.0,6186.0,294.0,,71Eps Psc,,1.049058,7.890135,55.7414,-80.57,25.88,7.0,4.27,0.539,K0III,0.952,53.144471,14.974142,7.651854,1.181e-05,-1.929e-05,7.91e-06,0.2746427451241538,0.137708841860575,-3.906143824e-07,1.2546978e-07,Eps,71.0,Psc,1,4896,,53.01515066784589,,,
5044,5054.0,6434.0,,GJ 9037,,Nenque,1.077828,-39.488217,41.3736,-168.97,-527.71,22.4,7.72,4.636,G3IV,0.613,30.667693,8.890809,-26.310407,-3.822e-05,-4.637e-05,-9.625e-05,0.2821746680903347,-0.6891994090898889,-8.19189676e-07,-2.558410273e-06,,,Phe,1,5044,,1.217867384891259,,,
5154,5165.0,6595.0,322.0,,Bet Phe,,1.101407,-46.718414,100000.0,-70.16,31.6,-1.0,3.32,-16.68,G8IIIvar,0.885,65728.03719,19495.774096,-72799.31262,0.02036281,-0.02943628,0.01050305,0.2883477037288151,-0.8153901374901737,-3.401452783e-07,1.53201123e-07,Bet,,Phe,1,5154,,409260659.730011,,,
5337,5348.0,6882.0,338.0,,Zet Phe,Wurren,1.139742,-55.24576,91.5751,21.17,29.7,15.0,3.94,-0.869,B6V + B0V,-0.12,49.896436,15.346501,-75.238648,1.595e-05,1.474e-05,-5.09e-06,0.2983838460567415,-0.9642204110904488,1.026350562e-07,1.43989663e-07,Zet,,Phe,1,5337,,193.9099078614849,Zet,4.199,3.929
5353,5364.0,6805.0,334.0,GJ 3075,31Eta Cet,,1.143164,-10.182264,37.9939,215.81,-138.33,12.9,3.46,0.561,K2III,1.161,35.733354,11.025427,-6.716585,-3.61e-06,4.048e-05,-2.741e-05,0.299279571918535,-0.177714035124185,1.046276404e-06,-6.70642764e-07,Eta,31.0,Cet,1,5353,,51.95172830110675,,,
5361,5372.0,5848.0,285.0,,,,1.145613,86.25709,85.9107,80.34,-11.36,9.0,4.24,-0.43,K2II-III,1.213,5.357793,1.65718,85.727534,-4.8e-06,3.354e-05,8.88e-06,0.2999207391189709,1.505470229095203,3.89499311e-07,-5.5074834e-08,,,Cep,1,5361,,129.4195841449985,,,
5423,5434.0,6811.0,335.0,,42Phi And,,1.158368,47.241792,219.7802,3.81,-13.02,-2.2,4.26,-2.45,B7III,0.012,142.401313,44.559066,161.368161,7.05e-06,6.46e-06,-1.107e-05,0.3032600026247607,0.8245248216760163,1.84714012e-08,-6.3122741e-08,Phi,42.0,And,1,5423,,831.7637711026708,,,
5436,5447.0,6860.0,337.0,Gl 53.3,43Bet And,Mirach,1.162194,35.620558,60.5327,175.59,-112.23,-0.8,2.07,-1.84,M0IIIvar,1.576,46.946371,14.741814,35.255129,2.23e-06,5.471e-05,-2.725e-05,0.3042617927379897,0.6216960120690613,8.512843417e-07,-5.44106393e-07,Bet,43.0,And,1,5436,,474.2419852602448,,,
5517,5529.0,7199.0,,,,Emiw,1.179757,-66.188164,35.2983,111.79,-123.84,0.0,8.06,5.321,K0IV/V,0.849,13.576752,4.332049,-32.293578,-2.428e-05,1.233e-05,-8.56e-06,0.3088597442656181,-1.1552013884410424,5.419732135e-07,-6.00393262e-07,,,Tuc,1,5517,,0.6480372941922908,,,
5530,5542.0,6961.0,343.0,,33The Cas,,1.185017,55.149901,40.95,226.62,-19.34,9.0,4.34,1.279,A7Vvar,0.17,22.283015,7.143859,33.605678,-5.72e-06,4.541e-05,5.36e-06,0.3102368444916751,0.9625473465740564,1.0986847629e-06,-9.3762965e-08,The,33.0,Cas,1,5530,,26.81637066760729,,,
5559,5571.0,7087.0,351.0,,84Chi Psc,,1.190894,21.03465,117.6471,41.66,-10.55,16.0,4.66,-0.693,K0III,1.024,104.513869,33.683383,42.227416,9.3e-06,2.796e-05,2.6e-07,0.311775322267069,0.3671238994563737,2.019733793e-07,-5.1147843e-08,Chi,84.0,Psc,1,5559,,164.8921573150831,,,
5574,5586.0,7106.0,352.0,,83Tau Psc,,1.194342,30.089638,51.7598,74.29,-37.61,30.0,4.51,0.94,K0III-IV...,1.092,42.613504,13.776233,25.950131,2.403e-05,2.736e-05,7.22e-06,0.3126779194707287,0.5251632565387813,3.601680833e-07,-1.82338425e-07,Tau,83.0,Psc,1,5574,,36.64375746478333,,,
5725,5737.0,7344.0,361.0,,86Zet Psc,Revati,1.228857,7.575354,53.3049,141.66,-55.62,9.0,5.21,1.576,A7IV,0.32,50.128801,16.707567,7.027196,-1.12e-06,3.821e-05,-1.303e-05,0.3217139943867739,0.1322148645330212,6.867870599e-07,-2.69653369e-07,Zet,86.0,Psc,1,5725,,20.398583002685616,,5.256,5.036
5730,5742.0,7318.0,360.0,,85Phi Psc,,1.229152,24.583713,136.7989,18.58,-21.26,6.0,4.67,-1.01,K0III...,1.047,118.013398,39.343134,56.911417,6.96e-06,1.531e-05,-1.027e-05,0.3217911561858411,0.4290667361253549,9.00783818e-08,-1.03071388e-07,Phi,85.0,Psc,1,5730,,220.80047330188992,,,
5731,5743.0,7345.0,362.0,,86Zet Psc,Revati B,1.22924,7.578261,93.985,154.42,-47.11,11.0,6.44,1.575,F7V,0.492,88.381439,29.46675,12.394783,-8.99e-06,7.117e-05,-1.979e-05,0.3218143416812483,0.132265609537415,7.486492855e-07,-2.28395724e-07,Zet,86.0,Psc,1,5731,,20.41737944669529,,,
5849,5862.0,7570.0,370.0,Gl 55,Nu  Phe,,1.253043,-45.531664,15.1149,664.47,178.12,11.6,4.97,4.073,F8V,0.571,10.023612,3.411601,-10.786636,1e-06,5.177e-05,6.8e-07,0.3280459256128029,-0.7946774539363888,3.2214414632e-06,8.63550127e-07,Nu,,Phe,1,5849,,2.045502431109353,,,
5884,5896.0,7788.0,377.0,Gl 55.3A,Kap Tuc,,1.262704,-68.875927,20.9556,411.11,127.43,4.0,4.25,2.643,F6IV,0.48,7.143194,2.45156,-19.547464,-7.4e-07,4.39e-05,8.5e-07,0.3305751867783186,-1.2021117062668614,1.9931175221e-06,6.17798073e-07,Kap,,Tuc,1,5884,Gl  55.3,7.634841051830966,,,
6179,6193.0,7964.0,383.0,,90Ups Psc,,1.324443,27.264059,94.4287,26.21,-11.62,8.0,4.74,-0.136,A3V,0.032,78.942697,28.524892,43.257068,5.05e-06,1.458e-05,-9.8e-07,0.3467382468595746,0.4758475890656962,1.270696657e-07,-5.6335349e-08,Ups,90.0,Psc,1,6179,,98.7188301068396,,,
6228,6242.0,7927.0,382.0,,34Phi Cas,,1.334699,58.231611,100000.0,-1.31,-2.19,-24.0,4.95,-15.05,F0Ia,0.683,49467.137003,18024.596194,85018.328882,0.00105332,-0.00029209,-0.00057981,0.3494234164282319,1.0163333350975838,-6.3510592e-09,-1.0617419e-08,Phi,34.0,Cas,1,6228,,91201083.93559095,,,
6397,6411.0,8207.0,390.0,,46Xi  And,Adhil,1.372337,45.528778,65.7462,32.21,8.73,-13.0,4.87,0.781,K0III-IV,1.077,43.117698,16.194066,46.916563,-1.419e-05,5.64e-06,-7.54e-06,0.3592768833867569,0.7946270763370474,1.561584865e-07,4.2324234e-08,Xi,46.0,And,1,6397,,42.42286549229506,,,
6523,6537.0,8512.0,402.0,,45The Cet,,1.40039,-8.183257,34.8918,-78.38,-206.88,17.0,3.6,0.886,K0III,1.065,32.241501,12.380133,-4.96651,1.617e-05,-7.99e-06,-3.711e-05,0.3666213510265753,-0.1428247700972425,-3.799969628e-07,-1.002982542e-06,The,45.0,Cet,1,6523,,38.51234824289314,,,
6629,6643.0,8574.0,,,,Bélénos,1.420138,28.566693,44.5633,252.59,-158.59,0.0,7.12,3.875,F8,0.577,36.464195,14.218374,21.309341,-4.56e-06,5.679e-05,-3.009e-05,0.3717912241701624,0.4985828534223687,1.2245908757e-06,-7.68866015e-07,,,Psc,1,6629,,2.4547089156850297,,,
6656,6670.0,8705.0,412.0,,46    Cet,,1.427009,-14.598796,88.1834,42.54,-17.25,-23.0,4.9,0.173,K2III,1.231,79.449924,31.144316,-22.226489,-2.956e-05,7.95e-06,-1.21e-06,0.3735902025977224,-0.2547970617656412,2.062397397e-07,-8.3630359e-08,,46.0,Cet,1,6656,,74.26770437146976,,,
6672,6686.0,8538.0,403.0,,37Del Cas,Ruchbah,1.430216,60.235283,30.4785,297.24,-49.49,7.0,2.66,0.24,A5Vv SB,0.16,14.082378,5.53413,26.457567,-6.85e-06,4.45e-05,2.58e-06,0.3744295872766107,1.0513040155749624,1.4410601841e-06,-2.3993429e-07,Del,37.0,Cas,1,6672,,69.82324040771711,Del,2.666,2.656
6678,6692.0,8491.0,399.0,,36Psi Cas,,1.432208,68.130012,59.8086,75.07,26.82,-12.0,4.72,0.836,K0III,1.047,20.730917,8.159197,55.504166,-1.894e-05,1.594e-05,-8.49e-06,0.3749511145592624,1.1890930367365036,3.6394963e-07,1.30027029e-07,Psi,36.0,Cas,1,6678,,40.3273792976113,,,
6799,6813.0,8799.0,417.0,,48Ome And,,1.460915,45.406687,28.6205,356.99,-109.32,11.0,4.83,2.547,F5IV,0.421,18.641784,7.499275,20.380957,-1.14e-06,5.293e-05,-2.64e-06,0.3824666059431344,0.7924961915147437,1.7307363582e-06,-5.29998315e-07,Ome,48.0,And,1,6799,,8.340651974086626,,,
6853,6867.0,9053.0,429.0,,Gam Phe,,1.472759,-43.318234,71.6332,-18.21,-207.71,26.0,3.41,-0.866,K5II-III,1.542,48.291055,19.600485,-49.144111,-2.555e-05,-1.719e-05,-7.072e-05,0.3855673035100017,-0.7560458063068313,-8.82845712e-08,-1.007006495e-06,Gam,,Phe,1,6853,,193.37485452952552,Gam,3.478,3.388
6993,7007.0,9138.0,434.0,,98Mu  Psc,,1.503087,6.14382,93.1966,293.23,-46.36,34.0,4.84,-0.007,K4III,1.372,85.579481,35.529252,9.974354,-1.679e-05,0.00013647,-1.71e-05,0.3935073191676105,0.1072298953533075,1.4216191555e-06,-2.24759622e-07,Mu,98.0,Psc,1,6993,,87.65970403212789,,,
7068,7083.0,9362.0,440.0,,Del Phe,,1.520851,-49.072702,43.573,138.22,154.2,-7.0,3.93,0.734,K0III-IV,0.972,26.31178,11.067445,-32.92116,7.04e-06,3.464e-05,2.675e-05,0.398157754457856,-0.8564802246514187,6.701094693e-07,7.47582695e-07,Del,,Phe,1,7068,,44.29961991003636,,,
7083,7097.0,9270.0,437.0,,99Eta Psc,Alpherg,1.524725,15.345823,107.1811,25.73,-3.29,15.0,3.62,-1.531,G8III,0.974,95.233975,40.171366,28.364911,8.85e-06,1.824e-05,2.41e-06,0.3991719864974001,0.2678351374342624,1.2474256e-07,-1.595037e-08,Eta,99.0,Psc,1,7083,,356.77958828856265,,,
7280,7294.0,9408.0,442.0,,39Chi Cas,,1.565528,59.23204,63.8162,-43.06,-23.18,6.0,4.68,0.655,K0III,0.991,29.942244,13.008585,54.833867,1.384e-05,-8.51e-06,1.6e-06,0.409854274343255,1.0337941246766538,-2.087607708e-07,-1.12379811e-07,Chi,39.0,Cas,1,7280,,47.64309868054156,,,
7499,7513.0,9826.0,458.0,Gl 61,50Ups And,Titawin,1.613299,41.405459,13.4916,-172.57,-381.01,-28.7,4.1,3.45,F8V,0.536,9.229933,4.147969,8.92295,-4.2e-07,-1.256e-05,-3.81e-05,0.4223606833740253,0.7226615840997149,-8.366429685e-07,-1.847188604e-06,Ups,50.0,And,1,7499,,3.630780547701012,,,
7574,7588.0,10144.0,472.0,,Alp Eri,Achernar,1.628556,-57.236757,42.7533,88.02,-40.08,16.0,0.45,-2.705,B3Vp,-0.158,21.065573,9.568417,-35.951967,-5.84e-06,1.738e-05,-1.826e-05,0.4263550659137642,-0.9989698692415762,4.267330016e-07,-1.94313323e-07,Alp,,Eri,1,7574,,1051.9618738232234,Alp,0.487,0.427
7593,7607.0,9927.0,464.0,,51    And,Nembus,1.633205,48.628213,54.3183,60.9,-112.42,16.0,3.59,-0.085,K3III,1.275,32.669331,14.886999,40.762548,2.341e-05,2.829e-05,-7.29e-06,0.4275720594509002,0.8487224280090337,2.952515315e-07,-5.45027539e-07,,51.0,And,1,7593,,94.18895965228413,,,
7736,7751.0,10360.0,486.0,Gl 66B,,p Eridani,1.663169,-56.1964,7.8223,286.1,16.66,22.5,5.76,6.293,K0V,0.88,3.945945,1.835674,-6.500103,7.51e-06,1.546e-05,-1.877e-05,0.4354167347044755,-0.9808122092628588,1.3870519401e-06,8.0769959e-08,,,Eri,2,118084,Gl 66,0.2647280740017561,,,
7803,7818.0,10205.0,477.0,,53Tau And,,1.676337,40.577049,218.3406,16.67,-23.5,-14.0,4.96,-1.736,B8III,-0.068,150.121031,70.465886,142.023934,-2.7e-06,1.823e-05,-2.821e-05,0.4388640491613548,0.7082031071018775,8.08184405e-08,-1.13931214e-07,Tau,53.0,And,1,7803,,430.92332281862633,,,
7869,7884.0,10380.0,489.0,,106Nu  Psc,,1.690526,5.487613,111.3586,-22.73,3.61,0.4,4.45,-0.784,K3III,1.347,100.168039,47.473101,10.649285,5.45e-06,-1.099e-05,1.98e-06,0.442578719766191,0.0957769181405137,-1.101981496e-07,1.7501773e-08,Nu,106.0,Psc,1,7869,,179.30813770804414,,,
7903,7918.0,10307.0,483.0,Gl 67,,,1.696383,42.613369,12.7389,791.35,-180.16,3.1,4.96,4.434,G2V,0.618,8.465575,4.02816,8.624862,-1.209e-05,4.837e-05,-6.04e-06,0.4441119220142844,0.7437435933971476,3.8365730611e-06,-8.73440326e-07,,,And,1,7903,,1.466898282206286,,,
7984,7999.0,10550.0,500.0,,,,1.712086,-3.6902,364.9635,-11.67,-34.38,-34.0,4.98,-2.831,K3II-III,1.378,328.229658,157.834292,-23.489626,-2.585e-05,-3.534e-05,-5.846e-05,0.4482231019446304,-0.0644061474407512,-5.65777565e-08,-1.66678943e-07,,,Cet,1,7984,,1181.4082519208876,,,
8053,8068.0,10516.0,496.0,,Phi Per,,1.727675,50.688732,220.2643,24.08,-13.59,1.0,4.01,-2.705,B2Vpe,-0.098,125.512408,60.986585,170.421939,-5.6e-07,2.832e-05,-8.4e-06,0.4523042075024249,0.8846852734959337,1.167431343e-07,-6.5886179e-08,Phi,,Per,1,8053,,1051.9618738232234,Phi,4.09,3.98
8087,8102.0,10700.0,509.0,Gl 71,52Tau Cet,,1.734479,-15.93748,3.6502,-1721.82,854.07,-17.0,3.49,5.678,G8V,0.727,3.154083,1.539508,-1.00226,2.07e-06,-3.289e-05,1.931e-05,0.4540854403344977,-0.2781615013282412,-8.3476189145e-06,4.140648201e-06,Tau,52.0,Cet,1,8087,,0.4664445252037795,,,
8183,8198.0,10761.0,510.0,,110Omi Psc,Torcular,1.756564,9.157736,85.6898,70.82,38.99,14.0,4.26,-0.405,K0III,0.942,75.808974,37.546943,13.637807,-2.7e-06,3.149e-05,1.827e-05,0.459867349269175,0.1598326410024725,3.433450486e-07,1.89028854e-07,Omi,110.0,Psc,1,8183,,126.4736347471151,,,
8481,8497.0,11171.0,531.0,GJ 9061A,53Chi Cet,,1.826418,-10.68641,23.1857,-148.9,-94.47,-0.9,4.66,2.834,F3III,0.333,20.228295,10.483677,-4.299405,5.15e-06,-1.618e-05,-1.026e-05,0.4781550724837594,-0.1865130455304849,-7.218875703e-07,-4.58003484e-07,Chi,53.0,Cet,1,8481,GJ 9061,6.4032432446894685,,,
8628,8645.0,11353.0,539.0,,55Zet Cet,Baten Kaitos,1.857676,-10.335038,72.0461,38.78,-38.04,9.0,3.74,-0.548,K2III,1.136,62.65906,33.12747,-12.925362,-4.3e-07,1.509e-05,-1.472e-05,0.4863384110940215,-0.180380435702335,1.880107453e-07,-1.84423124e-07,Zet,55.0,Cet,1,8628,,144.27796231294775,,,
8777,8796.0,11443.0,544.0,Gl 78.1,2Alp Tri,Mothallah,1.884696,29.578829,19.4175,12.02,-233.69,-16.2,3.42,1.979,F6IV,0.488,14.872602,7.99818,9.584806,-3.66e-06,-6.9e-07,-2.731e-05,0.4934123459027885,0.5162479585904625,5.82746044e-08,-1.13296109e-06,Alp,2.0,Tri,1,8777,,14.073431383183484,Alp,3.429,3.409
8813,8832.0,11502.0,546.0,,5Gam2Ari,Mesarthim,1.89217,19.293852,50.3018,79.43,-99.1,-1.0,3.88,0.372,A1p Si,-0.047,41.769649,22.568336,16.620371,-3.03e-06,2.038e-05,-2.315e-05,0.4953689125156816,0.3367412380593763,3.850875065e-07,-4.80450357e-07,Gam-2,5.0,Ari,1,8813,,61.83010727517132,Gam,3.892,3.872
8814,8833.0,11559.0,549.0,,111Xi  Psc,,1.892597,3.187536,54.9149,23.69,23.9,30.0,4.61,0.912,K0III SB,0.928,48.236339,26.069281,3.053521,2.364e-05,1.995e-05,8.06e-06,0.495480817958158,0.0556330068666037,1.148523609e-07,1.15870469e-07,Xi,111.0,Psc,1,8814,,37.60105236684958,,,
8818,8837.0,11695.0,555.0,,Psi Phe,,1.894102,-46.302669,104.8218,-92.38,-91.46,2.0,4.39,-0.712,M4III SB,1.597,63.693781,34.455513,-75.786103,-5.98e-06,-5.66e-05,-3.359e-05,0.4958746411298166,-0.80813401784268,-4.478708781e-07,-4.43410592e-07,Psi,,Phe,1,8818,,167.8031078290955,Psi,4.451,4.311
8867,8886.0,11415.0,542.0,,45Eps Cas,Segin,1.906584,63.670101,126.2626,31.98,-18.66,-8.0,3.35,-2.156,B2pvar,-0.15,49.169644,26.806887,113.163436,-3.57e-06,2.035e-05,-1.24e-05,0.4991424996298816,1.11125290442047,1.55043415e-07,-9.0466232e-08,Eps,45.0,Cas,1,8867,,634.453795775715,,,
8884,8903.0,11636.0,553.0,Gl 80,6Bet Ari,Sheratan,1.910668,20.808035,17.9856,96.32,-108.8,-4.0,2.64,1.365,A5V...,0.165,14.752622,8.063457,6.389157,-4.43e-06,7.15e-06,-1.032e-05,0.5002117420096996,0.363168721573765,4.669725371e-07,-5.27477284e-07,Bet,6.0,Ari,1,8884,,24.774220576332848,,,
8909,8928.0,11977.0,570.0,,Eta2Hyi,,1.915572,-67.647303,67.0691,76.0,73.17,-16.0,4.68,0.547,G5III,0.931,22.365936,12.262188,-62.029417,1.96e-06,2.925e-05,2.418e-05,0.5014955720109757,-1.1806681710410123,3.684583972e-07,3.5473817e-07,Eta-2,,Hyi,1,8909,,52.62595620803182,,,
8989,9007.0,11937.0,566.0,Gl 81A,Chi Eri,,1.932564,-51.608896,17.8508,681.24,284.23,-6.3,3.69,2.432,G5IV,0.844,9.696827,5.372709,-13.991232,-1.521e-05,5.897e-05,2.032e-05,0.5059440330162774,-0.900745155623165,3.3027447174e-06,1.377985924e-06,Chi,,Eri,1,8989,Gl  81,9.272567425805942,,,
8990,9009.0,11529.0,548.0,,46Ome Cas,,1.933337,68.685242,215.0538,13.82,-9.73,-24.0,4.97,-1.693,B8III,-0.084,68.369027,37.897739,200.343411,-6.52e-06,1.286e-05,-2.655e-05,0.5061463422609432,1.1987836152417537,6.70012507e-08,-4.7172371e-08,Ome,46.0,Cas,1,8990,,414.1903726221008,,,
9042,9061.0,11930.0,565.0,,56    Cet,,1.944499,-22.526785,108.2251,62.22,-30.19,27.0,4.92,-0.252,K3III,1.434,87.291762,48.720739,-41.462783,1.06e-06,3.798e-05,-2.521e-05,0.5090685424468804,-0.3931665656959375,3.01651072e-07,-1.4636525e-07,,56.0,Cet,1,9042,,109.84998450583755,,,
9076,9095.0,12055.0,574.0,,,,1.952792,-47.385277,76.1035,101.65,8.79,12.0,4.82,0.413,G8III,0.864,44.938717,25.210184,-56.006405,-9.02e-06,3.794e-05,-6.84e-06,0.5112398201146799,-0.8270291051176826,4.928131063e-07,4.2615122e-08,,,Phe,1,9076,,59.53878941276854,,,
9135,9153.0,11973.0,569.0,,9Lam Ari,,1.965478,23.596061,39.4945,-91.51,-14.45,-1.0,4.79,1.807,F0V,0.29,31.505782,17.812162,15.809093,8.77e-06,-1.517e-05,-2.94e-06,0.5145610260362581,0.41182895401371,-4.436529991e-07,-7.0055576e-08,Lam,9.0,Ari,1,9135,,16.489215731508327,,,
9217,9236.0,12311.0,591.0,Gl 83,Alp Hyi,,1.979451,-61.569859,22.0119,262.54,26.88,15.2,2.86,1.147,F0V,0.29,9.103629,5.191033,-19.357346,-5.26e-06,2.925e-05,-1.231e-05,0.5182191582610731,-1.0745967597182264,1.2728298369e-06,1.30317917e-07,Alp,,Hyi,1,9217,,30.283076942657782,,,
9328,9347.0,12274.0,585.0,,59Ups Cet,,2.000084,-21.077831,89.7666,133.01,-24.53,18.0,3.99,-0.776,K5/M0III,1.554,72.537969,41.881981,-32.283342,-1.739e-05,5.68e-05,-1.658e-05,0.5236207634434193,-0.3678775585919562,6.448506765e-07,-1.18924795e-07,Ups,59.0,Cet,1,9328,,177.99180203953355,,,
9460,9480.0,12111.0,575.0,,48    Cas,,2.032644,70.90702,35.2609,-54.46,-10.69,-5.0,4.49,1.754,A3IV,0.164,9.93903,5.852056,33.32112,4.77e-06,-7.99e-06,-5.43e-06,0.5321449237416087,1.2375609615174077,-2.640295304e-07,-5.1826582e-08,,48.0,Cas,1,9460,,17.314103128901543,,,
9467,9487.0,12446.0,595.0,,113Alp Psc,Alrescha,2.034117,2.763759,46.1681,33.29,-0.42,9.0,3.82,0.498,A2,0.024,39.728779,23.413015,2.226137,4.14e-06,1.109e-05,3.5e-07,0.5325304992016497,0.0482367021831012,1.613944743e-07,-2.036217e-09,Alp,113.0,Psc,1,9467,,55.05540984847944,Alp,3.832,3.812
9485,9505.0,12303.0,590.0,,4    Per,,2.038359,54.487541,223.2143,33.79,-3.4,-2.0,4.99,-1.754,B8III,-0.071,111.632689,65.954843,181.694021,-1.704e-05,3.24e-05,-3.8e-06,0.5336412464122482,0.9509869937679312,1.638185427e-07,-1.6483665e-08,,4.0,Per,1,9485,,438.126982022493,,,
9577,9598.0,12216.0,580.0,,50    Cas,,2.057268,72.421294,48.1696,-44.0,22.51,-14.0,3.95,0.536,A2V,-0.002,12.488444,7.46198,45.920103,-2.74e-06,-1.361e-05,-1.206e-05,0.5385914914673299,1.263990032901141,-2.133180194e-07,1.09131559e-07,,50.0,Cas,1,9577,,53.161839507396266,,,
9618,9640.0,12533.0,603.0,,57Gam1And,Almach,2.064984,42.329725,120.4819,43.08,-50.85,-12.0,2.1,-3.305,B8V,1.37,76.368059,45.840864,81.131974,-3.58e-06,2.72e-05,-3.022e-05,0.5406116765051688,0.738793066882135,2.088577336e-07,-2.46527756e-07,Gam-1,57.0,And,1,9618,,1828.1002161427427,,,
9655,9677.0,12767.0,612.0,,Nu  For,,2.074844,-29.296819,113.7656,12.56,8.54,19.0,4.68,-0.6,B9.5p (Si),-0.156,84.934027,51.281306,-55.669463,1.29e-05,1.588e-05,-5.4e-06,0.5431928128102349,-0.51132594872298,6.08925983e-08,4.1403088e-08,Nu,,For,1,9655,,151.3561248436207,Nu,4.69,4.66
9861,9884.0,12929.0,617.0,Gl 84.3,13Alp Ari,Hamal,2.119555,23.462423,20.1776,190.73,-145.77,-14.4,2.01,0.486,K2III,1.151,15.731986,9.751722,8.03361,-1.649e-05,1.173e-05,-1.894e-05,0.554898130994913,0.4094965332621075,9.246851329e-07,-7.06712902e-07,Alp,13.0,Ari,1,9861,,55.6672798150948,,,
9954,9977.0,13041.0,620.0,,58    And,,2.141454,37.859077,58.6854,154.22,-43.64,8.0,4.78,0.937,A5IV-V,0.12,39.240709,24.636572,36.016533,-1.14e-05,4.464e-05,-4.78e-06,0.5606314471970087,0.6607655497389625,7.476796582e-07,-2.1157269e-07,,58.0,And,1,9954,,36.74514791999399,,,
10030,10053.0,13174.0,623.0,,14    Ari,,2.157036,25.939892,88.4956,77.5,-33.1,1.0,4.98,0.245,F2III,0.339,67.224647,42.588967,38.710457,-1.177e-05,3.19e-05,-1.232e-05,0.5647108226427713,0.45273652585838,3.757306024e-07,-1.60473328e-07,,14.0,Ari,1,10030,,69.50243175887965,,,
10041,10064.0,13161.0,622.0,,4Bet Tri,,2.159058,34.987297,38.8954,148.78,-39.13,10.0,3.0,0.051,A5III,0.14,26.909766,17.068198,22.302471,-4.38e-06,3.044e-05,-1.8e-07,0.5652399794256968,0.6106435270585613,7.213057939e-07,-1.89707593e-07,Bet,4.0,Tri,1,10041,,83.0998041044432,,,
10256,10280.0,13480.0,642.0,,6    Tri,,2.206191,30.303067,89.1266,-64.59,-61.07,-18.0,4.94,0.19,F5V comp SB,0.77,64.466842,42.013918,44.970869,1.308e-05,-2.479e-05,-3.207e-05,0.5775793510148827,0.5288882853375024,-3.131411563e-07,-2.96075714e-07,,6.0,Tri,1,10256,,73.11390834834172,TZ,4.971,4.911
10300,10324.0,13611.0,649.0,,65Xi 1Cet,,2.216665,8.846717,117.5088,-26.23,-14.4,-4.0,4.36,-0.99,G8II:,0.878,97.101875,63.662733,18.071856,5.87e-06,-1.402e-05,-8.73e-06,0.5803216592920014,0.1544043441347625,-1.271666284e-07,-6.981317e-08,Xi-1,65.0,Cet,1,10300,,216.7704104819694,,,
10316,10340.0,13520.0,643.0,,60    And,,2.220369,44.231652,162.6016,-20.58,-15.25,-46.0,4.84,-1.216,K4III,1.476,97.371981,63.974858,113.424253,-1.226e-05,-2.746e-05,-4.143e-05,0.5812912709717647,0.7719879590767474,-9.97746555e-08,-7.3934086e-08,,60.0,And,1,10316,,266.931606362429,,,
10578,10602.0,14228.0,674.0,,Phi Eri,,2.275154,-51.512165,47.1254,90.75,-21.9,10.0,3.56,0.194,B8IV-V,-0.12,24.277871,16.454316,-36.88702,-9.6e-06,1.854e-05,-1.112e-05,0.5956338357236322,-0.899056877024215,4.399684151e-07,-1.06174196e-07,Phi,,Eri,1,10578,,72.84504232923301,,,
10620,10644.0,13974.0,660.0,Gl 92,8Del Tri,,2.284191,34.224231,10.784,1151.61,-246.32,-6.6,4.84,4.676,G0V,0.607,7.36921,5.020051,6.065246,-3.252e-05,5.069e-05,-1.444e-05,0.5979999336747333,0.5973255168107513,5.5831628266e-06,-1.194193057e-06,Del,8.0,Tri,1,10620,,1.1738159324832202,,,
10645,10670.0,14055.0,664.0,,9Gam Tri,,2.288573,33.847194,34.4353,44.91,-52.42,14.0,4.03,1.345,A1Vnn,0.019,23.617959,16.128369,19.179839,9.62e-06,1.565e-05,7.1e-07,0.5991469431359594,0.5907449692808537,2.177298239e-07,-2.54139331e-07,Gam,9.0,Tri,1,10645,,25.234807724805755,,,
10800,10826.0,14386.0,681.0,,68Omi Cet,Mira,2.322442,-2.977643,91.659,10.33,-239.48,64.0,6.47,1.659,M5e-M9e,0.966,75.131148,52.288786,-4.761374,4.649e-05,3.795e-05,-0.00010967,0.6080139982109655,-0.0519696670282675,5.00812532e-08,-1.161031802e-06,Omi,68.0,Cet,1,10800,,18.897310544316767,Omi,8.511,4.871
10975,11001.0,15008.0,705.0,Gl 97.1,Del Hyi,,2.362498,-68.659418,42.8266,-50.07,2.38,6.0,4.08,0.921,A3V,0.034,12.697968,9.036411,-39.890188,8.22e-06,-6.91e-06,-5.54e-06,0.6185006009706638,-1.1983329070375563,-2.427462099e-07,1.1538565e-08,Del,,Hyi,1,10975,,37.290653996215255,,,
11286,11313.0,14872.0,699.0,,65    And,,2.42706,50.278631,113.2503,23.79,-14.35,-5.0,4.73,-0.54,K4III,1.532,58.248225,42.953597,87.10771,-5.5e-06,1.217e-05,-8.97e-06,0.6354027362002778,0.8775276532558237,1.153371746e-07,-6.9570763e-08,,65.0,And,1,11286,,143.21878992735438,,,
11318,11345.0,15130.0,708.0,,72Rho Cet,,2.432501,-12.29048,139.8601,-11.71,-11.37,10.0,4.88,-0.848,A0V,-0.027,109.868541,81.261421,-29.771764,1.144e-05,-1.42e-06,-9.71e-06,0.6368274032477825,-0.2145093353290062,-5.6771682e-08,-5.5123315e-08,Rho,72.0,Cet,1,11318,,190.1953960442308,,,
11380,11407.0,15371.0,721.0,,Kap Eri,,2.449755,-47.70384,155.7632,19.97,-5.44,28.0,4.24,-1.722,B5IV,-0.136,83.993856,62.712836,-115.214518,3.99e-06,2.179e-05,-2.395e-05,0.641344257151305,-0.83258907477131,9.6817292e-08,-2.6373864e-08,Kap,,Eri,1,11380,,425.402462944068,,,
11457,11484.0,15318.0,718.0,,73Xi 2Cet,,2.469317,8.460054,59.2066,41.72,-14.46,11.0,4.3,0.438,B9III,-0.053,46.745585,35.276211,8.71048,2.16e-06,1.663e-05,-2.45e-06,0.6464657508123409,0.1476557885894925,2.022642675e-07,-7.0104058e-08,Xi-2,73.0,Cet,1,11457,,58.1835211048072,,,
11542,11569.0,15089.0,707.0,,Iot Cas,,2.484437,67.402474,40.7332,-27.92,37.06,1.0,4.46,1.41,A5p Sr,0.153,12.456271,9.477611,37.605991,-1.73e-06,-8.24e-06,3.76e-06,0.6504239886001785,1.1763950921295625,-1.353599796e-07,1.7967195e-07,Iot,,Cas,1,11542,,23.76840286624876,Iot,4.477,4.447
11734,11767.0,8890.0,424.0,,1Alp UMi,Polaris,2.52975,89.264109,132.626,44.22,-11.74,-17.0,1.97,-3.643,F7:Ib-IIv SB,0.636,1.3431,1.047629,132.614909,-1.171e-05,2.692e-05,-1.748e-05,0.6622870748653336,1.5579526129751475,2.143846095e-07,-5.6917126e-08,Alp,1.0,UMi,1,11734,,2495.743794831569,Alp,1.993,1.953
11755,11783.0,15798.0,740.0,,76Sig Cet,,2.534786,-15.244677,26.6951,-80.92,-146.84,-29.0,4.74,2.608,F5V,0.454,20.289578,15.864382,-7.019183,-2.003e-05,-2.895e-05,-1.054e-05,0.6636054522767348,-0.26606980312857,-3.923112303e-07,-7.11900408e-07,Sig,76.0,Cet,1,11755,,7.884969177453771,,,
11888,11918.0,16046.0,749.0,,Ome For,,2.564085,-28.232343,148.368,-12.69,-1.4,10.0,4.96,-0.897,B9V,-0.05,102.355734,81.304512,-70.185255,1.236e-05,-1.84e-06,-5.73e-06,0.6712758066750094,-0.4927473483896712,-6.15228561e-08,-6.787391e-09,Ome,,For,1,11888,,198.9756811090657,,,
12062,12093.0,16161.0,754.0,,78Nu  Cet,,2.597909,5.593246,104.2753,-28.89,-22.76,5.0,4.87,-0.221,G8III,0.88,80.687079,65.266003,10.163258,1.401e-05,-7.45e-06,-1.095e-05,0.6801309654516172,0.0976205634935612,-1.400626723e-07,-1.10343593e-07,Nu,78.0,Cet,1,12062,,106.7578945099494,,,
12082,12114.0,16160.0,753.0,Gl 105A,,268 G. Cet,2.601357,6.88687,7.1803,1806.27,1442.5,26.0,5.79,6.509,K3V,0.918,5.538462,4.488223,0.861013,-2.374e-05,6.168e-05,5.304e-05,0.681033735135593,0.1201985615767425,8.7570440678e-06,6.993437342e-06,,,Cet,1,12082,Gl 105,0.2169701553800851,,,
12159,12191.0,16175.0,,,,Buna,2.6172,42.062633,57.8704,-38.74,-39.91,0.0,7.28,3.468,G0,0.656,33.267021,27.188006,38.769845,1.269e-05,-3.67e-06,-8.31e-06,0.6851812706028263,0.7341314379700338,-1.878168198e-07,-1.93489139e-07,,,And,1,12159,,3.5710834580834563,,,
12355,12387.0,16582.0,779.0,,82Del Cet,,2.658044,0.328511,199.2032,14.44,-2.53,13.0,4.08,-2.416,B2IV,-0.212,152.884758,127.698502,1.142144,1.28e-06,1.923e-05,-2.37e-06,0.6958741675620854,0.0057335916743725,7.00070955e-08,-1.2265786e-08,Del,82.0,Cet,1,12355,,806.1205638638912,Del,4.092,4.062
12357,12390.0,16620.0,781.0,Gl 105.4A,83Eps Cet,,2.659398,-11.872156,21.4823,172.01,-236.31,15.7,4.83,3.17,F5V,0.447,16.130169,13.482598,-4.419553,-3.32e-06,2.057e-05,-2.739e-05,0.6962287128701043,-0.20720820955307,8.339280119e-07,-1.145663208e-06,Eps,83.0,Cet,1,12357,Gl 105.4,4.698941086052153,,,
12360,12394.0,16978.0,806.0,,Eps Hyi,,2.659799,-68.266946,46.5549,87.4,0.56,6.0,4.12,0.78,B9III,-0.061,13.225285,11.057012,-43.245786,-1.082e-05,1.667e-05,-5.65e-06,0.696333620612622,-1.191482980244135,4.237271568e-07,2.714956e-09,Eps,,Hyi,1,12360,,42.46195639463128,,,
12381,12413.0,16754.0,789.0,,,,2.663326,-42.89167,35.6888,92.11,-15.07,18.0,4.74,1.977,A2V,0.061,20.044606,16.789617,-24.290419,-1.25e-06,1.974e-05,-1.444e-05,0.6972570744164601,-0.7486008602874338,4.465618812e-07,-7.3061421e-08,,,Eri,1,12381,,14.099379493587232,,,
12452,12486.0,16815.0,794.0,,Iot Eri,,2.677781,-39.855375,46.1894,135.17,-27.34,-9.0,4.11,0.787,K0III,1.006,27.095858,22.870882,-29.600515,-2.792e-05,1.604e-05,1.2e-06,0.701041347073205,-0.695607525795525,6.55322652e-07,-1.3254806e-07,Iot,,Eri,1,12452,,42.18907465677975,,,
12590,12623.0,16739.0,788.0,Gl 105.6,12    Per,,2.704144,40.193944,24.1896,-16.84,-182.29,-22.8,4.91,2.992,F9V,0.582,14.037312,12.015355,15.611278,-1.77e-06,-4.11e-06,-3.138e-05,0.7079432876270416,0.7015166580399925,-8.16426238e-08,-8.83766858e-07,,12.0,Per,1,12590,,5.536049950434,,,
12673,12706.0,16970.0,804.0,Gl 106.1A,86Gam Cet,Kaffaljidhma,2.721678,3.235818,24.4081,-146.43,-145.27,-5.1,3.47,1.532,A3V,0.093,18.440324,15.931398,1.377729,8.12e-06,-1.588e-05,-1.746e-05,0.7125335102641163,0.0564756864727112,-7.099126724e-07,-7.04288833e-07,Gam,86.0,Cet,1,12673,Gl 106.1,21.242224773886967,,,
12686,12719.0,16908.0,801.0,,35    Ari,,2.724198,27.707146,105.1525,3.51,-9.97,13.0,4.65,-0.459,B3V,-0.122,70.405829,60.907841,48.89097,9.52e-06,1.06e-05,1.68e-06,0.7131933458984016,0.4835809320606737,1.70169602e-08,-4.8335923e-08,,35.0,Ari,1,12686,,132.92295883156825,,,
12737,12770.0,17081.0,811.0,,89Pi  Cet,,2.735375,-13.858696,120.4819,-7.58,-8.4,15.0,4.24,-1.165,B7IV,-0.122,88.240919,76.789504,-28.858845,1.326e-05,5.67e-06,-8.44e-06,0.7161194994473264,-0.2418798803380537,-3.6748877e-08,-4.0724349e-08,Pi,89.0,Cet,1,12737,,254.6830252585042,,,
12744,12777.0,16895.0,799.0,Gl 107A,13The Per,,2.736634,49.228448,11.1272,334.03,-89.96,24.4,4.1,3.868,F7V,0.514,5.480091,4.772164,8.42701,3.23e-06,2.67e-05,1.573e-05,0.7164491349524502,0.8591984967891138,1.6194231372e-06,-4.36138387e-07,The,13.0,Per,1,12744,Gl 107,2.470586136038431,,,
12795,12828.0,17094.0,813.0,GJ 9099,87Mu  Cet,,2.749039,10.114146,25.7732,285.17,-30.4,30.4,4.27,2.214,F1III-IV,0.311,19.080598,16.72475,4.526074,3e-08,4.741e-05,1.72e-06,0.7196966752527623,0.1765251463956175,1.3825431728e-06,-1.47383358e-07,Mu,87.0,Cet,1,12795,,11.334438229710342,,,
12810,12843.0,17206.0,818.0,Gl 111,1Tau1Eri,,2.751715,-18.572563,14.2207,330.93,36.28,25.6,4.47,3.705,F5/F6V,0.481,10.131041,8.892749,-4.529443,4.2e-06,3.404e-05,-5.97e-06,0.7203973354467393,-0.3241523669589737,1.6043939131e-06,1.75890403e-07,Tau-1,1.0,Eri,1,12810,,2.8707805820246897,,,
12843,12876.0,17566.0,837.0,,Zet Hyi,,2.759048,-67.616617,87.184,66.5,44.02,4.0,4.83,0.128,A2IV/V,0.058,24.908967,21.949375,-80.615286,-4.51e-06,3.349e-05,3.3e-06,0.7223169730096037,-1.1801325936189075,3.224010976e-07,2.13414982e-07,Zet,,Hyi,1,12843,,77.41052270741217,,,
12928,12961.0,,,,,Koeia,2.778575,-23.086611,23.015,292.67,141.42,0.0,10.25,8.44,M0,1.389,15.812912,14.078244,-9.024692,-1.709e-05,2.85e-05,1.451e-05,0.7274292964117403,-0.4029373747943138,1.4189041989e-06,6.85623507e-07,,,Eri,1,12928,,0.0366437574647833,,,
13028,13061.0,17361.0,824.0,,39    Ari,Lilii Borea,2.79848,29.247118,52.6039,148.42,-125.76,-15.0,4.52,0.915,K1III,1.112,34.120953,30.698125,25.701009,-2.362e-05,2.966e-05,-3.548e-05,0.732640352154066,0.510458508110265,7.195604647e-07,-6.09701684e-07,,39.0,Ari,1,13028,,37.49730022454834,,,
13114,13147.0,17652.0,841.0,,Bet For,,2.818169,-32.405898,52.9381,86.96,158.96,17.0,4.45,0.831,G8III,0.981,33.071703,30.064017,-28.370335,1.203e-05,4.109e-05,2.512e-05,0.7377950459472953,-0.5655896107265225,4.215939766e-07,7.70659826e-07,Bet,,For,1,13114,,40.5135220229264,,,
13159,13192.0,17156.0,,,,Nushagak,2.828992,71.753232,75.0188,91.0,-32.45,0.0,8.17,3.794,G5,0.643,17.335912,15.849496,71.246614,-1.406e-05,3.199e-05,-3.7e-06,0.7406283633289314,1.2523301484321587,4.411804493e-07,-1.57322039e-07,,,Cas,1,13159,,2.6448436268543603,,,
13176,13209.0,17573.0,838.0,,41    Ari,Bharani,2.833063,27.260507,50.7872,65.47,-116.59,4.0,3.61,0.081,B8Vn,-0.1,33.287607,30.498162,23.26243,1.49e-06,2.322e-05,-2.364e-05,0.7416942123157708,0.4757856031126375,3.174075167e-07,-5.6524427e-07,,41.0,Ari,1,13176,,80.83510373900673,,,
13210,13244.0,18293.0,872.0,,Nu  Hyi,,2.841255,-75.066947,104.0583,-33.95,-27.18,5.0,4.76,-0.326,K3III,1.337,19.732423,18.156708,-100.544043,2.82e-06,-2.068e-05,-8.47e-06,0.7438387468003602,-1.3101653850081325,-1.645942445e-07,-1.31772358e-07,Nu,,Hyi,1,13210,,117.59801740658484,,,
13221,13254.0,17584.0,840.0,,16    Per,,2.843063,38.318644,37.0233,195.68,-108.92,14.0,4.22,1.378,F2III,0.343,21.366064,19.67884,22.955795,-6.61e-06,4.165e-05,-6.46e-06,0.7443122629798385,0.668786495483225,9.486834101e-07,-5.2805906e-07,,16.0,Per,1,13221,,24.479356661960654,,,
13234,13268.0,17506.0,834.0,,15Eta Per,Miram,2.844945,55.895496,269.5418,16.64,-13.76,-1.0,3.77,-3.383,K3Ib comp SB,1.69,111.116108,102.442422,223.184985,-4.21e-06,2.569e-05,-1.093e-05,0.7448048908887189,0.9755604422843326,8.06729964e-08,-6.6710362e-08,Eta,15.0,Per,1,13234,,1964.264645879858,,,
13254,13288.0,17824.0,850.0,,2Tau2Eri,Angetenar,2.850645,-21.004019,57.3066,-39.0,-16.63,-9.0,4.76,0.969,K0III,0.906,39.279245,36.32166,-20.540573,-1.7e-07,-1.491e-05,-1.01e-06,0.7462971985733151,-0.3665892924645063,-1.890773354e-07,-8.0624515e-08,Tau-2,2.0,Eri,1,13254,,35.67795882885623,,,
13294,13328.0,17709.0,843.0,,17    Per,,2.858566,35.059741,143.2665,9.29,-63.02,14.0,4.56,-1.221,K5III,1.554,85.936298,79.796835,82.296682,2.262e-05,2.981e-05,-2.76e-05,0.7483707340929207,0.6119079136161663,4.50391909e-08,-3.05529581e-07,,17.0,Per,1,13294,,268.163706676073,,,
13497,13531.0,17878.0,854.0,,18Tau Per,,2.904295,52.762479,77.9423,-1.99,-4.53,2.0,3.93,-0.529,G4III...,0.758,34.175398,32.504346,62.052515,2.4e-06,1.25e-06,5.9e-07,0.7603426015818179,0.9208789768319836,-9.6477922e-09,-2.1962059e-08,Tau,18.0,Per,1,13497,,141.77511231219995,Tau,3.945,3.925
13667,13701.0,18322.0,874.0,,3Eta Eri,Azha,2.940458,-8.898144,41.8585,77.73,-219.99,-20.0,3.89,0.781,K1III-IV,1.088,29.694338,28.782724,-6.474577,-3.045e-05,-7.54e-06,-4.094e-05,0.7698101253996465,-0.1553019172391312,3.768456739e-07,-1.066541615e-06,Eta,3.0,Eri,1,13667,,42.42286549229506,,,
13813,13847.0,18622.0,897.0,,The1Eri,Acamar,2.971023,-40.304672,49.4315,-53.53,25.71,12.0,2.88,-0.59,A4III+...,0.128,26.85749,26.453029,-31.974932,1.851e-05,2.3e-07,-3.24e-06,0.777812118193322,-0.7034492363510262,-2.595207632e-07,1.24645597e-07,The-1,,Eri,1,13813,,149.96848355023724,,,
13845,13879.0,18411.0,879.0,,22Pi  Per,,2.979352,39.662728,94.9668,25.88,-40.67,14.0,4.68,-0.208,A2Vn,0.065,51.973098,51.41424,60.614272,7.95e-06,2.463e-05,-5.27e-06,0.7799924088605796,0.6922452017299238,1.254697805e-07,-1.97173723e-07,Pi,22.0,Per,1,13845,,105.48725713234374,,,
13850,13884.0,18866.0,909.0,,Bet Hor,,2.979939,-64.071284,90.3342,22.96,5.39,24.0,4.98,0.201,A5III,0.126,28.076248,27.782942,-81.241239,2.07e-06,1.619e-05,-2.104e-05,0.7801461309906842,-1.1182548613497512,1.113132211e-07,2.6131457e-08,Bet,,Hor,1,13850,,72.37690370745293,,,
13871,13905.0,18449.0,882.0,,24    Per,,2.984356,35.183128,112.8668,-46.49,5.81,-36.0,4.94,-0.323,K2III,1.235,65.495403,64.961056,65.032724,-4.75e-06,-4.054e-05,-1.862e-05,0.7813026478385492,0.6140614284671475,-2.253898801e-07,2.8167674e-08,,24.0,Per,1,13871,,117.27353057793782,,,
13880,13914.0,18519.0,887.0,,48Eps Ari,,2.986868,21.340429,101.9368,-13.04,-6.55,-6.0,4.63,-0.412,A2Vs,0.048,67.368381,66.906756,37.095654,1.32e-06,-7.77e-06,-5.25e-06,0.7819603168275905,0.37246074614116,-6.32197039e-08,-3.1755296e-08,Eps,48.0,Ari,1,13880,,127.29167461935602,,,
13920,13954.0,18604.0,896.0,,91Lam Cet,,2.99525,8.907365,176.6784,9.22,-14.92,10.0,4.71,-1.526,B6III,-0.109,123.577264,123.270329,27.356434,2.98e-06,1.412e-05,-1.104e-05,0.7841547361234368,0.1554628430757412,4.46998213e-08,-7.2334201e-08,Lam,91.0,Cet,1,13920,,355.1403349828821,,,
13959,13993.0,18742.0,,,,Ayeyarwady,3.002961,-20.802604,135.318,-18.14,-22.2,0.0,7.81,2.153,G8/K0IV,0.936,89.377224,89.515869,-48.058112,4.77e-06,-1.207e-05,-1.361e-05,0.7861732404794856,-0.3630739267505737,-8.79452017e-08,-1.07628637e-07,,,Eri,1,13959,,11.989470404794204,,,
14100,14135.0,18884.0,911.0,,92Alp Cet,Menkar,3.037992,4.089734,76.3942,-11.81,-78.76,-26.0,2.54,-1.875,M2III,1.63,53.342561,54.414384,5.448321,-1.399e-05,-2.052e-05,-3.099e-05,0.7953445140056629,0.0713793229065275,-5.72564957e-08,-3.81839254e-07,Alp,92.0,Cet,1,14100,,489.7788193684461,Alp,2.561,2.521
14112,14146.0,18978.0,919.0,Gl 121,11Tau3Eri,,3.039863,-23.624472,27.1739,-145.96,-55.76,-9.8,4.08,1.909,A4V,0.163,17.419759,17.787178,-10.889644,5.25e-06,-2.212e-05,-2.71e-06,0.7958343542020788,-0.412324813405945,-7.076340481e-07,-2.70332108e-07,Tau-3,11.0,Eri,1,14112,,15.010667325703686,,,
14292,14328.0,18925.0,915.0,,23Gam Per,,3.079942,53.50644,74.5712,0.5,-4.19,3.0,2.91,-1.453,G8III+...,0.716,30.696986,32.009546,59.949578,1.98e-06,2.32e-06,1.57e-06,0.8063268792105985,0.9338635492551862,2.4240684e-09,-2.0313693e-08,Gam,23.0,Per,1,14292,,332.04733579750683,Gam,2.922,2.902
14318,14354.0,19058.0,921.0,,25Rho Per,,3.08627,38.840274,94.3396,128.69,-106.61,28.0,3.32,-1.553,M3IIIvar,1.528,50.772204,53.119196,59.165375,-6.01e-06,7.889e-05,-2.002e-05,0.8079835981838482,0.67789065947619,6.239067255e-07,-5.16859864e-07,Rho,25.0,Per,1,14318,,364.0826637894008,Rho,3.462,3.262
14346,14382.0,18970.0,918.0,,,,3.092338,56.705719,64.7249,-13.49,70.34,-45.0,4.77,0.715,K0II-III,1.018,24.508776,25.723305,54.100758,-2.709e-05,-3.457e-05,-2.635e-05,0.8095722677380518,0.9897015009069924,-6.54013655e-08,3.41017942e-07,,,Per,1,14346,,45.08167045414601,,,
14540,14576.0,19356.0,936.0,,26Bet Per,Algol,3.136148,40.955648,27.571,2.39,-1.44,4.0,2.09,-0.112,B8V,-0.003,14.189428,15.238793,18.072114,1.96e-06,2.57e-06,2.54e-06,0.821041501386661,0.7148108979134763,1.1587047e-08,-6.981317e-09,Bet,26.0,Per,1,14540,,96.56060985415496,Bet,2.213,2.073
14596,14632.0,19373.0,937.0,Gl 124,Iot Per,,3.151005,49.613278,10.5407,1262.29,-91.53,49.5,4.05,3.936,G0V,0.595,4.634786,5.016825,8.029067,-2.27e-05,7.048e-05,3.553e-05,0.8249312928528225,0.8659150461878412,6.1197546083e-06,-4.43749961e-07,Iot,,Per,1,14596,,2.320598461598921,,,
14632,14668.0,19476.0,941.0,,27Kap Per,Misam,3.158258,44.857544,34.5662,173.01,-142.05,29.0,3.79,1.097,K0III,0.98,16.593574,18.028979,24.381331,4.28e-06,4.746e-05,4.05e-06,0.8268300972913014,0.7829118300689613,8.387761487e-07,-6.88677833e-07,Kap,27.0,Per,1,14632,,31.71027438947892,,,
14781,14817.0,19656.0,947.0,,28Ome Per,,3.188163,39.611582,88.3392,-26.21,4.78,7.0,4.61,-0.121,K1III,1.115,45.694336,50.433482,56.323324,1.114e-05,-4.42e-06,6.14e-06,0.8346590741404254,0.6913525327733137,-1.270696657e-07,2.3174093e-08,Ome,28.0,Per,1,14781,,97.36435697988868,,,
14802,14838.0,19787.0,951.0,,57Del Ari,Botein,3.193822,19.726677,52.0291,154.61,-8.39,25.0,4.35,0.769,K2IIIvar,1.033,32.830084,36.343153,17.561644,-1.233e-05,4.453e-05,6.64e-06,0.8361406877412756,0.3442954700861638,7.495704315e-07,-4.0675867e-08,Del,57.0,Ari,1,14802,,42.89434099967816,,,
14826,14862.0,19275.0,932.0,,,,3.198957,74.393659,50.7099,14.46,-86.21,10.0,4.85,1.325,A2Vnn,0.035,9.131248,10.135747,48.840454,1.286e-05,1.959e-05,4.15e-06,0.8374851094105092,1.2984142948686026,7.01040582e-08,-4.17957874e-07,,,Cas,1,14826,,25.703957827688637,,,
14843,14879.0,20010.0,963.0,Gl 127A,Alp For,Dalim,3.201249,-28.987618,14.2369,371.49,612.26,-20.0,3.8,3.033,F8V,0.543,8.329775,9.25728,-6.899408,-1.733e-05,1.907e-05,4.687e-05,0.8380850470504916,-0.5059293771979,1.8010343419e-06,2.96832024e-06,Alp,,For,1,14843,Gl 127,5.330893422367013,,,
15072,15110.0,20150.0,972.0,,58Zet Ari,,3.24836,21.044441,80.3859,-29.83,-77.15,7.0,4.87,0.344,A1V,-0.007,49.491233,56.385083,28.865954,2.027e-05,5.47e-06,-2.549e-05,0.850418756575692,0.3672947872046525,-1.446199209e-07,-3.74033754e-07,Zet,58.0,Ari,1,15072,,63.4453795775714,,,
15159,15197.0,20320.0,984.0,,13Zet Eri,Zibal,3.263896,-8.81973,33.6474,-3.82,45.52,-4.0,4.8,2.165,A5m,0.232,21.831836,25.077889,-5.15902,-1.44e-06,-2.6e-06,7.96e-06,0.8544858979510274,-0.1539333249871137,-1.85198826e-08,2.20687187e-07,Zet,13.0,Eri,1,15159,,11.857687481671595,,,
15344,15382.0,20610.0,994.0,,15    Eri,,3.30614,-22.511118,78.3085,12.55,13.07,24.0,4.86,0.391,K0III,0.904,46.893889,55.084739,-29.981486,1.23e-05,2.18e-05,-4.81e-06,0.8655453483860229,-0.392893126554955,6.08441169e-08,6.3365148e-08,,15.0,Eri,1,15344,,60.75751461057411,,,
15378,15416.0,20468.0,991.0,,,,3.312174,34.222653,361.0108,1.29,-8.68,2.0,4.85,-2.938,K2II,1.491,193.13896,227.601514,203.036213,4.9e-06,9.26e-06,-1.141e-05,0.8671249977233442,0.5972979657840137,6.2540965e-09,-4.2081827e-08,,,Per,1,15378,,1303.767047138214,,,
15419,15457.0,20630.0,996.0,Gl 137,96Kap1Cet,,3.322693,3.370198,9.1399,268.88,93.53,18.9,4.84,5.035,G5Vvar,0.681,5.88441,6.973226,0.537318,3.18e-06,2.224e-05,5.27e-06,0.8698790592114625,0.0588210486545562,1.3035670243e-06,4.53446235e-07,Kap-1,96.0,Cet,1,15419,,0.843334757764275,Kap-1,4.864,4.824
15436,15474.0,20720.0,1003.0,,16Tau4Eri,,3.325278,-21.757864,93.3707,51.35,32.2,42.0,3.7,-1.151,M3/M4III,1.614,55.881991,66.313063,-34.611249,1.142e-05,4.962e-05,-2.39e-06,0.8705556573284685,-0.3797463610374562,2.48951825e-07,1.56110005e-07,Tau-4,16.0,Eri,1,15436,,251.420103015902,Tau-4,3.73,3.66
15471,15510.0,20794.0,1008.0,Gl 139,,82 G. Eri,3.331944,-43.069784,6.0434,3038.08,726.34,86.7,4.26,5.354,G8V,0.711,2.839238,3.381499,-4.127499,-1.715e-05,0.00011797,-4.501e-05,0.8723007989903294,-0.7517095357877388,1.47290274662e-05,3.521395687e-06,,,Eri,1,15471,,0.6286370884130494,,,
15481,15520.0,20336.0,985.0,,,,3.333129,65.652292,233.6449,11.27,-14.32,-3.0,4.74,-2.103,B2.5Vne,-0.108,61.920738,73.786336,212.864571,-1.09e-06,1.856e-05,-9.48e-06,0.8726110510868907,1.1458486615284589,5.46385018e-08,-6.9425319e-08,,,Cam,1,15481,,604.226822049881,BK,4.762,4.712
15510,15549.0,20644.0,999.0,,,,3.338989,29.048458,166.3894,-8.21,-16.42,-2.0,4.47,-1.636,K2II-III,1.555,93.334252,111.566498,80.790225,8.06e-06,-6.9e-07,-1.257e-05,0.8741453527219722,0.5069912414439475,-3.98032032e-08,-7.9606406e-08,,,Ari,1,15510,,393.0067413418535,,,
15539,15578.0,20868.0,,,,Intan,3.345183,-33.730104,46.2107,293.78,95.99,0.0,9.92,6.596,K3/K4IV,1.037,24.611899,29.516952,-25.659946,-4.29e-05,5.132e-05,1.788e-05,0.8757669184992689,-0.5887013679893037,1.4242856307e-06,4.65372651e-07,,,For,1,15539,,0.2002626690340901,,9.973,9.843
15609,15648.0,20677.0,1002.0,,32    Per,,3.357381,43.329651,46.1681,-60.43,-0.38,-7.0,4.96,1.638,A3V,0.051,21.424658,25.861789,31.680272,7.13e-06,-1.259e-05,-4.97e-06,0.8789603094870624,0.7562450688799537,-2.929729072e-07,-1.842291e-09,,32.0,Per,1,15609,,19.266374595240805,,,
15824,15863.0,20902.0,1017.0,,33Alp Per,Mirfak,3.405378,49.86118,155.2795,24.11,-26.01,-2.0,1.79,-4.166,F5Ib,0.481,62.885098,77.880689,118.708804,-5.55e-06,2.202e-05,-1.419e-05,0.8915260037750609,0.8702417516246674,1.168885784e-07,-1.26100038e-07,Alp,33.0,Per,1,15824,,4040.173353730007,,,
15861,15900.0,21120.0,1030.0,,1Omi Tau,,3.413554,9.02887,89.2061,-74.25,-80.31,-21.0,3.61,-1.142,G8III,0.887,55.200207,68.663325,13.999272,1.515e-05,-3.24e-05,-3.767e-05,0.8936663372261192,0.1575835061536725,-3.599741578e-07,-3.89353866e-07,Omi,1.0,Tau,1,15861,,249.344618809783,,,
16044,16083.0,21364.0,1038.0,,2Xi  Tau,,3.45282,9.73268,64.1026,53.61,-38.12,-2.0,3.73,-0.304,B9Vn,-0.082,39.077692,49.645163,10.836642,-1.31e-05,1.029e-05,-1.202e-05,0.9039461732003738,0.1698673059039687,2.599086141e-07,-1.84810975e-07,Xi,2.0,Tau,1,16044,,115.23913771994866,Xi,3.812,3.722
16108,16147.0,21278.0,1034.0,,,,3.467517,49.062866,160.7717,21.94,-26.83,2.0,4.99,-1.041,B5V,-0.091,64.836812,83.02553,121.451613,-2.93e-06,2.403e-05,-1.216e-05,0.9077939507210632,0.8563085558392876,1.063681215e-07,-1.3007551e-07,,,Per,1,16108,,227.1956437735269,,,
16187,16228.0,21291.0,1035.0,,,,3.484482,59.94033,595.2381,-0.82,-1.85,-7.0,4.21,-4.663,B9Ia,0.419,182.465205,235.803468,515.18103,2.5e-06,-6.3e-07,-8.87e-06,0.9122351602146184,1.0461561135207862,-3.9754722e-09,-8.969053e-09,,,Cam,1,16187,,6385.574850788397,CS,4.242,4.182
16203,16244.0,21428.0,1044.0,,34    Per,,3.489456,49.508948,165.2893,22.16,-29.18,-2.0,4.67,-1.421,B3V,-0.096,65.571385,84.96773,125.70372,-4e-06,2.387e-05,-1.674e-05,0.9135375610537266,0.8640941551494788,1.074347116e-07,-1.41468631e-07,,34.0,Per,1,16203,,322.4036871918187,,,
16204,16245.0,22001.0,1083.0,Gl 143.2A,Kap Ret,,3.489558,-62.937527,21.6826,383.05,373.11,12.0,4.71,3.029,F5IV-V,0.41,6.026531,7.809946,-19.30869,-7.13e-06,5.667e-05,6.91e-06,0.9135642244395294,-1.0984670762271738,1.8570788034e-06,1.808888323e-06,Kap,,Ret,1,16204,Gl 143.2,5.35056938173137,,,
16241,16281.0,21389.0,1040.0,,,,3.49854,58.87875,769.2308,-1.94,-1.14,-6.0,4.55,-4.88,A0Ia SB:,0.489,242.150448,315.326967,658.519557,6.02e-06,-4.04e-06,-7.45e-06,0.9159156907028778,1.0276280396398436,-9.4053854e-09,-5.526875e-09,,,Cam,1,16241,,7798.301105232594,CE,4.569,4.529
16294,16335.0,21552.0,1052.0,,35Sig Per,,3.509579,47.995216,110.2536,1.56,18.13,16.0,4.36,-0.852,K3III,1.367,44.768095,58.646849,81.928338,1.61e-06,3.49e-06,1.864e-05,0.9188055381770672,0.8376745440962999,7.5630934e-09,8.789672e-08,Sig,35.0,Per,1,16294,,190.89739411235064,,,
16300,16341.0,21790.0,1070.0,,17    Eri,,3.510294,-5.075145,123.9157,13.31,7.34,15.0,4.74,-0.726,B9Vs,-0.092,74.875272,98.125761,-10.961868,3.15e-06,1.731e-05,3.03e-06,0.9189927626261328,-0.0885779976284149,6.45287009e-08,3.5585324e-08,,17.0,Eri,1,16300,,169.98085132034964,,,
16328,16369.0,21754.0,1066.0,,5    Tau,,3.514549,12.936678,104.9318,18.94,-1.55,15.0,4.14,-0.965,K0II-III...,1.112,61.947656,81.371655,23.491538,1.5e-06,1.787e-05,2.67e-06,0.920106892457472,0.225787626247145,9.18237111e-08,-7.514612e-09,,5.0,Tau,1,16328,,211.83611352485025,,,
16496,16537.0,22049.0,1084.0,Gl 144,18Eps Eri,Ran,3.548848,-9.458262,3.2161,-976.44,17.97,16.9,3.72,6.183,K2V,0.881,1.89897,2.541426,-0.528523,2.243e-05,4.58e-06,-2.56e-06,0.9290861752463538,-0.1650778156910925,-4.7339147024e-06,8.7121018e-08,Eps,18.0,Eri,1,16496,,0.2929543829769431,Eps,3.735,3.715
16570,16611.0,22203.0,1088.0,,19Tau5Eri,,3.563132,-21.632883,89.9281,44.91,-27.47,14.0,4.26,-0.509,B9V,-0.106,49.785855,67.151682,-33.152769,-1.043e-05,1.881e-05,-1.641e-05,0.9328256951359596,-0.3775650293102825,2.177298239e-07,-1.33178318e-07,Tau-5,19.0,Eri,1,16570,,139.1874248839297,,,
16785,16826.0,22192.0,1087.0,,37Psi Per,,3.608159,48.192634,178.8909,21.41,-27.58,-1.0,4.32,-1.943,B5Ve,-0.058,69.8893,96.627834,133.343535,-5e-06,2.477e-05,-1.671e-05,0.9446138282378288,0.8411201310233863,1.03798609e-07,-1.33711613e-07,Psi,37.0,Per,1,16785,,521.4347854144579,Psi,4.378,4.268
16811,16852.0,22484.0,1101.0,Gl 147,10    Tau,,3.614551,0.401662,13.9626,-232.69,-482.0,27.9,4.29,3.565,F9V,0.575,8.163865,11.327087,0.097883,2.959e-05,1.413e-05,-3.242e-05,0.9462872070116588,0.007010316983025,-1.1281129533e-06,-2.33680194e-06,,10.0,Tau,1,16811,,3.2658783217233576,,,
16829,16870.0,22663.0,1106.0,,,,3.618244,-40.274545,70.7714,2.77,-14.23,12.0,4.57,0.321,K0III,1.023,31.528759,43.834385,-45.750304,2.85e-06,5.59e-06,-1.166e-05,0.9472541595067158,-0.7029234196536275,1.3429339e-08,-6.8988986e-08,,,Eri,1,16829,,64.8037294192291,,,
17055,17096.0,23079.0,,,,Tupi,3.661992,-52.915838,33.8868,-193.62,-91.92,0.0,7.12,4.47,F8/G0V,0.583,11.740637,16.723573,-27.033217,1.911e-05,-2.813e-05,-9.11e-06,0.9587071434078276,-0.9235555983564312,-9.386962483e-07,-4.45640735e-07,,,Ret,1,17055,,1.4190575216890922,,,
17262,17304.0,23227.0,1134.0,,Del For,,3.704139,-31.938361,259.7403,5.16,14.23,26.0,4.99,-2.083,B5III,-0.159,124.650555,181.78943,-137.404463,1.276e-05,3.01e-05,1.14e-06,0.9697414478933768,-0.5574295613463724,2.50163859e-08,6.8988986e-08,Del,,For,1,17262,,593.1984396649729,,,
17271,17313.0,22951.0,1123.0,,40    Per,,3.706291,33.965026,323.6246,4.39,-5.21,20.0,4.97,-2.58,B0.5V,-0.048,151.663187,221.451739,180.804876,6.48e-06,2.166e-05,4.65e-06,0.9703046032290552,0.59280153898557,2.12833206e-08,-2.5258792e-08,,40.0,Per,1,17271,,937.5620069258802,,,
17309,17351.0,23319.0,1143.0,,,,3.713908,-37.313518,56.4972,-90.81,-71.42,10.0,4.59,0.83,K2IIICN...,1.191,25.31594,37.123698,-34.247304,1.845e-05,-1.709e-05,-2.176e-05,0.972298858731096,-0.6512437507218874,-4.402593033e-07,-3.4625393e-07,,,Eri,1,17309,,40.55085354483837,,,
17316,17358.0,22928.0,1122.0,,39Del Per,,3.715416,47.787551,158.2278,23.83,-41.93,4.0,3.01,-2.986,B5III SB,-0.125,59.860731,87.855481,117.192812,-1.4e-07,3.225e-05,-1.858e-05,0.9726935148971256,0.83405011127921,1.155311001e-07,-2.03282376e-07,Del,39.0,Per,1,17316,,1362.6991969948704,Del,3.02,3.0
17336,17378.0,23249.0,1136.0,Gl 150,23Del Eri,Rana,3.720806,-9.763395,9.0408,-91.71,742.23,-5.1,3.52,3.739,K0IV,0.915,5.006502,7.370189,-1.533131,3.54e-06,-1.95e-06,3.294e-05,0.9741048015520188,-0.1704033817149162,-4.446226264e-07,3.598432581e-06,Del,23.0,Eri,1,17336,,2.782274657675122,Del,3.531,3.511
17398,17440.0,23817.0,1175.0,Gl 154.2,Bet Ret,,3.736593,-64.806903,29.8597,308.39,78.72,50.8,3.84,1.465,K0IV SB,1.133,7.098485,10.543736,-27.019807,-1.892e-05,5.183e-05,-4.216e-05,0.9782377562729578,-1.1310938276033713,1.4951169095e-06,3.81645329e-07,Bet,,Ret,1,17398,,22.59435770220978,,,
17406,17448.0,23180.0,1131.0,,38Omi Per,Atik,3.738648,32.288248,343.6426,8.11,-10.32,19.0,3.84,-3.841,B1III,0.022,162.113525,241.065988,183.56674,3.08e-06,2.879e-05,-4.15e-06,0.978775637035908,0.5635362392132537,3.93183895e-08,-5.0032771e-08,Omi,38.0,Per,1,17406,,2995.021883751126,Omi,3.862,3.822
17447,17489.0,23288.0,1140.0,,16    Tau,Celaeno,3.746726,24.28947,115.6069,20.73,-44.0,3.0,5.45,0.135,B7IV,-0.034,58.617318,87.564472,47.554545,-2.46e-06,1.722e-05,-2.121e-05,0.9808906153914148,0.4239312274673337,1.00501876e-07,-2.13318019e-07,,16.0,Tau,1,17447,,76.91304402866098,,,
17457,17499.0,23302.0,1142.0,,17    Tau,Electra,3.747927,24.113339,124.0695,21.55,-44.92,12.0,3.72,-1.748,B6III,-0.105,62.965631,94.124106,50.687766,1.59e-06,2.569e-05,-1.965e-05,0.9812049121767964,0.4208571624398312,1.044773482e-07,-2.17778305e-07,,17.0,Tau,1,17457,,435.7124805030843,,,
17487,17529.0,23230.0,1135.0,,41Nu  Per,,3.753232,42.578549,170.6485,-14.59,1.75,-13.0,3.77,-2.391,F5IIvar,0.425,69.722894,104.539005,115.460753,4.07e-06,-1.566e-05,-7.93e-06,0.9825938160747352,0.7431358632370912,-7.0734316e-08,8.484239e-09,Nu,41.0,Per,1,17487,,787.7710195856797,,,
17489,17531.0,23338.0,1145.0,,19    Tau,Taygeta,3.75347,24.467278,125.4705,19.35,-41.63,6.0,4.3,-1.193,B6V,-0.11,63.361504,95.01397,51.966577,-8.7e-07,1.99e-05,-2.051e-05,0.9826562478501628,0.4270345520055688,9.38114472e-08,-2.01827935e-07,,19.0,Tau,1,17489,,261.3364576189024,,,
17532,17573.0,23408.0,1149.0,,20    Tau,Maia,3.763779,24.367748,117.5088,21.09,-45.03,8.0,3.87,-1.48,B8III,-0.063,59.14718,89.215057,48.48319,-5e-08,2.167e-05,-1.999e-05,0.9853551086630458,0.4252974417735,1.022472052e-07,-2.183116e-07,,20.0,Tau,1,17532,,340.4081897010009,,,
17537,17579.0,23432.0,1151.0,,21    Tau,Asterope,3.765132,24.554511,114.0251,19.44,-45.36,9.0,5.76,0.475,B8V,-0.036,57.278032,86.462186,47.384166,1.42e-06,2.16e-05,-1.898e-05,0.9857092506680706,0.4285570627745062,9.42477795e-08,-2.19911485e-07,,21.0,Tau,1,17537,,56.23413251903491,,,
17545,17587.0,23089.0,1129.0,,,,3.767314,63.345047,303.9514,-0.94,-8.41,-2.0,4.78,-2.634,A3V...,0.747,75.241521,113.719424,271.648759,6.76e-06,7.71e-06,-7.39e-06,0.9862806201240748,1.1055796382377376,-4.5572486e-09,-4.077283e-08,,,Cam,1,17545,,985.3715068586192,,,
17551,17593.0,23614.0,1162.0,,26Pi  Eri,,3.769037,-12.101589,147.4926,55.59,60.03,46.0,4.43,-1.414,M1III,1.604,79.523115,120.308509,-30.921273,-2.83e-06,6.78e-05,3.21e-05,0.986731695194344,-0.211212578455545,2.69507925e-07,2.91033652e-07,Pi,26.0,Eri,1,17551,,320.3317600852812,Pi,4.457,4.407
17566,17608.0,23480.0,1156.0,,23    Tau,Merope,3.772104,23.948358,116.5501,21.17,-42.67,6.0,4.14,-1.193,B6IV,-0.051,58.663928,88.906234,47.309232,-1.51e-06,1.944e-05,-1.954e-05,0.9875343910567416,0.4179777028875263,1.026350562e-07,-2.06869997e-07,,23.0,Tau,1,17566,,261.3364576189024,V971,4.157,4.137
17609,17651.0,23754.0,1173.0,Gl 155,27Tau6Eri,,3.780804,-23.249723,17.6274,-159.86,-528.54,6.9,4.22,2.989,F3/F5V,0.434,8.889125,13.538595,-6.958253,5.19e-06,-1.698e-05,-4.428e-05,0.9898122695474398,-0.4057842092994863,-7.750231497e-07,-2.562434227e-06,Tau-6,27.0,Eri,1,17609,,5.551367774352111,,,
17637,17678.0,24512.0,1208.0,,Gam Hyi,,3.787295,-74.238962,65.6168,51.07,115.27,16.0,3.26,-0.825,M2III,1.59,9.756821,14.915528,-63.149939,8.16e-06,4.214e-05,-5.79e-06,0.9915114594505332,-1.2957143241086213,2.475943467e-07,5.58844729e-07,Gam,,Hyi,1,17637,,186.20871366628677,,,
17661,17702.0,23630.0,1165.0,,25Eta Tau,Alcyone,3.79141,24.105137,123.6094,19.35,-43.11,10.0,2.85,-2.61,B7III,-0.086,61.664507,94.489136,50.483636,1.16e-06,2.299e-05,-1.94e-05,0.9925887748501628,0.4207140092222012,9.38114472e-08,-2.09003177e-07,Eta,25.0,Tau,1,17661,,963.8290236239706,,,
17757,17797.0,24071.0,1189.0,,,,3.809963,-37.620155,50.7357,75.83,-10.69,16.0,4.3,0.773,A+...,-0.038,21.799174,33.760304,-30.970368,-9.51e-06,1.966e-05,-1.207e-05,0.9974460047993722,-0.6565955644825925,3.67634214e-07,-5.1826582e-08,,,Eri,1,17757,,42.73660314969305,,,
17805,17847.0,23850.0,1178.0,,27    Tau,Atlas,3.819373,24.053415,117.2333,17.77,-44.7,9.0,3.62,-1.725,B8III,-0.07,57.849417,90.077197,47.782936,1.64e-06,2.124e-05,-1.945e-05,0.9999094198246716,0.4198112957724937,8.6151391e-08,-2.16711715e-07,,27.0,Tau,1,17805,,426.5795188015925,,,
17809,17851.0,23862.0,1180.0,,28    Tau,Pleione,3.819782,24.136712,117.096,18.71,-46.74,4.0,5.05,-0.293,B7p,-0.082,57.734463,89.91922,47.882552,-3e-08,1.3e-07,-2.1e-07,1.0000165727005967,0.4212650952332525,9.07086396e-08,-2.26601914e-07,,28.0,Tau,1,17809,,114.07750129221203,BU,5.071,5.031
17833,17874.0,24160.0,1195.0,,,,3.824237,-36.20025,64.3501,-49.42,-56.63,2.0,4.17,0.127,G8III,0.927,28.005042,43.7289,-38.005771,8.25e-06,-1.571e-05,-1.546e-05,1.001182820544442,-0.6318135533123862,-2.395949209e-07,-2.74549987e-07,,,Eri,1,17833,,77.481853277562,,,
17842,17884.0,23475.0,1155.0,,,,3.825357,65.525972,243.9024,-2.5,-13.98,-3.0,4.39,-2.546,M1III,1.87,54.468786,85.106118,221.98754,9.91e-06,1.001e-05,-9.64e-06,1.0014760289470075,1.14364396295167,-1.2120342e-08,-6.7776952e-08,,,Cam,1,17842,,908.6570489581454,BE,4.483,4.323
17917,17959.0,23401.0,1148.0,,Gam Cam,,3.839302,71.332266,110.011,18.27,-42.0,-1.0,4.59,-0.617,A2IVn,0.064,18.873061,29.727281,104.223388,2.97e-06,2.286e-05,-8.14e-06,1.0051268570352705,1.2449828973097314,8.85754594e-08,-2.03621745e-07,Gam,,Cam,1,17917,,153.74464569916873,,,
18171,18216.0,24587.0,1213.0,,33Tau8Eri,,3.895195,-24.61223,115.6069,30.93,-7.18,23.0,4.64,-0.675,B5V,-0.136,55.02931,89.546639,-48.147454,-4.45e-06,2.587e-05,-1.345e-05,1.0197595920876248,-0.4295644485841924,1.499528714e-07,-3.4809622e-08,Tau-8,33.0,Eri,1,18171,,162.181009735893,Tau-8,4.655,4.625
18201,18246.0,24398.0,1203.0,,44Zet Per,,3.9022,31.883635,230.4147,4.41,-9.15,20.0,2.84,-3.973,B1Ib,0.271,102.130978,166.878316,121.704179,7.68e-06,2.199e-05,2.13e-06,1.021593644077479,0.5564744158460538,2.13802833e-08,-4.4360451e-08,Zet,44.0,Per,1,18201,,3382.2055666965434,,,
18210,18255.0,24554.0,1211.0,,32    Eri,,3.904862,-2.95473,95.9693,26.42,1.49,18.0,4.46,-0.451,G8III,0.672,49.973192,81.782305,-4.946929,-8.8e-07,2.213e-05,-2.6e-07,1.022290392768026,-0.0515697637924237,1.280877744e-07,7.223723e-09,,32.0,Eri,1,18210,,131.94714571951167,,,
18441,18488.0,24480.0,1205.0,,,,3.952303,61.108883,448.4305,-3.4,-14.06,-2.0,4.99,-3.268,K3I-II,1.435,110.663325,186.263742,392.618574,1.952e-05,1.838e-05,-1.656e-05,1.0347104957679298,1.066551206557974,-1.64836651e-08,-6.8164803e-08,,,Cam,1,18441,,1766.8512984538788,,,
18458,18505.0,24479.0,1204.0,,,,3.957067,63.072264,110.6195,7.58,6.01,5.0,4.95,-0.269,B9.5V,-0.074,25.533963,43.100035,98.625998,-3.78e-06,1.59e-06,6.02e-06,1.0359576245526736,1.1008186729513925,3.6748877e-08,2.9137302e-08,,,Cam,1,18458,,111.5835052288668,,,
18485,18532.0,24760.0,1220.0,,45Eps Per,,3.96423,40.010215,195.6947,12.61,-24.06,1.0,2.9,-3.558,B0.5V,-0.199,76.156467,129.09969,125.816858,-2.45e-06,1.939e-05,-1.682e-05,1.0378330199312948,0.6983099793460038,6.11350051e-08,-1.16646171e-07,Eps,45.0,Per,1,18485,,2307.809729698403,Eps,2.916,2.886
18497,18543.0,25025.0,1231.0,,34Gam Eri,Zaurak,3.967157,-13.508515,62.3441,60.51,-111.34,62.0,2.97,-1.004,M1IIIb Ca-1,1.588,30.760217,52.235828,-14.56308,1.154e-05,5.563e-05,-4.753e-05,1.0385992839066334,-0.2357680691760712,2.933607581e-07,-5.39791551e-07,Gam,34.0,Eri,1,18497,,219.5836500973188,Gam,3.0,2.95
18550,18597.0,25422.0,1247.0,,Del Ret,,3.979095,-61.400185,161.2903,9.79,-14.39,-1.0,4.56,-1.478,M2III,1.59,38.96927,66.651739,-141.610379,-1.184e-05,-5.09e-06,-4.49e-06,1.0417247183035192,-1.07163539744102,4.74632593e-08,-6.9764688e-08,Del,,Ret,1,18550,,339.7817118270833,,,
18567,18614.0,24912.0,1228.0,,46Xi  Per,Menkib,3.98275,35.791033,381.6794,1.92,2.3,70.0,3.98,-3.928,O7.5Iab:,0.016,156.01015,267.421217,223.218208,2.494e-05,4.98e-05,4.532e-05,1.0426815704486982,0.6246713605687475,9.3084227e-09,1.1150714e-08,Xi,46.0,Per,1,18567,,3244.890156605363,Xi,3.99,3.97
18626,18673.0,25267.0,1240.0,,36Tau9Eri,,3.998745,-24.016215,100.4016,11.41,17.08,24.0,4.62,-0.389,Ap Si,-0.121,45.881115,79.408177,-40.863054,8.1e-06,2.512e-05,-2.4e-06,1.0468690460258585,-0.41916202944596,5.5317241e-08,8.2806176e-08,Tau-9,36.0,Eri,1,18626,,124.6235160486514,Tau-9,4.637,4.597
18677,18724.0,25204.0,1239.0,,35Lam Tau,,4.011338,12.490347,148.368,-8.15,-11.98,18.0,3.41,-2.447,B3V + A,-0.099,72.055648,125.663969,32.088342,1.495e-05,1.429e-05,-4.43e-06,1.050165762267244,0.2179976717940675,-3.9512315e-08,-5.8080678e-08,Lam,35.0,Tau,1,18677,,829.468695095263,Lam,3.493,3.393
18697,18744.0,25705.0,1264.0,,Gam Ret,,4.014946,-62.159284,143.8849,1.8,34.95,-7.0,4.48,-1.31,M4III,1.5,33.370231,58.324809,-127.23007,7.95e-06,1.643e-05,1.772e-05,1.0511104373581548,-1.0848841693791664,8.7266462e-09,1.69442381e-07,Gam,,Ret,1,18697,,291.0717118066608,Gam,4.587,4.397
18725,18772.0,25728.0,1266.0,,Iot Ret,,4.021697,-61.078822,97.8474,66.66,94.51,61.0,4.97,0.017,K4III,1.386,23.426639,41.113996,-85.644921,6.89e-06,7.596e-05,-3.293e-05,1.052877863796995,-1.0660265417726713,3.231767995e-07,4.58197409e-07,Iot,,Ret,1,18725,,85.74326166361797,,,
18860,18907.0,25490.0,1251.0,,38Nu  Tau,,4.052606,5.989305,35.8551,5.52,-1.63,-6.0,3.91,1.137,A1V,0.032,17.402678,31.124499,3.741217,-3.8e-06,-4.83e-06,-9.2e-07,1.0609696511650075,0.1045330938534574,2.67617152e-08,-7.902462e-09,Nu,38.0,Tau,1,18860,,30.563282803659664,,,
18970,19018.0,25291.0,1242.0,,,,4.074212,59.155507,625.0,-1.79,-0.38,-20.0,5.0,-3.979,F0II,0.495,154.800189,280.572508,536.601104,1.6e-07,-1.094e-05,-1.815e-05,1.0666261640660573,1.0324583708799535,-8.6781649e-09,-1.842291e-09,,,Cam,1,18970,,3400.9480651219133,,,
18990,19038.0,25604.0,1256.0,,37    Tau,,4.078253,22.081926,57.3723,91.73,-58.52,9.0,4.36,0.566,K0III,1.064,25.633221,46.576223,21.568111,-1.529e-05,2.513e-05,-1.162e-05,1.0676841772964054,0.3854023075115562,4.447195892e-07,-2.83712965e-07,,37.0,Tau,1,18990,,51.713031791696295,,,
19119,19167.0,25642.0,1261.0,,47Lam Per,,4.109735,50.351262,129.3661,-13.03,-36.37,6.0,4.25,-1.309,A0IVn,-0.011,39.202478,72.642846,99.608154,1.739e-05,1.502e-05,-9.83e-06,1.0759262282518025,0.8787953001410688,-6.31712226e-08,-1.76326735e-07,Lam,47.0,Per,1,19119,,290.8037482735315,,,
19296,19343.0,25940.0,1273.0,,48    Per,,4.144357,47.712513,146.1988,20.19,-33.26,1.0,3.96,-1.865,B3Ve,-0.025,45.931031,86.988502,108.154671,-4.19e-06,2.271e-05,-1.51e-05,1.0849901114839684,0.8327404400709875,9.78838821e-08,-1.6124903e-07,,48.0,Per,1,19296,,485.28850016212095,MX,3.974,3.954
19465,19515.0,26612.0,1302.0,,Del Hor,,4.180708,-41.993573,54.8246,199.09,69.1,37.0,4.93,1.235,A9V,0.334,18.681766,36.211985,-36.680469,-2.85e-05,6.017e-05,-1.167e-05,1.0945068166361205,-0.7329261166952863,9.652155566e-07,3.35006253e-07,Del,,Hor,1,19465,,27.925438412373374,,,
19538,19587.0,26574.0,1298.0,,38Omi1Eri,Beid,4.197761,-6.837581,37.3134,11.92,81.28,11.0,4.04,1.181,F2II-III,0.327,16.838836,33.000244,-4.442368,3.95e-06,1.249e-05,1.326e-05,1.098971297660669,-0.1193383030051087,5.77897907e-08,3.94056559e-07,Omi-1,38.0,Eri,1,19538,,29.349452222697927,Omi-1,4.062,4.022
19690,19740.0,26722.0,1311.0,,47    Tau,,4.232329,9.263824,101.7294,-9.42,-30.6,-7.0,4.84,-0.197,G5III,0.799,44.823011,89.841902,16.37646,2.09e-06,-6.22e-06,-1.605e-05,1.1080212133923235,0.1616842309113725,-4.56694487e-08,-1.48352986e-07,,47.0,Tau,1,19690,,104.42392185431748,,,
19697,19747.0,26967.0,1326.0,,Alp Hor,,4.233363,-42.294368,35.2609,41.89,-203.65,22.0,3.85,1.114,K1III,1.085,11.637776,23.342255,-23.728596,-9.43e-06,-2.87e-06,-4.089e-05,1.1082917630239444,-0.7381759740767749,2.030884508e-07,-9.8732306e-07,Alp,,Hor,1,19697,,31.21763510848165,,,
19727,19777.0,26846.0,1318.0,,39    Eri,,4.239914,-10.256283,74.2942,-7.61,-162.11,7.0,4.87,0.515,K3III,1.156,32.507483,65.482178,-13.228201,9.7e-07,-4.22e-06,-5.873e-05,1.1100067641746905,-0.1790059049002487,-3.68943211e-08,-7.85931457e-07,,39.0,Eri,1,19727,,54.20008904016238,,,
19730,19780.0,27256.0,1336.0,,Alp Ret,,4.240404,-62.473858,49.554,41.64,49.72,36.0,3.33,-0.145,G7III,0.915,10.180685,20.514413,-43.944776,3.31e-06,2.918e-05,-2.713e-05,1.110135242418645,-1.0903745178180912,2.018764166e-07,2.41049361e-07,Alp,,Ret,1,19730,,99.54054173515264,,,
19761,19811.0,26673.0,1306.0,,52    Per,,4.248143,40.483671,291.5452,9.72,-21.58,-2.0,4.67,-2.654,G5II comp,1.007,98.172669,198.830839,189.280262,-4.24e-06,2.244e-05,-2.453e-05,1.1121613093340357,0.70657335955057,4.71238898e-08,-1.04622792e-07,,52.0,Per,1,19761,,1003.6909309200964,,,
19762,19812.0,26630.0,1303.0,,51Mu  Per,,4.248295,48.409331,276.2431,5.04,-17.35,8.0,4.12,-3.086,G0Ib...,0.935,81.176514,164.424627,206.603982,4.04e-06,2.344e-05,-9.3e-06,1.112200930802833,0.8449022119922363,2.44346095e-08,-8.4115173e-08,Mu,51.0,Per,1,19762,,1494.1699574067022,,,
19799,19849.0,26965.0,1325.0,Gl 166A,40Omi2Eri,Keid,4.254537,-7.652871,4.9845,-2239.33,-3419.86,-42.7,4.43,5.942,K1V,0.82,2.179524,4.432894,-0.66374,2.462e-05,-7.258e-05,-7.609e-05,1.1138350819408132,-0.1335677885549312,-1.08565781928e-05,-1.6579949135e-05,Omi-2,40.0,Eri,1,19799,Gl 166,0.3657631930094519,,,
19810,19860.0,26912.0,1320.0,,49Mu  Tau,,4.258905,8.892357,139.6648,20.39,-21.75,17.0,4.27,-1.455,B3IV,-0.054,60.741083,123.898045,21.589212,-3.83e-06,2.354e-05,-1.186e-05,1.1149786529682078,0.1552009073389687,9.88535095e-08,-1.05446975e-07,Mu,49.0,Tau,1,19810,,332.6595532940047,,,
19843,19893.0,27290.0,1338.0,Gl 167.1,Gam Dor,,4.267097,-51.486648,20.4625,100.57,184.23,25.2,4.26,2.705,F4III,0.312,5.584439,11.453148,-16.011327,4.33e-06,3.165e-05,-8.79e-06,1.1171234452997871,-0.8986115267428738,4.875771185e-07,8.93172243e-07,Gam,,Dor,1,19843,,7.211074791828994,Gam,4.287,4.217
19871,19921.0,27442.0,1355.0,Gl 167.3,Eps Ret,,4.274738,-59.302156,18.2382,-47.99,-167.81,29.3,4.44,3.135,K2IV,1.078,4.063966,8.377204,-15.682734,4.93e-06,4.3e-07,-3.334e-05,1.1191236962067537,-1.0350178787010738,-2.326620853e-07,-8.13565837e-07,Eps,,Ret,1,19871,,4.8528850016212095,,,
19940,19990.0,27045.0,1329.0,,50Ome2Tau,,4.287684,20.578591,28.9436,-40.88,-61.45,16.0,4.93,2.622,A3m,0.259,11.744304,24.419494,10.17349,1.312e-05,1.405e-05,-2.32e-06,1.1225130358214646,0.3591641672174475,-1.981918326e-07,-2.97918006e-07,Ome-2,50.0,Tau,1,19940,,7.78394932626726,,,
19992,20042.0,27376.0,1347.0,,41Ups4Eri,,4.298237,-33.798348,54.5554,62.31,-6.75,18.0,3.55,-0.134,B9V,-0.108,19.536379,40.910335,-30.347713,-8.71e-06,2.001e-05,-1.172e-05,1.125275935264788,-0.5898924503430762,3.020874044e-07,-3.2724923e-08,Ups-4,41.0,Eri,1,19992,,98.53715068586186,,,
20021,20070.0,26961.0,1324.0,,,,4.304056,50.295502,96.1538,46.59,-56.43,20.0,4.6,-0.315,A2V,0.043,26.385569,55.470171,73.976007,-5.31e-06,3.94e-05,-1.07e-06,1.1267992994035705,0.8778221121718587,2.258746938e-07,-2.73580359e-07,,,Per,1,20021,,116.41260294104907,B,4.628,4.568
20155,20205.0,27371.0,1346.0,,54Gam Tau,Prima Hyadum,4.329889,15.627642,49.5295,115.29,-23.86,39.0,3.65,0.176,G8III,0.981,20.197375,43.211662,13.342572,-8.16e-06,4.792e-05,5.23e-06,1.133562340739808,0.27275381183024,5.589416923e-07,-1.15676544e-07,Gam,54.0,Tau,1,20155,,74.06277836681546,,,
20200,20250.0,27382.0,1348.0,,52Phi Tau,,4.339227,27.350754,98.4252,-29.04,-76.97,3.0,4.97,0.004,K1III,1.15,36.823987,79.288446,45.220144,2.082e-05,1.194e-05,-3.121e-05,1.1360070130884377,0.4773607028404713,-1.407898928e-07,-3.73161089e-07,Phi,52.0,Tau,1,20200,,86.77607449911467,,,
20203,20252.0,27348.0,1343.0,,54    Per,,4.340178,34.566725,66.9344,-24.95,-7.0,-27.0,4.93,0.802,G8III,0.95,23.204333,49.995533,37.97614,-1.69e-06,-2.286e-05,-1.754e-05,1.1362559905911336,0.6033031660516263,-1.209610133e-07,-3.3936957e-08,,54.0,Per,1,20203,,41.61021885174549,,,
20304,20354.0,27396.0,1350.0,,53    Per,,4.359211,46.498878,155.521,21.41,-34.97,1.0,4.8,-1.159,B4IV,-0.022,44.585331,97.329822,112.808858,-6.42e-06,2.475e-05,-1.741e-05,1.141238881237829,0.81155851653074,1.03798609e-07,-1.69539344e-07,,53.0,Per,1,20304,,253.2794765689993,V469,4.841,4.761
20405,20455.0,27697.0,1373.0,,61Del1Tau,Secunda Hyadum,4.382247,17.542514,47.7099,107.75,-28.84,39.0,3.77,0.377,G8III,0.983,18.695965,41.472036,14.380508,-6.26e-06,4.675e-05,5.66e-06,1.147269650883982,0.3061746305726813,5.223867408e-07,-1.39820265e-07,Del-1,61.0,Tau,1,20405,,61.54602373713163,,,
20483,20535.0,28028.0,1393.0,,43    Eri,Beemim,4.400613,-34.016846,90.8265,73.77,57.57,24.0,3.97,-0.821,K4III,1.468,30.609599,68.780131,-50.811792,-1.564e-05,4.475e-05,7.28e-06,1.1520779014117062,-0.5937059698116938,3.576470521e-07,2.79107235e-07,,43.0,Eri,1,20483,,185.5239575549284,,,
20490,20542.0,27819.0,1380.0,,64Del2Tau,,4.401599,17.44413,49.4805,109.99,-33.47,39.0,4.8,1.328,A7V,0.154,19.182021,43.132146,14.833155,-7.67e-06,4.769e-05,4.3e-06,1.1523360319074634,0.3044575071625425,5.332465672e-07,-1.62267138e-07,Del-2,64.0,Tau,1,20490,,25.63303319865898,,,
20583,20635.0,27934.0,1387.0,,65Kap1Tau,,4.422822,22.293874,47.1921,105.49,-44.14,40.0,4.21,0.841,A7IV-V,0.136,17.521422,39.99522,17.9028,-5.38e-06,4.786e-05,6.18e-06,1.1578921700120768,0.3891014985283674,5.114299516e-07,-2.13996758e-07,Kap-1,65.0,Tau,1,20583,,40.14209182043211,,,
20597,20648.0,27962.0,1389.0,,68Del3Tau,,4.424828,17.92791,45.5373,108.26,-32.47,35.0,4.3,1.008,A2IV,0.049,17.36483,39.694452,14.017394,-7.36e-06,4.28e-05,4.2e-06,1.1584172415187926,0.3129010605837325,5.248592906e-07,-1.57419002e-07,Del-3,68.0,Tau,1,20597,,34.419138826842904,V776,4.309,4.299
20659,20711.0,28024.0,1392.0,,69Ups Tau,,4.438461,22.813583,47.1476,108.66,-45.83,35.0,4.28,0.913,A8Vn,0.263,17.275942,39.878289,18.280854,-8.06e-06,4.388e-05,4.22e-06,1.1619862624872712,0.3981721288365463,5.267985453e-07,-2.22190109e-07,Ups,69.0,Tau,1,20659,,37.56643646144586,Ups,4.295,4.265
20661,20713.0,28052.0,1394.0,,71    Tau,,4.439094,15.618265,49.0918,114.66,-33.3,38.0,4.48,1.025,F0V...,0.262,18.787236,43.38653,13.216923,-9.32e-06,4.715e-05,2.83e-06,1.1621521030144537,0.2725901513741438,5.558873661e-07,-1.61442955e-07,,71.0,Tau,1,20661,,33.884415613920254,V777,4.488,4.468
20680,20732.0,28100.0,1396.0,,73Pi  Tau,,4.443437,14.713782,127.7139,-7.57,-31.15,32.0,4.69,-0.841,G8III,0.979,48.956077,113.410664,32.438204,1.879e-05,3.17e-05,-1.034e-05,1.1632890228715385,0.2568039395797162,-3.67003956e-08,-1.51019461e-07,Pi,73.0,Tau,1,20680,,188.97310544316775,,,
20825,20877.0,28292.0,1407.0,,75    Tau,,4.473992,16.359672,57.241,8.12,17.79,18.0,4.96,1.171,K2IIIvar,1.137,21.36337,50.598509,16.122899,4.25e-06,1.587e-05,9.92e-06,1.17128826646012,0.2855301446730887,3.93668709e-08,8.6248353e-08,,75.0,Tau,1,20825,,29.62101936052763,,,
20833,20885.0,28307.0,1411.0,,77The1Tau,,4.476248,15.962181,47.3261,104.76,-15.01,40.0,3.84,0.464,G7III,0.952,17.673807,41.929015,13.014908,-6.5e-06,4.645e-05,7.94e-06,1.1718790300446027,0.2785926082578362,5.078908118e-07,-7.2770533e-08,The-1,77.0,Tau,1,20833,,56.8067574106772,,,
20837,20889.0,28305.0,1409.0,,74Eps Tau,Ain,4.476943,19.180431,44.964,107.23,-36.77,39.0,3.53,0.266,K0III,1.014,16.488448,39.136798,14.772771,-5.89e-06,4.622e-05,5.53e-06,1.1720610098249595,0.3347616811725875,5.198657097e-07,-1.7826599e-07,Eps,74.0,Tau,1,20837,,68.17105263058534,,,
20842,20894.0,28319.0,1412.0,,78The2Tau,Chamukuy,4.477705,15.870883,46.1042,108.66,-26.39,40.0,3.4,0.081,A7III,0.179,17.209733,40.871602,12.608233,-6.49e-06,4.718e-05,5.51e-06,1.1722604464872712,0.2769991565046125,5.267985453e-07,-1.2794233e-07,The-2,78.0,Tau,1,20842,,80.83510373900673,The-2,3.411,3.391
20977,21029.0,28527.0,1427.0,Gl 170.1,,,4.509342,16.194014,43.1965,104.98,-25.14,41.0,4.78,1.603,A6IV,0.17,15.781048,38.36395,12.047208,-4.45e-06,4.696e-05,6.64e-06,1.180542907377266,0.2826388705311087,5.089574018e-07,-1.21882159e-07,,,Tau,1,20977,,19.89756811090657,,,
21057,21109.0,28678.0,,,,Hoggar,4.523737,4.575287,226.7574,0.22,-12.85,0.0,8.38,1.602,K0,1.008,85.200384,209.362436,18.088209,2e-07,1.13e-06,-1.408e-05,1.1843115713326633,0.0798538288876262,1.0665901e-09,-6.2298557e-08,,,Tau,1,21057,,19.91590289057612,,,
21087,21139.0,28749.0,1437.0,,45    Eri,,4.531296,-0.044011,201.2072,-3.76,-8.17,17.0,4.91,-1.608,K3II-III,1.32,75.47305,186.515934,-0.154555,9.92e-06,1.474e-05,-7.98e-06,1.1862906374962991,-0.0007681365811737,-1.82289944e-08,-3.9609277e-08,,45.0,Eri,1,21087,,383.0010812264487,,,
21195,21248.0,29085.0,1453.0,,50Ups1Eri,,4.55849,-29.766492,38.956,-114.35,-271.56,21.0,4.49,1.537,K0III,0.972,12.46101,31.436528,-19.340438,1.756e-05,-1.429e-05,-5.518e-05,1.1934098011361174,-0.5195232889002624,-5.543844437e-07,-1.31656003e-06,Ups-1,50.0,Eri,1,21195,,21.144625616525904,,,
21220,21273.0,28910.0,1444.0,,86Rho Tau,,4.564143,14.844424,48.5201,103.69,-25.94,40.0,4.65,1.22,A8V,0.255,17.218125,43.626235,12.430714,-7.59e-06,4.719e-05,4.58e-06,1.194889901653922,0.259084081594155,5.027033054e-07,-1.25760668e-07,Rho,86.0,Tau,1,21220,,28.31391995799379,Rho,4.662,4.642
21228,21281.0,29305.0,1465.0,,Alp Dor,,4.566598,-55.044975,51.7063,58.06,12.73,26.0,3.3,-0.268,A0V:,-0.079,10.857822,27.56288,-42.378779,-7e-06,2.194e-05,-1.997e-05,1.1955325219747006,-0.9607160429781664,2.814828229e-07,6.1716781e-08,Alp,,Dor,1,21228,,111.48078033638414,Alp,3.313,3.273
21340,21393.0,29291.0,1464.0,,52Ups2Eri,Theemin,4.592512,-30.562341,65.5738,-48.92,-12.75,-4.0,3.81,-0.274,G8III,0.957,20.338212,52.67393,-33.342657,1.25e-05,-1.081e-05,-1.41e-06,1.2023168237550403,-0.5334134848702601,-2.371708525e-07,-6.1813744e-08,Ups-2,52.0,Eri,1,21340,,112.0985512875314,,,
21349,21402.0,29140.0,1458.0,,88    Tau,,4.594239,10.16079,47.8927,44.89,-52.42,29.0,4.25,0.849,A5m,0.184,16.960482,43.985163,8.448853,1.55e-06,3.299e-05,-6.75e-06,1.2027689072875354,0.1773392332808537,2.176328612e-07,-2.54139331e-07,,88.0,Tau,1,21349,,39.847400971777496,,,
21368,21421.0,29139.0,1457.0,Gl 171.1A,87Alp Tau,Aldebaran,4.598677,16.509301,20.4332,62.78,-189.36,54.5,0.87,-0.682,K5III,1.538,7.02722,18.287604,5.806661,1.528e-05,5.709e-05,-2.14e-06,1.2039308112027507,0.2881416661221312,3.043660287e-07,-9.18043185e-07,Alp,87.0,Tau,1,21368,Gl 171.1,163.23000728189953,Alp,0.888,0.858
21391,21444.0,29248.0,1463.0,,48Nu  Eri,,4.605317,-3.352459,207.0393,1.73,-4.54,15.0,3.93,-2.65,B2III SB,-0.21,73.800655,193.060106,-12.107266,3.75e-06,1.468e-05,-5.45e-06,1.205669195388671,-0.0585114475922337,8.3872767e-09,-2.2010541e-08,Nu,48.0,Eri,1,21391,,1000.0,Nu,3.979,3.859
21423,21476.0,29094.0,1454.0,,58    Per,,4.611508,41.264808,244.4988,-5.42,-19.19,5.0,4.25,-2.691,G8II comp,1.171,65.344458,171.773203,161.256794,1.27e-05,1.533e-05,-1.372e-05,1.207290090077112,0.7202067639372313,-2.62769015e-08,-9.3035745e-08,,58.0,Per,1,21423,,1038.484455008274,,,
21536,21589.0,29388.0,1473.0,,90    Tau,,4.635961,12.510838,47.081,101.73,-14.9,45.0,4.27,0.906,A6V,0.122,16.067112,43.063758,10.198975,-5.79e-06,5.09e-05,6.65e-06,1.2136918525083755,0.2183553149241675,4.932009572e-07,-7.2237238e-08,,90.0,Tau,1,21536,,37.80941866832965,,,
21541,21594.0,29503.0,1481.0,GJ 9160A,53    Eri,Sceptrum,4.63634,-14.30402,33.6814,-77.86,-178.06,41.8,3.86,1.223,K1III,1.082,11.405856,30.579706,-8.321655,2.388e-05,2.764e-05,-3.873e-05,1.2137910800855978,-0.2496522405183412,-3.774759317e-07,-8.63259239e-07,,53.0,Eri,1,21541,GJ 9160,28.235793691102995,,,
21591,21644.0,29573.0,1483.0,,,,4.64821,-12.123121,71.3267,-65.1,-17.68,7.0,4.99,0.724,A0V,0.074,24.167507,65.41446,-14.979556,2.31e-05,-2.44e-06,-7.48e-06,1.2168985123800722,-0.2115883810067575,-3.15613706e-07,-8.5715058e-08,,,Eri,1,21591,,44.709519246304346,,,
21630,21683.0,29488.0,1479.0,,92Sig2Tau,,4.654583,15.917977,47.6872,82.4,-19.53,36.0,4.67,1.278,A5Vn,0.147,15.820925,43.043494,13.078825,-5.24e-06,4.097e-05,5.76e-06,1.2185670565066369,0.2778211035140287,3.994864728e-07,-9.4684111e-08,Sig-2,92.0,Tau,1,21630,,26.84108083545228,,,
21710,21763.0,29755.0,1496.0,,54    Eri,,4.674031,-19.671493,112.9944,28.21,-97.09,-33.0,4.32,-0.945,M3/M4III,1.599,36.197962,100.052855,-38.036843,-3.143e-05,-4.146e-05,-3.872e-05,1.223658363701969,-0.3433323176740175,1.367659393e-07,-4.70705602e-07,,54.0,Eri,1,21710,,207.9696687103696,DM,4.355,4.295
21717,21770.0,29875.0,1502.0,Gl 174.1A,Alp Cae,,4.676039,-41.863752,20.1654,-141.18,-74.95,0.8,4.44,2.917,F2V,0.342,5.101798,14.124725,-13.457617,1.153e-05,-8.71e-06,-6e-06,1.2241841699754006,-0.7306603174687137,-6.844599542e-07,-3.63367853e-07,Alp,,Cae,1,21717,Gl 174.1,5.931984396649727,,,
21828,21881.0,29763.0,1497.0,,94Tau Tau,,4.704084,22.956926,122.1001,-2.84,-20.33,15.0,4.27,-1.164,B3V,-0.112,37.416474,106.020957,47.623853,7.85e-06,1.719e-05,-5.1e-06,1.2315262675238003,0.4006739445770663,-1.37687085e-08,-9.8562621e-08,Tau,94.0,Tau,1,21828,,254.4485615146634,,,
22056,22109.0,30211.0,1520.0,,57Mu  Eri,,4.758375,-3.254657,160.0,17.27,-13.51,9.0,4.01,-2.011,B5IV,-0.148,51.015593,151.376745,-9.083835,-9.95e-06,1.242e-05,-1.098e-05,1.2457397376140729,-0.05680448811037,8.37273226e-08,-6.5498328e-08,Mu,57.0,Eri,1,22056,,555.1367774352115,Mu,4.031,4.001
22396,22449.0,30652.0,1543.0,Gl 178,1Pi 3Ori,Tabit,4.830669,6.961276,8.0684,463.44,11.62,24.4,3.19,3.656,F6V,0.484,2.413721,7.63677,0.977904,-9.83e-06,2.903e-05,3.48e-06,1.2646661966795605,0.1214971799343037,2.2468205212e-06,5.6335349e-08,Pi-3,1.0,Ori,1,22396,,3.003308878676558,,,
22400,22453.0,30504.0,1533.0,,,,4.831846,37.488275,154.321,-38.4,38.48,-23.0,4.89,-1.052,K4II,1.447,36.867,116.768408,93.919491,1.65e-05,-4.315e-05,8.53e-06,1.2649742150260337,0.65429382536766,-1.861684533e-07,1.86556304e-07,,,Per,1,22400,,229.5091476024225,,,
22438,22491.0,30856.0,,,,Mouhoun,4.838295,-24.368839,118.0638,18.86,-18.12,0.0,7.91,2.549,K0III,0.961,32.206232,102.609681,-48.714197,-1.158e-05,-8.5e-07,-9.45e-06,1.2666625850637765,-0.4253164816720824,9.14358602e-08,-8.7848238e-08,,,Eri,1,22438,,8.325302067492423,,,
22456,22509.0,30739.0,1544.0,,2Pi 2Ori,,4.843534,8.900176,68.8231,-0.87,-31.57,24.0,4.35,0.161,A1Vn,0.01,20.273136,64.902011,10.64789,7.99e-06,2.462e-05,-6.61e-06,1.2680341870935583,0.1553373717628174,-4.217879e-09,-1.53055678e-07,Pi-2,2.0,Ori,1,22456,,75.09309424540648,,,
22496,22549.0,30836.0,1552.0,,3Pi 4Ori,,4.853434,5.605104,322.5806,-3.62,1.03,23.0,3.68,-3.863,B2III SB,-0.157,94.925539,306.683598,31.506969,1.228e-05,2.054e-05,3.9e-06,1.2706261564352666,0.097827518693825,-1.75502552e-08,4.99358e-09,Pi-4,3.0,Ori,1,22496,,3056.3282803659663,,,
22614,22667.0,30959.0,1556.0,,4Omi1Ori,,4.875545,14.250642,199.6008,-2.62,-56.13,-8.0,4.71,-1.791,M3Sv,1.773,56.131664,185.136392,49.134544,4e-06,4.47e-06,-5.465e-05,1.2764147058564637,0.2487206198982175,-1.27021184e-08,-2.72125918e-07,Omi-1,4.0,Ori,1,22614,,453.314906146412,Omi-1,4.758,4.668
22626,22678.0,30834.0,1551.0,,2    Aur,,4.877218,36.703187,184.5018,-25.97,-3.89,-17.0,4.79,-1.54,K3III,1.414,42.857564,141.578185,110.271052,1.88e-05,-1.808e-05,-1.318e-05,1.2768526303215126,0.640591455981545,-1.259061128e-07,-1.8859252e-08,,2.0,Aur,1,22626,,359.7493351557424,,,
22648,22701.0,31109.0,1560.0,,61Ome Eri,,4.881575,-5.452695,72.0461,-18.01,25.03,-6.0,4.36,0.072,A9IV,0.257,20.70106,68.667532,-6.846096,4.5e-06,-6.87e-06,9.29e-06,1.2779933349942412,-0.09516748119744,-8.73149439e-08,1.21348864e-07,Ome,61.0,Eri,1,22648,,81.50795556116014,,,
22730,22783.0,30614.0,1542.0,,9Alp Cam,,4.900836,66.342678,100000.0,0.49,7.31,6.0,4.26,-15.74,O9.5Ia SB:,-0.008,11388.133562,38476.633833,91596.173902,-0.00114827,-0.00304264,0.00142758,1.2830359567863867,1.1578981650989502,2.375587e-09,3.543988e-08,Alp,9.0,Cam,1,22730,,172186857.49860096,,,
22744,22797.0,31237.0,1567.0,,8Pi 5Ori,,4.904193,2.440672,411.5226,1.43,0.23,23.0,3.71,-4.362,B2III SB,-0.179,116.339905,394.346209,17.52465,3.91e-06,2.333e-05,1.46e-06,1.2839148436623118,0.0425977627568712,6.9328356e-09,1.115071e-09,Pi-5,8.0,Ori,1,22744,,4839.494493016628,Pi-5,3.733,3.683
22792,22845.0,31295.0,1570.0,,7Pi 1Ori,,4.914924,10.150833,35.6633,40.08,-128.37,13.0,4.64,1.879,A0V,0.085,9.83882,33.698243,6.285324,-1.89e-06,1.826e-05,-1.95e-05,1.2867241722415776,0.1771654583909412,1.943133232e-07,-6.22355321e-07,Pi-1,7.0,Ori,1,22792,,15.431210656577916,,,
22904,22957.0,31421.0,1580.0,,9Omi2Ori,,4.939521,13.514466,57.0125,-77.77,-45.97,1.0,4.06,0.28,K2III,1.158,15.193314,53.311153,13.323302,2.176e-05,-2.08e-06,-1.211e-05,1.2931635789035056,0.23587192389758,-3.770395994e-07,-2.22868848e-07,Omi-2,9.0,Ori,1,22904,,67.29766562843174,,,
22961,23015.0,31398.0,1577.0,,3Iot Aur,Hassaleh,4.949894,33.16609,151.2859,3.63,-18.54,18.0,2.69,-3.209,K3IIvar,1.49,34.378539,121.884168,82.763748,3.64e-06,2.271e-05,-1.31e-06,1.2958792109889454,0.57885747451101,1.75987366e-08,-8.9884456e-08,Iot,3.0,Aur,1,22961,,1673.4009068393125,,,
22987,23040.0,31278.0,1568.0,,7    Cam,,4.95478,53.752101,114.0251,-24.17,7.53,-8.0,4.43,-0.855,A1V,-0.017,18.219549,64.912267,91.957342,1.065e-05,-1.15e-05,-4.14e-06,1.2971582466796674,0.9381511444316124,-1.171794666e-07,3.650647e-08,,7.0,Cam,1,22987,,191.4255925021086,,,
23069,23123.0,31767.0,1601.0,,10Pi 6Ori,,4.975806,1.714016,289.8551,-1.59,-7.93,14.0,4.47,-2.841,K2IIvar,1.369,76.757549,279.372806,8.669789,6.03e-06,1.353e-05,-1.071e-05,1.3026629865502966,0.029915218599915,-7.7085375e-09,-3.8445724e-08,Pi-6,10.0,Ori,1,23069,,1192.3396878859664,,,
23125,23179.0,31647.0,1592.0,,4Ome Aur,,4.987612,37.890245,52.2739,46.26,-97.81,5.0,4.93,1.339,A1V,0.037,10.806482,39.813476,32.104087,-6.27e-06,2.166e-05,-1.642e-05,1.3057537074045755,0.661309522782725,2.242748086e-07,-4.7419626e-07,Ome,4.0,Aur,1,23125,,25.374646458649643,,,
23177,23231.0,32045.0,1611.0,,64    Eri,,4.998816,-12.537416,88.968,40.37,-86.89,-9.0,4.78,0.034,F0V,0.267,22.503515,83.880239,-19.3129,-2.125e-05,-1.202e-05,-3.458e-05,1.3086868935437248,-0.2188191829778112,1.957192828e-07,-4.21254607e-07,,64.0,Eri,1,23177,,84.41118555927689,S,4.79,4.77
23307,23362.0,32309.0,1621.0,,,,5.023772,-20.051918,60.6796,36.68,-15.47,24.0,4.91,0.995,B9V,-0.047,14.410135,55.150015,-20.805379,-5e-06,2.353e-05,-1.269e-05,1.3152204360095077,-0.349971996255915,1.77829658e-07,-7.5000676e-08,,,Lep,1,23307,,34.833731503601165,,,
23309,23364.0,32249.0,1617.0,,65Psi Eri,,5.023985,-7.173965,226.7574,-0.23,5.16,25.0,4.8,-1.978,B3V,-0.164,56.864041,217.677719,-28.31804,6.84e-06,2.517e-05,2.43e-06,1.3152761072431247,-0.1252093171066312,-1.1150715e-09,2.5016385e-08,Psi,65.0,Eri,1,23309,,538.5177219975278,,,
23361,23416.0,31964.0,1605.0,,7Eps Aur,Almaaz,5.032815,43.823308,653.5948,0.18,-2.31,-3.0,3.03,-6.047,F0Ia,0.537,118.129799,456.518488,452.57303,1.6e-07,2.91e-06,-7.41e-06,1.3175878916358157,0.7648610190070351,8.726646e-10,-1.1199196e-08,Eps,7.0,Aur,1,23361,,22845.46488551825,Eps,3.085,2.935
23398,23453.0,32068.0,1612.0,,8Zet Aur,Saclateni,5.041301,41.075837,240.9639,8.88,-21.43,13.0,3.69,-3.22,K4II comp,1.154,45.114162,175.957014,158.327189,-3.47e-06,2.822e-05,-1.013e-05,1.3198096307002298,0.7169086049137537,4.30514548e-08,-1.03895571e-07,Zet,8.0,Aur,1,23398,,1690.440931643265,Zet,3.716,3.676
23442,23497.0,32301.0,1620.0,,102Iot Tau,,5.051596,21.589962,52.9661,68.94,-40.85,41.0,4.62,1.0,A7V,0.155,12.103194,47.740064,19.489629,-6.63e-06,4.589e-05,5.68e-06,1.3225046415173245,0.376815928094105,3.342305514e-07,-1.98046388e-07,Iot,102.0,Tau,1,23442,,34.673685045253166,,,
23467,23522.0,31910.0,1603.0,,10Bet Cam,,5.05697,60.442245,267.3797,-6.11,-14.78,-2.0,4.03,-3.106,G0Ib,0.921,32.233956,127.899195,232.582593,1.151e-05,1.325e-05,-1.123e-05,1.323911770806486,1.0549161900147164,-2.96221159e-08,-7.1655461e-08,Bet,10.0,Cam,1,23467,,1521.9486509036522,,,
23540,23595.0,32831.0,1652.0,,Gam1Cae,,5.07344,-35.482978,55.5864,126.17,-44.36,-3.0,4.55,0.825,K2III,1.177,10.872233,43.938165,-32.265726,-3.527e-05,-9.9e-07,-7.95e-06,1.3282235822824318,-0.6192947998042949,6.116894208e-07,-2.15063348e-07,Gam-1,,Cae,1,23540,,40.73802778041126,,,
23552,23607.0,32549.0,1638.0,,11    Ori,,5.076153,15.404105,111.9821,18.4,-30.99,17.0,4.65,-0.596,A0p Si,-0.064,25.857529,104.817125,29.745307,-4.61e-06,2.3e-05,-1.16e-05,1.3289336205500255,0.2688523543671087,8.92057172e-08,-1.50243759e-07,,11.0,Ori,1,23552,,150.79953418017894,V1032,4.666,4.636
23630,23685.0,32887.0,1654.0,,2Eps Lep,,5.091018,-22.371032,65.4022,19.27,-72.35,1.0,3.19,-0.888,K4III,1.46,14.257014,58.775516,-24.89227,-7.77e-06,-6.13e-06,-2.16e-05,1.3328252864564671,-0.3904481741735988,9.34235962e-08,-3.50762697e-07,Eps,2.0,Lep,1,23630,,197.33312795365023,,,
23638,23693.0,33262.0,1674.0,Gl 189,Zet Dor,,5.091853,-57.472704,11.6455,-31.87,117.42,-2.4,4.71,4.379,F7V,0.526,1.474776,6.085643,-9.818715,2.75e-06,3.73e-06,5.63e-06,1.33304406603645,-1.0030879109030486,-1.5451012e-07,5.69268223e-07,Zet,,Dor,1,23638,,1.543121065657792,,,
23712,23767.0,32630.0,1641.0,,10Eta Aur,Haedus,5.10858,41.234474,74.6269,30.6,-68.41,7.0,3.18,-1.184,B3V,-0.148,12.978524,54.599524,49.18977,-5.75e-06,2.367e-05,-1.389e-05,1.3374230330886296,0.7196773429659176,1.483529863e-07,-3.31661038e-07,Eta,10.0,Aur,1,23712,,259.1791134615946,,,
23728,23783.0,32537.0,1637.0,Gl 187.2A,9    Aur,,5.111289,51.59772,26.2881,-29.31,-173.95,0.6,4.98,2.881,F0V,0.343,3.765141,15.889624,20.601167,7.73e-06,1.641e-05,-1.329e-05,1.3381323846347146,0.9005501048327763,-1.420988898e-07,-8.43333397e-07,,9.0,Aur,1,23728,Gl 187.2,6.1319696971568245,V398,5.002,4.942
23780,23835.0,32923.0,1656.0,Gl 188A,104    Tau,,5.124164,18.645052,15.4345,536.05,18.51,20.6,4.91,3.968,G4V,0.657,3.324007,14.241868,4.934537,-3.462e-05,2.813e-05,8.05e-06,1.341502875882678,0.325417547216355,2.5988437346e-06,8.9739012e-08,,104.0,Tau,1,23780,Gl 188,2.253201335629483,,,
23820,23875.0,33111.0,1666.0,GJ 9175,67Bet Eri,Cursa,5.130829,-5.086446,27.3973,-83.39,-75.44,-9.2,2.78,0.591,A3IIIvar,0.161,6.156194,26.585876,-2.429001,8.48e-06,-1.249e-05,-9.15e-06,1.3432479534963782,-0.0887752322551,-4.042861282e-07,-3.6574344e-07,Bet,67.0,Eri,1,23820,,50.53589947531675,,,
23917,23972.0,33328.0,1679.0,,69Lam Eri,,5.15244,-8.754081,248.7562,0.0,-2.01,3.0,4.25,-2.729,B2IVn,-0.187,54.107143,239.830695,-37.859151,5.9e-07,2.6e-06,-2.86e-06,1.34890556,-0.1527875352665975,0.0,-9.744754e-09,Lam,69.0,Eri,1,23917,,1075.474208972789,Lam,4.266,4.186
23949,24003.0,32518.0,1636.0,,,Mago,5.160181,69.639401,120.6273,60.42,-63.55,-8.0,6.43,1.023,K1III,1.101,9.153224,40.959237,113.090617,-2.75e-05,3.893e-05,-2.06e-05,1.3509323420887258,1.2154368391329362,2.929244258e-07,-3.08099093e-07,,,Cam,1,23949,,33.946890538007864,,,
23955,24010.0,33276.0,1676.0,,15    Ori,,5.161654,15.597232,165.0165,-7.12,-16.14,30.0,4.81,-1.278,F2IV,0.313,34.604537,155.127325,44.368602,1.275e-05,3.099e-05,-4.19e-06,1.351317913961077,0.27222305732188,-3.45187341e-08,-7.8248928e-08,,15.0,Ori,1,23955,,282.6181179810158,,,
24129,24186.0,33793.0,,Gl 191,,Kapteyn's Star,5.194169,-45.018417,3.9114,6506.05,-5731.39,245.5,8.86,10.898,M0V,1.543,0.578997,2.705174,-2.76822,-9.951e-05,0.0001243,-0.00025439,1.359830239429058,-0.7857196034245437,3.15422204638e-05,-2.7786562805e-05,,,Pic,1,24129,,0.0038089037649813,VZ,9.148,8.828
24187,24244.0,33802.0,1696.0,,3Iot Lep,,5.204973,-11.869219,71.0732,24.95,-31.22,25.0,4.45,0.191,B8V,-0.099,14.372474,68.052698,-14.618273,-3.7e-06,2.409e-05,-1.579e-05,1.3626586784088663,-0.2071569463897712,1.209610133e-07,-1.51358831e-07,Iot,3.0,Lep,1,24187,,73.04659895204111,,,
24249,24305.0,33904.0,1702.0,,5Mu  Lep,,5.215528,-16.205468,57.0125,45.66,-16.13,28.0,3.29,-0.49,B9IV: HgMn,-0.11,11.164848,53.596933,-15.911275,-7e-06,2.828e-05,-1.227e-05,1.365421956951857,-0.2828387762539024,2.213659265e-07,-7.8200446e-08,Mu,5.0,Lep,1,24249,,136.77288255958496,Mu,3.298,3.278
24270,24327.0,33949.0,1705.0,,4Kap Lep,,5.220522,-12.941291,223.2143,-12.22,-1.32,18.0,4.36,-2.384,B7V,-0.094,44.086239,213.030877,-49.989446,1.652e-05,1.458e-05,-5.51e-06,1.366729364612972,-0.225868145995975,-5.92442318e-08,-6.39954e-09,Kap,4.0,Lep,1,24270,,782.708409590612,,,
24274,24331.0,33856.0,1698.0,,17Rho Ori,,5.221523,2.861265,107.2961,3.05,4.94,41.0,4.46,-0.693,K3III...,1.166,21.689404,104.944819,5.355998,6.9e-06,4.121e-05,4.66e-06,1.366991419384651,0.0499385025607062,1.47868173e-08,2.3949795e-08,Rho,17.0,Ori,1,24274,,164.8921573150831,,,
24283,24340.0,33641.0,1689.0,,11Mu  Aur,,5.223811,38.484498,46.9043,-18.66,-72.41,21.0,4.82,1.464,A4m,0.189,7.409615,35.960293,29.188797,9.62e-06,2.564e-05,4.8e-07,1.367590597420463,0.6716811992811226,-9.04662328e-08,-3.51053586e-07,Mu,11.0,Aur,1,24283,,22.615177461083626,,,
24314,24372.0,34649.0,1744.0,,The Dor,,5.229288,-67.185255,150.6024,18.18,38.96,11.0,4.81,-1.079,K2III,1.274,11.702924,57.211867,-138.81987,-6.87e-06,3.262e-05,6.6e-07,1.3690244412173624,-1.1726039082701711,8.81391271e-08,1.88883409e-07,The,,Dor,1,24314,,235.28812019381684,,,
24378,24436.0,34085.0,1713.0,,19Bet Ori,Rigel,5.242298,-8.20164,264.5503,1.87,-0.56,21.0,0.18,-6.933,B8Ia,-0.03,51.601106,256.709905,-37.740051,1.82e-06,2.121e-05,-3.77e-06,1.3724303693276385,-0.143145630755865,9.0660158e-09,-2.714956e-09,Bet,19.0,Ori,1,24378,,51665.42425669497,,,
24549,24608.0,34029.0,1708.0,Gl 194A,13Alp Aur,Capella,5.27815,45.997991,13.1234,75.52,-427.13,22.2,0.08,-0.51,M1: comp,0.795,1.712633,8.954439,9.440007,1.92e-06,3.559e-05,-2.54e-06,1.381816412648801,0.8028163926341112,3.661312916e-07,-2.070784673e-06,Alp,13.0,Aur,1,24549,Gl 194,139.3156802945302,,,
24599,24659.0,34642.0,1743.0,,Omi Col,,5.291411,-34.895207,32.4465,93.71,-336.53,21.0,4.81,2.254,K0/K1III/IV,0.987,4.908599,26.156164,-18.562012,-1.682e-05,-9.73e-06,-5.57e-05,1.3852880412903754,-0.6090362640054412,4.543189e-07,-1.631543479e-06,Omi,,Col,1,24599,,10.924460532267922,,,
24614,24674.0,34503.0,1735.0,,20Tau Ori,,5.293442,-6.844409,151.5152,-15.31,-9.57,20.0,3.59,-2.312,B5III,-0.115,27.668638,147.869248,-18.056628,1.463e-05,1.707e-05,-9.42e-06,1.3858197865314732,-0.1194574789708537,-7.42249745e-08,-4.6396669e-08,Tau,20.0,Ori,1,24614,,732.4871326650403,,,
24667,24727.0,34334.0,1726.0,,16    Aur,,5.302935,33.371613,71.2251,29.86,-160.98,-28.0,4.54,0.277,K3III...,1.252,10.794657,58.493626,39.178443,-8.93e-06,8.42e-06,-6.217e-05,1.3883050996969435,0.5824445200357075,1.44765365e-07,-7.80453062e-07,,16.0,Aur,1,24667,,67.4838730870757,,,
24753,24813.0,34411.0,1729.0,Gl 197,15Lam Aur,,5.318995,40.099051,12.631,519.39,-664.79,66.5,4.69,4.183,G0V,0.63,1.713487,9.509166,8.136149,-1.742e-05,8.264e-05,1.267e-05,1.3925095851455351,0.6998604748124225,2.5180737754e-06,-3.222992866e-06,Lam,15.0,Aur,1,24753,,1.848417195369656,,,
24762,24822.0,34559.0,1739.0,,109    Tau,,5.321278,22.096494,75.815,19.62,-81.08,19.0,4.96,0.561,G8III,0.937,12.416474,69.140625,28.519208,-1.93e-06,3.003e-05,-2.03e-05,1.393107352303886,0.385656572489345,9.51204441e-08,-3.93086932e-07,,109.0,Tau,1,24762,,51.95172830110675,,,
24785,24845.0,34816.0,1756.0,,6Lam Lep,,5.326257,-13.176788,261.0966,-2.49,-4.74,20.0,4.29,-2.794,B0.5IV,-0.235,44.609015,250.278024,-59.518691,6.36e-06,1.771e-05,-1.05e-05,1.394410769371219,-0.22997834307647,-1.20718606e-08,-2.2980168e-08,Lam,6.0,Lep,1,24785,,1141.8261895482235,,,
24866,24927.0,34968.0,1762.0,,,,5.340811,-21.239763,127.551,10.78,-9.91,30.0,4.7,-0.828,A0V,-0.048,20.415286,117.12107,-46.208191,-2.04e-06,2.713e-05,-1.683e-05,1.398220932300504,-0.3707038023940562,5.22629148e-08,-4.8045035e-08,,,Lep,1,24866,,186.72393883829483,,,
24983,25044.0,35039.0,1765.0,,22    Ori,,5.362708,-0.382465,284.9003,0.45,1.67,29.0,4.72,-2.553,B2IV-V,-0.168,47.31231,280.938174,-1.901776,4.32e-06,2.936e-05,2.11e-06,1.4039536040895386,-0.006675276156605,2.1816616e-09,8.096388e-09,,22.0,Ori,1,24983,,914.53430312046,,,
25079,25142.0,35149.0,1770.0,,23    Ori,,5.380556,3.544452,476.1905,-2.0,1.8,18.0,4.99,-3.399,B1V,-0.096,76.738804,469.043727,29.439495,7.48e-06,1.713e-05,5.29e-06,1.408626159157606,0.0618623653581525,-9.6962736e-09,8.726646e-09,,23.0,Ori,1,25079,,1993.425456498093,,,
25184,25247.0,35369.0,1784.0,,29    Ori,,5.399119,-7.808065,48.2393,-13.91,-44.8,-18.0,4.13,0.713,G8III,0.943,7.487188,47.201778,-6.553529,1.3e-07,-1.993e-05,-7.88e-06,1.4134860379211491,-0.13627643446962,-6.7437583e-08,-2.17196528e-07,,29.0,Ori,1,25184,,45.16479049291119,,,
25215,25278.0,35296.0,1780.0,Gl 202,111    Tau,,5.407071,17.383534,14.3864,250.4,-7.42,38.1,5.0,4.21,F8V SB,0.544,2.122676,13.564563,4.298277,-1.148e-05,3.959e-05,1.115e-05,1.415567931267741,0.3033999032347187,1.2139734561e-06,-3.5973175e-08,,111.0,Tau,1,25215,,1.8030177408595685,V1119,5.026,4.986
25218,25281.0,35411.0,1788.0,,28Eta Ori,,5.407949,-2.397146,299.4012,-0.54,-3.21,20.0,3.35,-4.031,B1V + B2,-0.24,46.180743,295.55322,-12.522729,3.9e-06,1.988e-05,-5.51e-06,1.4157977590925537,-0.0418380941720412,-2.6179939e-09,-1.5562519e-08,Eta,28.0,Ori,1,25218,,3567.7958828856267,Eta,3.589,3.319
25239,25302.0,35439.0,1789.0,,25Psi1Ori,,5.412452,1.846445,318.4713,0.12,-0.6,19.0,4.89,-2.625,B1V:pe,-0.2,48.76892,314.547885,10.261456,2.8e-06,1.925e-05,-3e-07,1.4169765710905435,0.0322265385472824,5.817764e-10,-2.908882e-09,Psi-1,25.0,Ori,1,25239,,977.2372209558112,V1086,4.928,4.778
25273,25336.0,35468.0,1790.0,,24Gam Ori,Bellatrix,5.418851,6.349702,77.3994,-8.75,-13.28,18.0,1.64,-2.804,B2III,-0.224,11.658576,76.036136,8.56012,6.1e-06,1.813e-05,-2.92e-06,1.418651833814526,0.11082320964651,-4.2421197e-08,-6.4383256e-08,Gam,24.0,Ori,1,25273,,1152.3913771994878,,,
25364,25428.0,35497.0,1791.0,,112Bet Tau,Elnath,5.438198,28.60745,41.0509,23.28,-174.22,9.0,1.65,-1.417,B7III,-0.13,5.281578,35.6504,19.655456,-9.7e-07,2.509e-05,-2.603e-05,1.4237168085654672,0.4992941923790525,1.128646248e-07,-8.44642394e-07,Bet,112.0,Tau,1,25364,,321.21809339879854,,,
25409,25473.0,35715.0,1811.0,,30Psi2Ori,,5.447286,3.095674,348.4321,0.34,-1.11,12.0,4.59,-3.121,B2IV,-0.199,50.169162,344.287666,18.816533,1.21e-06,1.231e-05,-1.21e-06,1.4260960474232072,0.0540297119124787,1.6483665e-09,-5.381431e-09,Psi-2,30.0,Ori,1,25409,,1543.1210656577923,Psi,4.629,4.579
25475,25539.0,35708.0,1810.0,,114    Tau,,5.460579,21.936965,191.5709,1.75,-6.96,13.0,4.88,-1.532,B2.5IV,-0.14,25.011528,175.931393,71.568309,4.7e-07,1.483e-05,-1.03e-06,1.429576285237095,0.38287227074847,8.4842394e-09,-3.3743032e-08,,114.0,Tau,1,25475,,357.1083458083457,,,
25542,25606.0,36079.0,1829.0,,9Bet Lep,Nihal,5.470756,-20.759441,49.1642,-5.03,-85.92,-14.0,2.81,-0.648,G5II,0.807,6.349344,45.531613,-17.425966,-1.66e-06,-2.061e-05,-1.407e-05,1.4322406986213787,-0.3623205948292475,-2.43861281e-08,-4.16551914e-07,Bet,9.0,Lep,1,25542,,158.1976398601154,,,
25673,25737.0,36167.0,1834.0,,31    Ori,,5.49555,-1.092239,155.7632,0.19,-26.08,8.0,4.71,-1.252,K5III,1.592,20.507341,154.378852,-2.969161,8.9e-07,7.76e-06,-1.985e-05,1.4387317440600276,-0.0190631653448112,9.21146e-10,-1.26439407e-07,,31.0,Ori,1,25673,,275.9306855817509,CI,4.724,4.694
25749,25813.0,36267.0,1839.0,,32    Ori,,5.51307,5.948139,92.8505,6.57,-32.45,19.0,4.2,-0.639,B5V,-0.143,11.740832,91.601407,9.621952,-2.8e-07,2.105e-05,-1.251e-05,1.4433183287072646,0.1038146104321587,3.18522588e-08,-1.57322039e-07,,32.0,Ori,1,25749,,156.8917112607855,,,
25794,25859.0,36597.0,1862.0,,Eps Col,,5.520209,-35.470519,80.7103,28.36,-34.11,-5.0,3.86,-0.675,K1II/III,1.13,8.234768,65.213718,-46.834868,-1.25e-05,-1.043e-05,-7.9e-06,1.4451873070651484,-0.6190773399870275,1.374931598e-07,-1.65369946e-07,Eps,,Col,1,25794,,162.181009735893,,,
25858,25923.0,36512.0,1855.0,,36Ups Ori,,5.532183,-7.301537,877.193,-0.54,-4.44,17.0,4.62,-5.095,B0V,-0.261,106.296082,863.562613,-111.483545,4.09e-06,1.445e-05,-2.094e-05,1.4483222050925535,-0.1274358613501112,-2.6179939e-09,-2.1525727e-08,Ups,36.0,Ori,1,25858,,9506.04793656282,,,
25865,25930.0,36486.0,1852.0,,34Del Ori,Mintaka,5.533445,-0.299092,212.3142,1.67,0.56,16.0,2.25,-4.385,O9.5II,-0.175,25.868117,210.729667,-1.108306,2.9e-07,1.645e-05,4.9e-07,1.4486524168433992,-0.005220140244135,8.0963885e-09,2.714956e-09,Del,34.0,Ori,1,25865,,4943.106869868354,Del,2.334,2.234
25880,25945.0,36389.0,1845.0,,119    Tau,,5.536875,18.594234,549.4505,-0.34,-4.51,23.0,4.32,-4.38,M2Ib,2.06,62.986531,516.946545,175.200013,4.06e-06,2.582e-05,-3.89e-06,1.4495505575767929,0.32453060968041,-1.6483665e-09,-2.1865096e-08,,119.0,Tau,1,25880,,4920.395356814511,CE,4.496,4.276
25919,25984.0,36371.0,1843.0,,25Chi Aur,,5.545465,32.192022,100000.0,-1.81,-4.0,-0.2,4.71,-15.29,B5Iab,0.281,10046.583496,84028.272688,53275.84395,0.00099385,0.00092142,-0.00164109,1.4517992762176333,0.5618567703152137,-8.7751276e-09,-1.9392547e-08,Chi,25.0,Aur,1,25919,,113762728.58234333,,,
25920,25985.0,36673.0,1865.0,,11Alp Lep,Arneb,5.545504,-17.822289,680.2721,3.27,1.54,24.0,2.58,-6.583,F0Ib,0.211,76.877195,643.047236,-208.208,-7.75e-06,2.603e-05,-2.68e-06,1.4518096517173142,-0.3110576146713625,1.58534074e-08,7.46613e-09,Alp,11.0,Lep,1,25920,,37428.29122408052,,,
26004,26069.0,37350.0,1922.0,,Bet Dor,,5.560421,-62.489825,308.642,1.06,12.56,7.0,3.76,-3.687,F6Ia,0.64,16.370231,141.620663,-273.743541,7.2e-07,2.002e-05,2.33e-06,1.4557149089664687,-1.0906531991897674,5.139025e-09,6.0892598e-08,Bet,,Dor,1,26004,,2598.962421108662,Bet,4.087,3.407
26111,26176.0,36822.0,1876.0,,37Phi1Ori,,5.580344,9.489579,333.3333,-1.24,-2.49,33.0,4.39,-3.224,B0IV...,-0.157,36.048184,326.789901,54.956117,5.71e-06,3.353e-05,1.6e-06,1.4609305463977158,0.165624401371225,-6.0116896e-09,-1.207186e-08,Phi-1,37.0,Ori,1,26111,,1696.680232346464,,,
26134,26199.0,36960.0,1887.0,,,,5.584078,-6.002027,495.0495,0.59,0.68,28.0,4.78,-3.693,B0.5V,-0.248,53.503643,489.42015,-51.764207,1.71e-06,2.863e-05,-1.37e-06,1.4619082510285062,-0.1047551321535862,2.8604007e-09,3.296733e-09,,,Ori,1,26134,,2613.3645761890234,,,
26142,26207.0,36861.0,1879.0,,39Lam Ori,Meissa,5.585633,9.934158,336.7003,-1.03,-1.86,34.0,3.39,-4.246,O...,-0.16,35.907504,329.702779,58.086365,5.44e-06,3.439e-05,3.01e-06,1.462315173306167,0.1733837720965775,-4.9935809e-09,-9.017534e-09,Lam,39.0,Ori,1,26142,,4349.106072324538,,,
26155,26220.0,37020.0,1893.0,,41The1Ori,,5.587728,-5.387315,100000.0,-0.92,0.13,32.0,4.98,-15.02,O7,,10724.717134,98978.942834,-9388.789872,0.00044754,-9.77e-06,5.967e-05,1.4628638829724987,-0.0940263844852512,-4.4602859e-09,6.30257e-10,The-1,41.0,Ori,1,26155,,88715601.20379598,V1016,5.551,4.741
26170,26235.0,37041.0,1897.0,,43The2Ori,,5.589695,-5.41606,473.9336,1.68,1.5,36.0,4.98,-3.399,O9.5Vpe,-0.097,50.584197,469.098632,-44.733371,1.3e-07,3.718e-05,-4e-08,1.463378638267611,-0.0945280733682062,8.1448698e-09,7.272205e-09,The-2,43.0,Ori,1,26170,,1993.425456498093,,,
26172,26237.0,37018.0,1892.0,,42    Ori,,5.589768,-4.838358,271.0027,4.29,-7.15,30.0,4.58,-2.585,B2III...,-0.183,28.945888,268.481412,-22.857731,-2.41e-06,3.021e-05,-1.195e-05,1.4633977899869353,-0.0844452743115574,2.07985069e-08,-3.4664178e-08,,42.0,Ori,1,26172,,941.8895965228418,,,
26176,26241.0,37043.0,1899.0,,44Iot Ori,Hatysa,5.590551,-5.909901,714.2857,2.27,-0.62,22.0,2.75,-6.519,O9III,-0.21,76.014147,706.411475,-73.54604,-5.44e-06,2.287e-05,-4.45e-06,1.4636027422961173,-0.103147236301135,1.10052705e-08,-3.005844e-09,Iot,44.0,Ori,1,26176,,35285.8025828527,,,
26246,26311.0,37128.0,1903.0,,46Eps Ori,Alnilam,5.603559,-1.20192,606.0606,1.49,-1.06,26.0,1.69,-7.223,B0Ia,-0.184,62.775122,602.66691,-12.712683,-1.61e-06,2.683e-05,-3.67e-06,1.4670083872075836,-0.0209774579664687,7.2237238e-09,-5.139025e-09,Eps,46.0,Ori,1,26246,,67483.87308707573,Eps,1.717,1.667
26301,26366.0,37160.0,1907.0,,40Phi2Ori,,5.615108,9.290673,36.0231,96.84,-304.18,99.0,4.09,1.307,G8III-IV,0.951,3.576264,35.37109,5.815826,-5.91e-06,0.00010965,-3.607e-05,1.470031715068722,0.1621528273202862,4.694935683e-07,-1.474706253e-06,Phi-2,40.0,Ori,1,26301,,26.133645761890246,,,
26315,26380.0,38283.0,,,,Bubup,5.617169,-73.699343,38.3142,138.79,-107.29,0.0,6.69,3.773,WN...,0.584,1.075847,10.699992,-36.774049,-2.756e-05,-1.645e-05,-5.59e-06,1.4705714786379382,-1.2862961863702238,6.728729072e-07,-5.20156597e-07,,,Men,1,26315,,2.696497363543418,,,
26386,26451.0,37202.0,1910.0,,123Zet Tau,Tianguan,5.627413,21.142549,136.4256,2.39,-18.04,20.0,2.97,-2.704,B4IIIp,-0.148,12.391949,126.637551,49.207351,7e-07,2.342e-05,-3.75e-06,1.4732531913866609,0.3690070937216137,1.1587047e-08,-8.7460387e-08,Zet,123.0,Tau,1,26386,,1050.9934271862176,Zet,3.032,2.902
26484,26549.0,37468.0,1931.0,,48Sig Ori,,5.645769,-2.600069,328.9474,4.61,-0.4,29.0,3.77,-3.816,O9.5V...,-0.19,30.430713,327.196967,-14.922443,-4.58e-06,3.015e-05,-1.98e-06,1.4780588365617184,-0.0453797619684725,2.23499107e-08,-1.939254e-09,Sig,48.0,Ori,1,26484,,2926.846862378789,,,
26497,26563.0,37507.0,1937.0,GJ 9187,49    Ori,,5.648079,-7.212829,44.603,-15.0,-49.55,-1.3,4.77,1.523,A4V,0.139,4.071114,44.062353,-5.600145,2.98e-06,-2.95e-06,-1.046e-05,1.4786635226820444,-0.1258876119703075,-7.27220521e-08,-2.40225178e-07,,49.0,Ori,1,26497,,21.419039907221237,,,
26529,26594.0,37490.0,1934.0,,47Ome Ori,,5.653096,4.121467,423.7288,0.76,0.07,22.0,4.5,-3.635,B3IIIe,-0.098,38.330467,420.891434,30.453889,4.8e-07,2.248e-05,1.76e-06,1.4799771232401098,0.0719331659694787,3.684584e-09,3.39369e-10,Ome,47.0,Ori,1,26529,,2477.4220576332864,Ome,4.537,4.447
26569,26634.0,37795.0,1956.0,,Alp Col,Phact,5.660817,-34.074108,80.1282,-0.1,-24.05,35.0,2.65,-1.869,B7IV,-0.12,5.885917,66.110037,-44.89318,2.2e-06,2.432e-05,-2.779e-05,1.4819983267578802,-0.5947053712297875,-4.848137e-10,-1.1659769e-07,Alp,,Col,1,26569,,487.0796664925367,,,
26662,26727.0,37742.0,1948.0,,50Zet Ori,Alnitak,5.679313,-1.942572,225.7336,3.99,2.54,18.0,1.74,-5.028,O9.5Ib SB,-0.199,18.918488,224.809409,-7.651875,-2.8e-06,1.879e-05,2.15e-06,1.4868406872605762,-0.0339042812501637,1.93440659e-08,1.2314267e-08,Zet,50.0,Ori,1,26662,,8937.169608501978,,,
26671,26736.0,37756.0,1952.0,,,,5.680754,-1.128787,275.4821,-1.85,-0.68,26.0,4.95,-2.25,B2IV-V,-0.197,22.99311,274.46745,-5.426942,4.68e-06,2.627e-05,-1.43e-06,1.4872179385207855,-0.0197010548464137,-8.9690531e-09,-3.296733e-09,,,Ori,1,26671,,691.8309709189363,,,
26711,26777.0,37711.0,1946.0,,126    Tau,,5.688255,16.534148,194.9318,5.42,-14.54,21.0,4.84,-1.609,B3IV...,-0.125,15.234526,186.249582,55.475059,-3.11e-06,2.484e-05,-7.06e-06,1.4891817159228882,0.2885753181957962,2.62769015e-08,-7.0491909e-08,,126.0,Tau,1,26711,,383.3540007590441,,,
26820,26885.0,37984.0,1963.0,,51    Ori,,5.707953,1.474629,90.009,-55.34,-14.85,88.0,4.9,0.129,K1III,1.144,6.872956,89.717105,2.316338,3.096e-05,8.803e-05,-4.16e-06,1.494338691410955,0.0257371290452287,-2.682958908e-07,-7.1994831e-08,,51.0,Ori,1,26820,,77.33925780489973,,,
27006,27072.0,38393.0,1983.0,Gl 216A,13Gam Lep,,5.741057,-22.448382,8.927,-292.42,-368.45,-9.7,3.59,3.836,F7V,0.481,0.558889,8.231515,-3.40875,1.159e-05,-1.608e-05,-1.095e-05,1.503005147193559,-0.3917981800900525,-1.4176921647e-06,-1.786296006e-06,Gam,13.0,Lep,1,27006,Gl 216,2.5444856151466357,,,
27034,27100.0,39014.0,2015.0,,Del Dor,,5.746223,-65.735526,45.8716,-28.38,6.12,-3.0,4.34,1.032,A7V,0.217,1.251539,18.809293,-41.819199,6.3e-06,-4.4e-07,3.36e-06,1.504357638086428,-1.1473013613822762,-1.375901225e-07,2.9670597e-08,Del,,Dor,1,27034,,33.666657436862266,,,
27220,27288.0,38678.0,1998.0,Gl 217.1,14Zet Lep,,5.782595,-14.82195,21.6076,-14.84,-1.18,16.3,3.55,1.877,A2Vann,0.104,1.188275,20.854933,-5.52761,2.47e-06,1.597e-05,-4.38e-06,1.5138797624694358,-0.2586918290570087,-7.19463502e-08,-5.720801e-09,Zet,14.0,Lep,1,27220,,15.459662193866745,,,
27253,27321.0,39060.0,2020.0,Gl 219,Bet Pic,,5.788079,-51.066514,19.4401,4.65,81.96,20.0,3.85,2.407,A3V,0.171,0.677437,12.19782,-15.122127,6.1e-07,1.886e-05,-1.106e-05,1.5153156552585665,-0.891278807158695,2.25438361e-08,3.97353292e-07,Bet,,Pic,1,27253,,9.488553267278007,,,
27298,27366.0,38771.0,2004.0,,53Kap Ori,Saiph,5.795941,-9.669605,198.4127,1.55,-1.2,21.0,2.07,-4.418,B0.5Iavar,-0.168,10.444137,195.314937,-33.326707,-3.7e-07,2.103e-05,-4.75e-06,1.5173738927528553,-0.168766439905435,7.514612e-09,-5.817764e-09,Kap,53.0,Ori,1,27298,,5095.654806081146,,,
27399,27468.0,38751.0,2002.0,,132    Tau,,5.816935,24.567535,111.4827,12.07,-8.16,16.0,4.88,-0.356,G8IIIvar,1.021,4.857404,101.274086,46.350723,-5.71e-06,1.701e-05,2.79e-06,1.5228700550238483,0.428784371843035,5.85170112e-08,-3.9560796e-08,,132.0,Tau,1,27399,,120.89267852132994,,,
27414,27483.0,38656.0,1995.0,,29Tau Aur,,5.819567,39.181071,63.4115,-28.42,-25.55,-20.0,4.51,0.499,G8III,0.949,2.321024,49.098662,40.061577,8.21e-06,-1.129e-05,-1.901e-05,1.52355920038958,0.6838386941384187,-1.37784048e-07,-1.23869895e-07,Tau,29.0,Aur,1,27414,,55.0047252867634,,,
27442,27511.0,38899.0,2010.0,,134    Tau,,5.825814,12.651324,76.2777,-21.63,-17.35,18.0,4.89,0.478,B9IV,-0.068,3.392778,74.348536,16.706174,8.87e-06,1.898e-05,-2.23e-06,1.5251945694295077,0.2208072519922362,-1.048651991e-07,-8.4115173e-08,,134.0,Tau,1,27442,,56.078966337451,,,
27461,27530.0,39523.0,2042.0,,Gam Pic,,5.830451,-56.166663,54.2005,81.61,-71.77,16.0,4.5,0.83,K1III,1.075,1.339002,30.14806,-45.022342,-2.171e-05,-5.6e-06,-2.409e-05,1.5264085559938911,-0.9802931985693076,3.956564447e-07,-3.47950778e-07,Gam,,Pic,1,27461,,40.55085354483837,,,
27559,27628.0,39425.0,2040.0,,Bet Col,Wazn,5.849329,-35.768309,26.7308,55.74,404.68,89.0,3.12,0.985,K1.5III,1.146,0.855327,21.672805,-15.624858,-3.1e-06,0.00010471,-1.066e-05,1.5313508145575236,-0.6242747529899825,2.702351455e-07,1.961944002e-06,Bet,,Col,1,27559,,35.15604405282981,,,
27569,27639.0,38944.0,2011.0,,31Ups Aur,,5.850675,37.305573,160.2564,36.96,-44.76,38.0,4.72,-1.304,M1III,1.621,4.981894,127.37315,97.126124,-2.666e-05,5.307e-05,-4.11e-06,1.5317032618874429,0.6511050762272238,1.791871363e-07,-2.17002603e-07,Ups,31.0,Aur,1,27569,,289.4676264176031,,,
27585,27654.0,39364.0,2035.0,,15Del Lep,,5.855357,-20.879089,34.8675,228.96,-647.96,99.0,3.76,1.048,G8III/IV,0.984,1.233354,32.555386,-12.426988,-3.657e-05,5.7e-05,-0.00013841,1.5329289597572762,-0.364408841238835,1.110029403e-06,-3.141398724e-06,Del,15.0,Lep,1,27585,,33.17416496945389,,,
27604,27673.0,39003.0,2012.0,,32Nu  Aur,,5.858166,39.14848,70.6215,8.48,0.39,10.0,3.97,-0.275,K0III,1.132,2.033173,54.730173,44.585685,-2.61e-06,7.95e-06,6.56e-06,1.533664268731751,0.6832698775442637,4.11122001e-08,1.890773e-09,Nu,32.0,Aur,1,27604,,112.2018454301964,,,
27681,27750.0,39400.0,2037.0,,56    Ori,,5.874011,1.855134,386.1004,-7.09,-9.91,10.0,4.76,-3.174,K2IIvar,1.382,12.726124,385.688226,12.499052,1.362e-05,1.038e-05,-1.821e-05,1.537812408233713,0.0323781926059437,-3.437329e-08,-4.8045035e-08,,56.0,Ori,1,27681,,1620.3170427400005,,,
27741,27810.0,39764.0,2056.0,,Lam Col,,5.885245,-33.801361,102.5641,-4.52,32.4,30.0,4.88,-0.175,B5V,-0.154,2.560109,85.189583,-57.058132,3.28e-06,3.437e-05,-3.68e-06,1.5407535142561894,-0.5899450355532201,-2.19135784e-08,1.57079632e-07,Lam,,Col,1,27741,,102.32929922807536,Lam,4.908,4.858
27761,27830.0,39357.0,2034.0,,136    Tau,,5.88879,27.612262,129.7017,3.82,-9.58,-16.0,4.56,-1.005,A0V,-0.008,3.345638,114.880414,60.114815,-2.74e-06,-1.163e-05,-1.292e-05,1.5416817430489729,0.4819248856049375,1.85198826e-08,-4.644515e-08,,136.0,Tau,1,27761,,219.7859872784825,,,
27821,27890.0,40409.0,2102.0,Gl 224.1,,,5.901658,-63.089627,26.2467,120.11,573.43,25.1,4.65,2.555,K1III/IV,1.022,0.305734,11.875322,-23.404792,-1.33e-05,7.705e-05,1.013e-05,1.5450505462099775,-1.10112171641298,5.823097117e-07,2.780067088e-06,,,Dor,1,27821,,8.279421637123338,,,
27844,27913.0,39587.0,2047.0,Gl 222A,54Chi1Ori,,5.906386,20.276174,8.6633,-163.17,-98.92,-13.4,4.39,4.702,G0V,0.594,0.199145,8.12391,3.002187,6.57e-06,-1.158e-05,-8.65e-06,1.5462881741332777,0.353886004695195,-7.910704826e-07,-4.79577692e-07,Chi-1,54.0,Ori,1,27844,Gl 222,1.1460405911366025,Chi-1,4.409,4.379
27880,27949.0,39283.0,2029.0,,30Xi  Aur,,5.914107,55.706947,73.046,-3.65,17.2,-12.0,4.96,0.642,A2V,0.052,0.925394,41.145542,60.348077,1.02e-06,-1.197e-05,-6.71e-06,1.5483094821626309,0.9722696346445888,-1.76956993e-08,8.3387953e-08,Xi,30.0,Aur,1,27880,,48.21697939006178,,,
27919,27989.0,39801.0,2061.0,,58Alp Ori,Betelgeuse,5.919529,7.407063,152.6718,27.33,10.86,21.0,0.45,-5.469,M2Ib,1.5,3.189296,151.364387,19.682142,-1.98e-05,2.068e-05,1.074e-05,1.549729118371315,0.1292776316941937,1.324995789e-07,5.2650765e-08,Alp,58.0,Ori,1,27919,,13415.28798266127,Alp,0.571,0.281
27940,28010.0,40176.0,2087.0,,Xi  Col,,5.924975,-37.120668,102.0408,36.65,-24.08,60.0,4.97,-0.074,K1IIICN...,1.102,1.597973,81.348628,-61.581503,-1.731e-05,4.209e-05,-4.653e-05,1.5511549507368718,-0.6478778735024225,1.776842139e-07,-1.16743134e-07,Xi,,Col,1,27940,,93.23951375406328,,,
28032,28103.0,40136.0,2085.0,Gl 225,16Eta Lep,,5.940082,-14.1677,14.8787,-42.23,139.02,-1.4,3.71,2.847,F1V,0.337,0.226289,14.424355,-3.64172,3.06e-06,1.02e-06,1.007e-05,1.5551097155528486,-0.2472730146051925,-2.047368173e-07,6.73987978e-07,Eta,16.0,Lep,1,28032,,6.327031548665008,,,
28127,28199.0,40494.0,2106.0,,Gam Col,,5.958947,-35.28328,266.6667,-2.65,11.19,24.0,4.36,-2.77,B2.5IV,-0.165,2.339512,217.669281,-154.031992,3.73e-06,2.835e-05,-2.37e-06,1.5600487555838278,-0.6158094003068124,-1.28475625e-08,5.425065e-08,Gam,,Col,1,28127,,1116.863247780561,,,
28165,28237.0,40111.0,2084.0,,139    Tau,,5.966571,25.953912,476.1905,-2.85,-1.69,8.0,4.81,-3.579,B1Ib,-0.088,3.747114,428.148631,208.403863,6.66e-06,9.01e-06,7e-08,1.5620446640995884,0.4529812143081787,-1.38171899e-08,-8.193351e-09,,139.0,Tau,1,28165,,2352.8812019381708,,,
28256,28328.0,40808.0,2120.0,,Eta Col,,5.985778,-42.815135,144.7178,18.53,-11.45,17.0,3.96,-1.843,K0III,1.146,0.395224,106.157169,-98.3554,-1.297e-05,7.34e-06,-1.771e-05,1.5670730510647812,-0.7472650817227025,8.9835975e-08,-5.5511166e-08,Eta,,Col,1,28256,,475.55417631520834,,,
28287,28358.0,40035.0,2077.0,,33Del Aur,,5.992111,54.284656,38.6399,86.31,-134.05,8.0,3.72,0.785,K0III,1.01,0.046526,22.55637,31.372845,-1.612e-05,2.52e-05,-8.01e-06,1.5687310663735172,0.9474459814385424,4.184426877e-07,-6.49892738e-07,Del,33.0,Aur,1,28287,,42.26686142656028,,,
28288,28360.0,40183.0,2088.0,GJ 3375,34Bet Aur,Menkalinan,5.992149,44.947433,24.8694,-56.41,-0.88,-19.4,1.9,-0.078,A2V,0.077,0.036195,17.601288,17.569058,6.77e-06,-1.398e-05,-1.409e-05,1.5687409450202745,0.78448069066935,-2.734833972e-07,-4.26636e-09,Bet,34.0,Aur,1,28288,,93.58365435835302,Bet,1.967,1.897
28309,28380.0,40312.0,2095.0,,37The Aur,Mahasim,5.995351,37.212585,50.7614,42.09,-73.61,30.0,2.65,-0.878,A0p Si,-0.083,0.049188,40.426416,30.69934,-1.031e-05,3.54e-05,4.13e-06,1.5695791535081838,0.6494821333756875,2.040580781e-07,-3.5687135e-07,The,37.0,Aur,1,28309,,195.52396696208865,The,2.66,2.63
28333,28404.0,40239.0,2091.0,,35Pi  Aur,,5.998917,45.936736,230.4147,-2.42,-7.32,1.0,4.3,-2.513,M3IIvar,1.701,0.045456,160.242415,165.569637,2.7e-06,6.59e-06,-4.95e-06,1.5705127063407032,0.8017472834768412,-1.17324911e-08,-3.5488361e-08,Pi,35.0,Aur,1,28333,,881.4547044472212,Pi,4.349,4.239
28342,28413.0,40657.0,2113.0,,,,6.00093,-3.074253,129.0323,6.87,-72.71,26.0,4.53,-1.023,K2IIIvar,1.202,-0.031384,128.846834,-6.920028,-4.3e-06,2.411e-05,-4.684e-05,1.5710398984336236,-0.0536558454452362,3.33066999e-08,-3.52508027e-07,,,Ori,1,28342,,223.4601057731221,,,
28503,28574.0,40967.0,2128.0,,3    Mon,,6.030673,-10.59793,240.3846,-6.88,3.59,39.0,4.92,-1.985,B5III,-0.128,-1.897366,236.276842,-44.210601,7.7e-06,4.004e-05,-3.22e-06,1.5788264221421644,-0.1849687797079037,-3.33551812e-08,1.7404811e-08,,3.0,Mon,1,28503,,542.0008904016238,,,
28543,28614.0,40932.0,2124.0,,61Mu  Ori,,6.039722,9.647276,47.5059,14.19,-37.44,45.0,4.12,0.736,Am...,0.17,-0.487031,46.83194,7.961214,-3.75e-06,4.678e-05,-7.9e-07,1.5811954779567865,0.1683767387503825,6.87950613e-08,-1.81514242e-07,Mu,61.0,Ori,1,28543,,44.21809210742687,,,
28645,28716.0,41117.0,2135.0,,62Chi2Ori,,6.065329,20.138452,552.4862,2.19,-2.81,17.0,4.64,-4.072,B2Iavar,0.236,-8.871117,518.633356,190.215445,-6.19e-06,1.881e-05,-1.08e-06,1.5878994469024217,0.35148228979644,1.06174196e-08,-1.3623264e-08,Chi-2,62.0,Ori,1,28645,,3705.100563019244,,,
28664,28734.0,41116.0,2134.0,,1    Gem,,6.068671,23.263341,47.5511,-2.6,-119.72,20.0,4.16,0.774,G7III,0.835,-0.785331,43.678266,18.780748,7e-08,2.97e-05,-1.727e-05,1.5887743077048877,0.4060218963342925,-1.26051557e-08,-5.80418938e-07,,1.0,Gem,1,28664,,42.69725940480335,,,
28744,28816.0,41511.0,2148.0,,17    Lep,,6.083091,-16.484435,278.5515,-5.57,-3.17,20.0,4.92,-2.305,Ap shell,0.196,-5.809895,267.039134,-79.040392,7.12e-06,1.856e-05,-9.91e-06,1.5925496227139324,-0.2877076624751887,-2.7004122e-08,-1.5368593e-08,,17.0,Lep,1,28744,,727.7798045368243,SS,4.943,4.893
28837,28910.0,41695.0,2155.0,,18The Lep,,6.10259,-14.935254,52.9661,-16.87,13.16,32.0,4.67,1.05,A0V,0.046,-1.374348,51.158602,-13.650887,3.46e-06,3.26e-05,-5.17e-06,1.597654335354406,-0.26066936173705,-8.17880679e-08,6.380148e-08,The,18.0,Lep,1,28837,,33.11311214825911,,,
28962,29034.0,42167.0,2177.0,,The Col,Elkurud,6.125453,-37.25292,221.2389,0.9,0.3,45.0,5.0,-1.724,B8:IV,-0.095,-5.782732,176.005131,-133.923795,-2.17e-06,3.678e-05,-2.76e-05,1.6036399751790773,-0.6501861162736412,4.3633231e-09,1.454441e-09,The,,Col,1,28962,,426.1868054241604,,,
28966,29038.0,41753.0,2159.0,,67Nu  Ori,,6.126201,14.768472,158.2278,4.95,-21.18,24.0,4.42,-1.576,B3IV,-0.164,-5.054138,152.917263,40.334489,-4.72e-06,2.774e-05,-9.45e-06,1.6038357509849257,0.2577584555190512,2.39982772e-08,-1.02683537e-07,Nu,67.0,Ori,1,28966,,371.8775833249358,,,
29203,29276.0,42933.0,2212.0,,Del Pic,,6.171642,-54.968645,398.4064,-4.11,6.53,31.0,4.72,-3.282,B0.5IV,-0.229,-10.273101,228.464394,-326.230539,6.65e-06,2.885e-05,-1.872e-05,1.6157320596488802,-0.9593838339895864,-1.99258423e-08,3.1658333e-08,Del,,Pic,1,29203,,1789.7814394089617,Del,4.883,4.673
29353,29426.0,42560.0,2199.0,,70Xi  Ori,,6.198999,14.208765,186.2197,-1.59,-20.23,24.0,4.45,-1.9,B3IV,-0.18,-9.400594,180.27811,45.708737,-4e-08,2.831e-05,-1.168e-05,1.6228940995502967,0.2479897328191887,-7.7085375e-09,-9.8077807e-08,Xi,70.0,Ori,1,29353,,501.18723362727246,,,
29361,29434.0,42545.0,2198.0,,69    Ori,,6.200911,16.130406,162.0746,5.57,-16.77,22.0,4.95,-1.099,B5Vn,-0.149,-8.185486,155.478891,45.028347,-5.7e-06,2.501e-05,-6.41e-06,1.6233946832860675,0.2815286945965274,2.7004122e-08,-8.1303254e-08,,69.0,Ori,1,29361,,239.6624529408638,,,
29477,29550.0,43197.0,,,,Amadioha,6.226569,-29.897269,56.3063,148.18,13.97,0.0,8.98,5.227,G8/K0IV/V,0.817,-2.893727,48.727238,-28.065674,-4.049e-05,-5e-07,3.31e-06,1.6301119399729789,-0.5218057853758787,7.183969118e-07,6.7728471e-08,,,CMa,1,29477,,0.7066429004252072,,,
29578,29651.0,43232.0,2227.0,,5Gam Mon,,6.247592,-6.274776,152.6718,-6.18,-20.06,-5.0,3.99,-1.929,K3III,1.319,-9.829941,151.438427,-16.686522,5e-06,-6.4e-06,-1.42e-05,1.6356158788370023,-0.10951550296921,-2.99614855e-08,-9.7253624e-08,Gam,5.0,Mon,1,29578,,514.7543199312626,,,
29582,29655.0,42995.0,2216.0,,7Eta Gem,Propus,6.247961,22.506799,117.9245,-62.53,-10.24,19.0,3.31,-2.048,M3III,1.6,-7.067151,108.713368,45.140745,3.436e-05,2.247e-05,2.03e-06,1.6357124064025486,0.39281774360695,-3.031539945e-07,-4.964492e-08,Eta,7.0,Gem,1,29582,,574.3809134963176,Eta,3.446,3.216
29623,29696.0,43039.0,2219.0,,44Kap Aur,,6.256304,29.498076,54.2594,-70.9,-261.73,20.0,4.32,0.648,G8IIIvar,1.021,-3.166482,47.119755,26.717109,1.514e-05,5.284e-05,-4.985e-05,1.6378966123371292,0.5148385501000975,-3.437328995e-07,-1.268902846e-06,Kap,44.0,Aur,1,29623,,47.95125740813503,,,
29662,29735.0,43445.0,2244.0,,,,6.262468,-13.718414,125.0,12.26,-11.08,38.0,5.0,-0.485,B9V,-0.078,-8.337689,121.147878,-29.643878,-9.89e-06,3.557e-05,-1.574e-05,1.6395103690838757,-0.2394314900268562,5.94381572e-08,-5.3717355e-08,,,CMa,1,29662,,136.14446824659495,,,
29734,29807.0,43785.0,2256.0,,Kap Col,,6.275871,-35.140519,55.9597,0.39,87.58,24.0,4.37,0.631,G8II,0.978,-3.302105,45.641526,-32.209615,-2.54e-06,3.365e-05,5.3e-06,1.6430191815442667,-0.6133177507515662,1.8907734e-09,4.24599821e-07,Kap,,Col,1,29734,,48.70796664925366,,,
29924,29997.0,42818.0,2209.0,,,,6.314105,69.319787,53.6481,-1.64,-101.65,-7.0,4.76,1.112,A0Vn,0.025,-1.556212,18.881878,50.191283,-1.4e-06,2.216e-05,-1.603e-05,1.653028882429237,1.2098585218853224,-7.9509444e-09,-4.92813106e-07,,,Cam,1,29924,,31.27519311407981,,,
29987,30060.0,43378.0,2238.0,,2    Lyn,,6.327052,59.010964,48.0077,-3.51,24.43,-4.0,4.44,1.033,A2Vs,0.032,-2.113811,24.62735,41.155331,1.41e-06,-6.88e-06,-5.8e-07,1.6564184481015984,1.0299356243498423,-1.70169602e-08,1.18439982e-07,,2.0,Lyn,1,29987,,33.6356635748362,UZ,4.451,4.431
30016,30089.0,44179.0,,,,Red Rectangle,6.332838,-10.637414,440.5286,-10.98,-21.1,0.0,8.85,0.63,B8,0.344,-37.678828,431.31548,-81.318571,2.408e-05,-6.25e-06,-4.429e-05,1.6579330572152564,-0.1856579010872525,-5.32325421e-08,-1.02295686e-07,,,Mon,1,30016,,48.75284901033863,V777,8.897,8.767
30020,30093.0,44131.0,2275.0,,,,6.333222,-2.944493,142.4501,-7.31,-1.0,47.0,4.91,-0.858,M1III,1.613,-12.394869,141.721462,-7.317466,8.5e-07,4.823e-05,-3.16e-06,1.6580337069010496,-0.05139109242119,-3.543988e-08,-4.848136e-09,,,Ori,1,30020,,191.9552523761379,,,
30049,30122.0,44402.0,2282.0,,1Zet CMa,Furud,6.338553,-30.063367,111.1111,8.0,3.81,32.0,3.02,-2.209,B2.5V,-0.16,-8.512138,95.786306,-55.662081,-6.89e-06,2.886e-05,-1.462e-05,1.6594293653695764,-0.5247047423752412,3.87850944e-08,1.8471401e-08,Zet,1.0,CMa,1,30049,,666.1929002234552,,,
30204,30277.0,44762.0,2296.0,,Del Col,,6.368564,-33.4364,71.736,-24.19,-52.48,-3.0,3.85,-0.429,G7II,0.858,-5.767253,59.585068,-39.52731,9.59e-06,-1.175e-05,-1.354e-05,1.6672861988312433,-0.5835752702644162,-1.172764293e-07,-2.54430219e-07,Del,,Col,1,30204,,129.30043917962797,,,
30251,30324.0,44743.0,2294.0,,2Bet CMa,Mirzam,6.378329,-17.955918,151.0574,-3.45,-0.47,34.0,1.98,-3.916,B1II/III,-0.24,-14.209731,142.995999,-46.568852,-7.5e-07,3.306e-05,-1.105e-05,1.6698426956468702,-0.31338988393796,-1.6726072e-08,-2.278624e-09,Bet,2.0,CMa,1,30251,,3209.223768048436,Bet,1.999,1.969
30270,30343.0,44478.0,2286.0,,13Mu  Gem,Tejat,6.382673,22.513586,71.0227,56.84,-108.79,55.0,2.87,-1.387,M3IIIvar,1.621,-6.562116,65.281443,27.194957,-2.61e-05,6.402e-05,-1.306e-05,1.6709799892208403,0.3929361989979738,2.75568096e-07,-5.27428803e-07,Mu,13.0,Gem,1,30270,,312.4640085806112,Mu,2.946,2.826
30346,30419.0,44769.0,2298.0,,8Eps Mon,,6.396135,4.592865,37.4953,-20.88,10.75,15.0,4.39,1.52,A5IV,0.215,-3.86914,37.174221,3.002439,2.21e-06,1.545e-05,3.18e-06,1.6745041872454056,0.0801606150278625,-1.012290965e-07,5.211747e-08,Eps,8.0,Mon,1,30346,,21.47830474130533,,,
30365,30438.0,45348.0,2326.0,,Alp Car,Canopus,6.399195,-52.69566,94.7867,19.99,23.67,21.0,-0.62,-5.504,F0Ib,0.164,-5.992679,57.132034,-75.396105,-1.14e-05,2.059e-05,-1.049e-05,1.6753053519997292,-0.9197127748902676,9.69142547e-08,1.14755398e-07,Alp,,Car,1,30365,,13854.791675667217,,-0.547,-0.667
30447,30520.0,44537.0,2289.0,,46Psi1Aur,,6.414973,49.287893,100000.0,0.82,-2.48,5.0,4.92,-15.08,K5Iabvar,1.905,-7072.18485,64841.320779,75799.652572,-0.00049434,0.00086613,-0.00078029,1.6794359767853817,0.8602360127954337,3.9754722e-09,-1.2023379e-08,Psi-1,46.0,Aur,1,30447,,93756200.69258812,Psi-1,5.205,4.765
30715,30788.0,45813.0,2361.0,,Lam CMa,,6.469503,-32.58007,129.8701,-13.78,24.24,41.0,4.47,-1.098,B4V,-0.169,-13.417279,108.608383,-69.932353,3.27e-06,4.429e-05,-9.72e-06,1.6937118194359049,-0.568629500710185,-6.68073252e-08,1.17518836e-07,Lam,,CMa,1,30715,,239.441817286338,,,
30788,30860.0,45350.0,,,,Lucilinburhuc,6.479366,38.962963,48.8759,-43.8,-53.45,0.0,7.89,4.445,G5,0.74,-4.756834,37.704707,30.734041,9.3e-06,9.2e-06,-9.85e-06,1.6962940479515694,0.6800319905870199,-2.123483921e-07,-2.59132912e-07,,,Aur,1,30788,,1.4521116175877415,,,
30794,30867.0,45725.0,2356.0,,11Bet Mon,,6.480297,-7.033062,207.4689,-7.0,-4.97,20.0,3.76,-2.825,B3Ve,-0.113,-25.823011,204.282357,-25.402943,4.52e-06,2.042e-05,-7.47e-06,1.6965378440516206,-0.1227500968333412,-3.39369576e-08,-2.4095239e-08,Bet,11.0,Mon,1,30794,,1174.8975549395302,Bet,3.808,3.738
30810,30883.0,45542.0,2343.0,,18Nu  Gem,,6.482719,20.212133,166.9449,-5.98,-14.08,39.0,4.13,-1.983,B6III,-0.115,-19.745914,155.415378,57.67907,-4.1e-07,4.165e-05,3.09e-06,1.6971717583212416,0.3527682687095475,-2.89918581e-08,-6.8261766e-08,Nu,18.0,Gem,1,30810,,541.0034068634678,,,
30832,30905.0,45652.0,,,,Lusitânia,6.486997,10.933891,34.3525,206.14,-62.69,0.0,8.1,5.42,K5,0.846,-4.288647,33.455125,6.515853,-3.43e-05,-2.4e-06,-1.025e-05,1.6982918567055596,0.19083240461516,9.993949211e-07,-3.03929696e-07,,,Mon,1,30832,,0.5915616341754738,,8.169,8.059
30847,30920.0,,,Gl 234A,,Ross 614,6.489833,-2.813979,4.1268,694.73,-618.62,16.7,11.12,13.042,M4.5Ve,1.69,-0.527146,4.088126,-0.202607,-1.589e-05,1.454e-05,-1.32e-05,1.6990344172782257,-0.0491131976009125,3.3681460829e-06,-2.99915439e-06,,,Mon,1,30847,Gl 234,0.0005286886658509,V577,11.176,11.066
31052,31125.0,46328.0,2387.0,,4Xi 1CMa,,6.530935,-23.418422,423.7288,-2.72,6.45,27.0,4.34,-3.795,B1III,-0.245,-53.872246,385.075042,-168.408118,1.29e-06,3.108e-05,1.18e-06,1.709794829614344,-0.4087285613832825,-1.31869321e-08,3.1270482e-08,Xi-1,4.0,CMa,1,31052,,2870.780582024692,Xi-1,4.362,4.312
31139,31216.0,46300.0,2385.0,,13    Mon,,6.548396,7.332965,100000.0,-3.89,-5.8,12.0,4.47,-15.53,A0Ib,0.023,-14190.69431,98161.685934,12763.527373,0.00181327,0.00063703,-0.00278711,1.7143661839815436,0.1279843849570612,-1.88592522e-08,-2.8119193e-08,,13.0,Mon,1,31139,,141905752.16890898,,,
31330,31407.0,47306.0,2435.0,,,,6.58294,-52.975607,418.41,-7.65,11.33,23.0,4.35,-3.758,B9III,-0.021,-38.301434,249.019454,-334.050014,1.039e-05,3.449e-05,-4.94e-06,1.7234095784778427,-0.9245987633678376,-3.70882466e-08,5.492939e-08,,,Car,1,31330,,2774.5975598804184,,,
31339,31416.0,46933.0,2414.0,,5Xi 2CMa,,6.584274,-22.964793,135.318,13.11,16.52,26.0,4.54,-1.117,A0III,-0.035,-18.983936,123.138801,-52.796495,-1.287e-05,2.707e-05,-4e-07,1.7237589851418933,-0.400811249201825,6.35590735e-08,8.009122e-08,Xi-2,5.0,CMa,1,31339,,243.6688423459584,,,
31512,31592.0,47205.0,2429.0,Gl 239.1,7Nu 2CMa,,6.611399,-19.255879,19.7511,62.32,-69.91,4.1,3.95,2.472,K1III+...,1.037,-2.971851,18.407811,-6.513678,-6.17e-06,7.8e-07,-7.7e-06,1.7308601236890002,-0.336078491665885,3.021358857e-07,-3.38933244e-07,Nu-2,7.0,CMa,1,31512,,8.937169608501975,,,
31601,31681.0,47105.0,2421.0,,24Gam Gem,Alhena,6.628528,16.399252,33.5121,-2.04,-66.92,-13.0,1.93,-0.696,A0IV,0.001,-5.266162,31.714389,9.461403,1.91e-06,-9.5e-06,-1.418e-05,1.735344593460758,0.2862209441734937,-9.8901991e-09,-3.24437315e-07,Gam,24.0,Gem,1,31601,,165.34840121711517,,,
31605,31685.0,47670.0,2451.0,,Nu  Pup,,6.629353,-43.195934,113.8952,-0.43,-3.99,28.0,3.17,-2.113,B8III SB,-0.103,-13.61885,81.907249,-77.960909,-2.94e-06,1.915e-05,-2.121e-05,1.7355605987588851,-0.7539112642605688,-2.0846988e-09,-1.9344065e-08,Nu,,Pup,1,31605,,609.8176639987851,,,
31620,31700.0,47442.0,2443.0,,8Nu 3CMa,,6.631506,-18.237478,129.199,-6.86,-8.47,-2.0,4.42,-1.136,K0II/III,1.137,-20.194927,121.035795,-40.433628,4.83e-06,-2.85e-06,-4.4e-06,1.7361242319905883,-0.3183040323075325,-3.32582185e-08,-4.1063718e-08,Nu-3,8.0,CMa,1,31620,,247.97048987986992,,,
31746,31827.0,47667.0,2450.0,,,,6.654644,-14.145764,303.0303,4.58,-7.0,29.0,4.82,-2.587,K2III,1.459,-50.114033,289.536851,-74.057517,-1.111e-05,2.471e-05,-1.722e-05,1.7421817702890825,-0.2468901519483737,2.22044666e-08,-3.3936957e-08,,,CMa,1,31746,,943.626220276727,,,
31751,31832.0,47174.0,2427.0,,50Psi2Aur,,6.655507,42.488877,127.551,-0.97,-55.65,17.0,4.8,-0.728,K3III,1.236,-16.062194,92.675681,86.154051,-5.57e-06,3.564e-05,-1.363e-05,1.7424077458514389,0.7415707952603862,-4.7026927e-09,-2.69798813e-07,Psi-2,50.0,Aur,1,31751,,170.29425618775485,,,
31812,31895.0,48265.0,,,,Nosaxa,6.667144,-48.541955,85.3971,26.51,30.06,0.0,8.05,3.393,G5IV/V,0.747,-9.824884,55.678794,-64.000065,-1.243e-05,7.28e-06,8.24e-06,1.7454542635859338,-0.84721694181882,1.285241067e-07,1.45734992e-07,,,Pup,1,31812,,3.826484865951095,,,
31895,31978.0,47839.0,2456.0,,15    Mon,,6.682961,9.895754,281.6901,-0.66,-2.51,33.0,4.66,-2.589,O7,-0.233,-49.352633,273.075535,48.410212,-5.13e-06,3.346e-05,2.42e-06,1.7495951730020098,0.1727134905227987,-3.1997703e-09,-1.2168823e-08,,15.0,Mon,1,31895,,945.3660459579652,S,4.675,4.635
32161,32246.0,48329.0,2473.0,,27Eps Gem,Mebsuta,6.732202,25.131124,259.0674,-5.93,-12.81,10.0,3.06,-4.007,A3mA6-A9,1.377,-44.684834,230.247724,110.023705,4.25e-06,1.722e-05,-1.022e-05,1.7624862964423016,0.43862086058447,-2.87494513e-08,-6.2104632e-08,Eps,27.0,Gem,1,32161,,3489.7956743787418,,,
32164,32249.0,48433.0,2478.0,,30    Gem,,6.733137,13.228017,88.574,-2.29,-51.8,14.0,4.49,-0.247,K1III,1.167,-16.44796,84.640667,20.268144,-2.66e-06,1.887e-05,-1.838e-05,1.7627311048554588,0.2308724545819975,-1.11022333e-08,-2.51133486e-07,,30.0,Gem,1,32164,,109.34526967309192,,,
32263,32349.0,48915.0,2491.0,Gl 244A,9Alp CMa,Sirius,6.752481,-16.716116,2.6371,-546.01,-1223.08,-9.4,-1.44,1.454,A0m...,0.009,-0.494323,2.476731,-0.758485,9.53e-06,-1.207e-05,-1.221e-05,1.7677953696021995,-0.291751258517685,-2.6471311772e-06,-5.929659164e-06,Alp,9.0,CMa,1,32263,Gl 244,22.824433121735037,,-1.333,-1.523
32276,32362.0,48737.0,2484.0,Gl 242,31Xi  Gem,Alzirr,6.754824,12.895591,17.9986,-115.16,-190.91,30.0,3.35,2.074,F5IV,0.443,-3.444569,17.203451,4.0169,3.25e-06,3.494e-05,-9.39e-06,1.768408782774948,0.2250705233692762,-5.583114345e-07,-9.25557797e-07,Xi,31.0,Gem,1,32276,,12.894366199598707,,,
32352,32438.0,48250.0,2470.0,,12    Lyn,,6.770595,59.44167,65.8328,-18.11,-8.67,-3.0,4.86,0.768,A3V,0.084,-6.706626,32.791585,56.689392,5.5e-06,1.96e-06,-4.05e-06,1.7725376297521214,1.0374528532082226,-8.77997575e-08,-4.2033346e-08,,12.0,Lyn,1,32352,,42.93386634704304,,,
32447,32533.0,49161.0,2503.0,,17    Mon,,6.788842,8.037254,151.0574,-23.34,-11.84,47.0,4.77,-1.126,K4III,1.396,-30.67067,146.395704,21.120444,6.72e-06,5.128e-05,-1.86e-06,1.7773146398892608,0.1402765447330337,-1.13155513e-07,-5.7401939e-08,,17.0,Mon,1,32447,,245.6970827636836,,,
32492,32578.0,49293.0,2506.0,,18    Mon,,6.79768,2.412159,112.8668,-12.97,-12.36,11.0,4.48,-0.783,K0III,1.099,-23.378565,110.316881,4.750306,4.55e-06,1.275e-05,-6.28e-06,1.7796285507970744,0.0421001176740125,-6.28803344e-08,-5.992297e-08,,18.0,Mon,1,32492,,179.14306484060262,,,
32521,32607.0,50241.0,2550.0,Gl 248,Alp Pic,,6.803194,-61.941391,29.6033,-68.39,242.03,20.6,3.24,0.883,A7IV,0.225,-2.906455,13.618019,-26.124095,1.13e-06,4.172e-05,-2.25e-06,1.7810719348143338,-1.0810812247976789,-3.315640761e-07,1.173394551e-06,Alp,,Pic,1,32521,,38.618908944898976,,,
32672,32759.0,50013.0,2538.0,,13Kap CMa,,6.830683,-32.508478,202.0202,-9.18,4.04,14.0,3.5,-3.027,B1.5IVne,-0.116,-36.758571,166.353338,-108.570651,5.71e-06,1.581e-05,-4.36e-06,1.788268719573411,-0.56737996961837,-4.45058959e-08,1.9586472e-08,Kap,13.0,CMa,1,32672,,1415.1419329314303,Kap,3.586,3.436
32675,32761.0,50337.0,2554.0,,,,6.830921,-53.622449,166.9449,-2.27,17.57,26.0,4.41,-1.703,G6II,0.899,-21.369861,96.682187,-134.411909,-4.08e-06,2.697e-05,-1.298e-05,1.7883308737038828,-0.9358882956595738,-1.10052705e-08,8.5181763e-08,,,Car,1,32675,,418.02282895403255,V415,4.422,4.402
32682,32768.0,50310.0,2553.0,,Tau Pup,,6.832266,-50.61456,55.8036,34.23,-65.85,36.0,2.94,-0.793,K0III...,1.207,-7.654383,34.572281,-43.130564,-1.111e-05,7.37e-06,-3.976e-05,1.788682995077575,-0.88339071643582,1.659517229e-07,-3.19249808e-07,Tau,,Pup,1,32682,,180.8006552110008,,,
32758,32844.0,49520.0,2516.0,,58Psi7Aur,,6.846097,41.78123,116.144,-23.94,-138.02,61.0,4.99,-0.335,K3III,1.256,-19.027882,84.492261,77.385743,-8.45e-06,9.886e-05,-1.638e-05,1.7923039984365428,0.7292200280263913,-1.160643951e-07,-6.69139841e-07,Psi-7,58.0,Aur,1,32758,,118.57687481671596,,,
32769,32855.0,50235.0,2549.0,,,,6.847876,-34.367318,250.0,4.52,0.85,30.0,4.99,-2.0,K2/K3III,1.379,-45.430987,201.296088,-141.124218,-1.105e-05,2.407e-05,-1.647e-05,1.7927696197438103,-0.599822861941985,2.19135784e-08,4.120916e-09,,,Pup,1,32769,,549.5408738576248,,,
32829,32916.0,49674.0,,,,Nervia,6.858475,40.867756,44.2282,34.96,-122.85,0.0,8.1,4.872,G0,0.729,-7.453896,32.605159,28.93919,-1.115e-05,1.513e-05,-1.992e-05,1.7955445390450488,0.7132769055559475,1.694908627e-07,-5.95593606e-07,,,Aur,1,32829,,0.979941161095594,,,
32932,33018.0,50019.0,2540.0,,34The Gem,,6.879816,33.961254,57.971,-2.66,-47.67,21.0,3.6,-0.216,A3III,0.102,-10.97736,46.812348,32.384569,-5.05e-06,2.48e-05,8.9e-07,1.801131679159616,0.5927356987815412,-1.28960439e-08,-2.31110681e-07,The,34.0,Gem,1,32932,,106.26738654024652,,,
33005,33092.0,50707.0,2571.0,,15    CMa,,6.892474,-20.224254,373.1343,-5.14,4.07,28.0,4.82,-3.039,B1Ib,-0.212,-81.065196,340.61587,-128.990912,2.23e-06,3.077e-05,-2.99e-06,1.8044455539550472,-0.352979816345735,-2.49194232e-08,1.9731916e-08,,15.0,CMa,1,33005,,1430.8694127493386,EY,4.832,4.812
33065,33152.0,50877.0,2580.0,,16Omi1CMa,,6.902209,-24.184211,100000.0,-3.46,5.02,36.0,3.89,-16.11,K3Iab,1.74,-21346.953289,88690.467029,-40967.166217,0.00138958,0.00139444,0.00220488,1.8069941172226585,-0.4220941040455975,-1.67745533e-08,2.4337646e-08,Omi-1,16.0,CMa,1,33065,,242102904.673618,Omi-1,4.086,3.826
33073,33160.0,50778.0,2574.0,,14The CMa,,6.903167,-12.038628,79.9361,-139.04,-14.47,97.0,4.08,-0.434,K4III,1.418,-18.313512,76.003688,-16.672541,2.993e-05,0.00010581,-2.618e-05,1.8072447737567623,-0.2101136938347162,-6.740849414e-07,-7.0152539e-08,The,14.0,CMa,1,33073,,129.89726288978545,,,
33115,33202.0,50635.0,2564.0,GJ 9220A,38    Gem,,6.910732,13.177827,25.6279,70.19,-77.79,14.8,4.73,2.686,F0Vp,0.321,-5.893353,24.247254,5.842527,-1.247e-05,1.44e-05,-5.96e-06,1.8092253735438208,0.2299964720550825,3.402907224e-07,-3.77136562e-07,,38.0,Gem,1,33115,GJ 9220,7.338376673335376,,,
33215,33302.0,51199.0,2590.0,,19Pi  CMa,,6.927064,-20.136497,29.5858,51.35,39.75,8.0,4.66,2.305,F2IV/V,0.374,-6.675726,26.963324,-10.185168,-9.47e-06,7.59e-06,2.54e-06,1.8135010023284688,-0.3514481687574174,2.48951825e-07,1.92713438e-07,Pi,19.0,CMa,1,33215,,10.423174293933036,,,
33258,33345.0,51250.0,2593.0,,18Mu  CMa,,6.935179,-14.04343,381.6794,-1.7,6.89,19.0,5.0,-2.908,B9.5V,1.182,-89.750517,359.229966,-92.617334,-2.27e-06,2.205e-05,7.65e-06,1.8156257148839647,-0.2451040857179575,-8.2418326e-09,3.3403662e-08,Mu,18.0,CMa,1,33258,,1268.235775555588,,,
33260,33347.0,51309.0,2596.0,,20Iot CMa,,6.935618,-17.054242,769.2308,-2.46,1.91,41.0,4.36,-5.07,B3Ib/II,-0.063,-178.337623,713.454932,-225.597739,-1.33e-06,4.314e-05,-5.49e-06,1.8157405496438552,-0.2976526749755163,-1.19264165e-08,9.259941e-09,Iot,20.0,CMa,1,33260,,9289.663867799363,Iot,4.371,4.351
33270,33357.0,51799.0,2608.0,,,,6.937775,-48.721144,263.8522,1.57,8.4,22.0,4.94,-2.167,M1III,1.668,-42.307688,168.850157,-198.287093,-7.52e-06,2.174e-05,-9.82e-06,1.8163052486012796,-0.8503443776619463,7.6115748e-09,4.0724349e-08,,,Pup,1,33270,,640.9143566447764,,,
33362,33449.0,50522.0,2560.0,,15    Lyn,,6.954612,58.422759,54.6747,6.58,-123.53,9.0,4.35,0.661,G5III-IV,0.85,-7.080952,27.740855,46.57936,-9.78e-06,3.127e-05,-9.3e-06,1.8207131001314767,1.019669509709534,3.19007402e-08,-5.98890339e-07,,15.0,Lyn,1,33362,,47.38053933388255,,,
33398,33485.0,50973.0,2585.0,,16    Lyn,,6.960309,45.094094,73.8552,-21.67,-3.18,-8.0,4.9,0.558,A2Vn,0.027,-12.970166,50.498584,52.309156,8.75e-06,-2.88e-06,-6.6e-06,1.82220462673266,0.7870404171005938,-1.050591246e-07,-1.5417075e-08,,16.0,Lyn,1,33398,,52.095474732855536,,,
33492,33579.0,52089.0,2618.0,,21Eps CMa,Adhara,6.977097,-28.972084,124.2236,2.63,2.29,27.0,1.5,-3.971,B2II,-0.211,-27.497987,105.141608,-60.171969,-7.81e-06,2.362e-05,-1.217e-05,1.8265996485677485,-0.5056582518554612,1.27505998e-08,1.1102233e-08,Eps,21.0,CMa,1,33492,,3375.981048554255,,,
33607,33694.0,49878.0,2527.0,,,,7.001081,76.977408,56.338,73.18,-13.88,-26.0,4.55,0.796,K4III,1.365,-3.289278,12.261351,54.888833,-1.871e-05,-7.4e-06,-2.676e-05,1.8328786483832,1.3435092131937925,3.547866514e-07,-6.7292138e-08,,,Cam,1,33607,,41.84080195674278,,,
33632,33719.0,52265.0,2622.0,,,Citalá,7.00501,-5.367162,28.9603,-115.76,80.35,54.0,6.29,3.981,G0III-IV,0.572,-7.499264,27.84151,-2.708925,1.12e-06,5.834e-05,6.06e-06,1.8339073673222293,-0.09367464645682,-5.612203166e-07,3.89547792e-07,,,Mon,1,33632,,2.226383629552908,,,
33769,33856.0,52877.0,2646.0,,22Sig CMa,Nganurganity,7.028652,-27.93483,343.6426,-6.01,4.64,22.0,3.49,-4.191,K4III,1.729,-80.775471,292.659236,-160.9853,3.4e-06,2.532e-05,-3.71e-06,1.8400968600486056,-0.4875547651656525,-2.91373022e-08,2.2495354e-08,Sig,22.0,CMa,1,33769,,4134.281080471351,Sig,3.546,3.446
33882,33971.0,52918.0,2648.0,,19    Mon,,7.048549,-4.239231,373.1343,-4.73,2.81,25.0,4.99,-2.869,B1V,-0.195,-100.870652,358.181085,-27.582498,1.22e-06,2.722e-05,3.18e-06,1.8453058353477376,-0.07398854379644,-2.29316871e-08,1.3623264e-08,,19.0,Mon,1,33882,,1223.4888053268153,V637,5.034,4.964
33888,33977.0,53138.0,2653.0,,24Omi2CMa,,7.050409,-23.833291,847.4576,-1.56,4.28,48.0,3.02,-6.621,B3Ia,-0.077,-210.498109,746.064177,-342.438173,-7.95e-06,5.18e-05,-3.75e-06,1.8457927748229328,-0.4159693974372812,-7.5630934e-09,2.0750025e-08,Omi-2,24.0,CMa,1,33888,,38761.44867002412,Omi-2,3.065,2.985
33956,34045.0,53244.0,2657.0,,23Gam CMa,Muliphein,7.062637,-15.633286,135.5014,-0.81,-11.2,32.0,4.11,-1.55,B8II,-0.112,-35.835279,125.471916,-36.514903,-7.6e-06,2.854e-05,-1.59e-05,1.8489940036388304,-0.2728523121174049,-3.9269908e-09,-5.4299132e-08,Gam,23.0,CMa,1,33956,,363.0780547701014,,,
33971,34059.0,53811.0,2672.0,,,,7.064896,-49.58392,60.5694,-53.69,139.0,27.0,4.92,1.009,A4IV,0.14,-10.806546,37.753134,-46.115083,1.68e-06,5.142e-05,5.44e-06,1.8495853744059303,-0.8654026544536187,-2.602964651e-07,6.73891015e-07,,,Pup,1,33971,,34.387452222912714,,,
34000,34088.0,52973.0,2650.0,,43Zet Gem,Mekbuda,7.068481,20.570297,421.9409,-5.72,-0.96,7.0,4.01,-4.116,G3Ibv SB,0.899,-109.067807,379.683873,148.25163,9.2e-06,1.034e-05,6.8e-07,1.850524028350753,0.3590194112756538,-2.77313425e-08,-4.654211e-09,Zet,43.0,Gem,1,34000,,3858.335599053513,Zet,4.172,3.702
34354,34444.0,54605.0,2693.0,,25Del CMa,Wezen,7.139857,-26.3932,492.6108,-2.75,3.33,34.0,1.83,-6.633,F8Ia,0.671,-129.733458,421.761488,-218.979855,-3.92e-06,3.508e-05,-8.33e-06,1.869210132341708,-0.4606482337374187,-1.33323762e-08,1.6144295e-08,Del,25.0,CMa,1,34354,,39192.2322454977,,,
34389,34481.0,55865.0,2736.0,,Gam2Vol,,7.145788,-70.498932,42.8633,23.71,108.06,3.0,3.78,0.62,G8IIIvar,1.006,-4.22812,13.669876,-40.404484,-1.126e-05,1.974e-05,4.6e-06,1.870763031806582,-1.2304384759654488,1.149493237e-07,5.23889663e-07,Gam-2,,Vol,1,34389,,49.20395356814509,,3.871,3.741
34404,34495.0,54893.0,2702.0,,,,7.147519,-39.655657,223.2143,-10.97,7.01,20.0,4.83,-1.914,B3IV/V,-0.179,-50.854474,164.1546,-142.449266,5.25e-06,2.318e-05,-7.21e-06,1.8712162086394684,-0.6921217756274087,-5.31840608e-08,3.3985439e-08,,,Pup,1,34404,,507.69162588824895,,,
34530,34622.0,54810.0,2701.0,,20    Mon,,7.170467,-4.237106,62.1891,0.0,217.85,79.0,4.91,0.941,K0III,1.02,-18.708565,59.13078,-4.594836,-2.577e-05,8.145e-05,5.953e-05,1.877223918,-0.0739514535422237,0.0,1.056166603e-06,,20.0,Mon,1,34530,,36.610022854654304,,,
34601,34693.0,54719.0,2697.0,,46Tau Gem,,7.185659,30.245163,98.4252,-31.0,-48.4,22.0,4.41,-0.556,K2III,1.261,-25.971151,80.964075,49.576976,4.59e-06,3.41e-05,-8.62e-06,1.8812012049428917,0.5278776758140663,-1.50292241e-07,-2.34649821e-07,Tau,46.0,Gem,1,34601,,145.34496779183144,,,
34660,34752.0,54716.0,2696.0,,63    Aur,,7.194255,39.320549,148.8095,44.17,2.09,-27.0,4.91,-0.953,K4II-III,1.451,-35.409626,109.539726,94.294231,-2.345e-05,-3.104e-05,-1.633e-05,1.8834515647442736,0.6862730386602938,2.141422027e-07,1.0132605e-08,,63.0,Aur,1,34660,,209.5077052365181,,,
34677,34769.0,55185.0,2714.0,,22Del Mon,,7.197739,-0.492764,117.7856,-0.22,6.68,15.0,4.15,-1.205,A2V,-0.005,-36.330133,112.038272,-1.012987,-4.62e-06,1.466e-05,3.68e-06,1.8843636486673367,-0.0086003596264112,-1.0665901e-09,3.2385553e-08,Del,22.0,Mon,1,34677,,264.24087573219475,,,
34741,34834.0,55892.0,2740.0,Gl 268.1,,,7.20935,-46.759305,21.427,-135.6,106.79,1.1,4.49,2.835,F0IV,0.324,-4.57015,13.949318,-15.609196,1.063e-05,1.28e-05,6.78e-06,1.88740354668568,-0.8161038258403712,-6.574073508e-07,5.17732529e-07,,,Pup,1,34741,,6.39734835482648,QW,4.506,4.476
34805,34899.0,56022.0,2746.0,,,,7.220377,-45.182739,56.5291,-24.84,-88.24,4.0,4.87,1.109,Ap,-0.003,-12.51457,37.828102,-40.099419,1.094e-05,-1.141e-05,-1.995e-05,1.890290230257465,-0.7885875632464213,-1.204277183e-07,-4.27799591e-07,,,Pup,1,34805,,31.36172916512987,OU,4.879,4.859
34828,34922.0,56096.0,2748.0,,,,7.225637,-44.639739,64.0615,107.12,325.32,53.0,4.42,0.387,M5e,1.331,-14.37652,43.256072,-45.012936,-6.612e-05,9.347e-05,3.38e-05,1.891667353158628,-0.7791104185361812,5.193324146e-07,1.577195865e-06,,,Pup,1,34828,,60.9817663998785,L-2,4.944,4.084
34887,34981.0,56014.0,2745.0,,27    CMa,,7.237559,-26.352507,531.9149,-6.58,3.89,16.3,4.42,-4.209,B3III,-0.17,-151.739539,451.839925,-236.11313,9.91e-06,2.378e-05,1.59e-06,1.8947885238685236,-0.4599380069815449,-3.19007402e-08,1.8859252e-08,,27.0,CMa,1,34887,,4203.393032365495,EW,4.462,4.402
34926,35020.0,56456.0,2762.0,,,,7.243928,-48.271927,115.4734,-4.18,0.63,39.0,4.75,-0.562,B8/B9V,-0.091,-24.589751,72.819168,-86.179461,-6.36e-06,2.615e-05,-2.953e-05,1.896455999679396,-0.8425040572746475,-2.02652118e-08,3.054326e-09,,,Pup,1,34926,,146.15039720061645,,,
34943,35037.0,56139.0,2749.0,,28Ome CMa,,7.246849,-26.772667,279.3296,-11.5,7.67,26.0,4.01,-3.221,B2IV/Ve,-0.15,-79.967595,236.217084,-125.824594,5.64e-06,3.191e-05,-2.71e-06,1.8972205211562336,-0.4672711936294212,-5.57535733e-08,3.7185209e-08,Ome,28.0,CMa,1,34943,,1691.9986025030057,Ome,4.025,3.775
35110,35205.0,56618.0,2766.0,,,,7.276387,-27.881179,124.2236,-12.48,38.83,42.0,4.66,-0.811,M2III,1.589,-36.012762,103.730384,-58.092035,-8.94e-06,4.866e-05,5.8e-07,1.9049537265834608,-0.48661836778492,-6.05047473e-08,1.88253152e-07,,,CMa,1,35110,,183.82306368835296,,,
35115,35210.0,56577.0,2764.0,,,,7.276898,-23.315594,434.7826,-4.91,3.01,28.0,4.83,-3.361,K4III,1.601,-131.002952,377.175131,-172.085079,3.2e-07,3.061e-05,-5.51e-06,1.9050875267119225,-0.4069338853122037,-2.38043517e-08,1.4592891e-08,,,CMa,1,35115,,1924.8637777825304,,,
35132,35228.0,57623.0,2803.0,,Del Vol,,7.280508,-67.957152,226.2443,-4.11,8.5,23.0,3.97,-2.803,F6II,0.76,-27.934552,80.182853,-209.706812,-1.49e-06,1.798e-05,-1.83e-05,1.90603250664888,-1.1860760474198324,-1.99258423e-08,4.1209162e-08,Del,,Vol,1,35132,,1151.330474155817,,,
35169,35264.0,56855.0,2773.0,,Pi  Pup,,7.285711,-37.09747,247.5248,-10.57,7.0,16.0,2.71,-4.258,K3Ib,1.616,-65.206299,186.349551,-149.300305,5.99e-06,2.129e-05,-3.17e-06,1.9073945586079477,-0.6474729920516262,-5.1244806e-08,3.3936957e-08,Pi,,Pup,1,35169,,4397.440784473689,Pi,2.741,2.681
35253,35350.0,56537.0,2763.0,GJ 9231A,54Lam Gem,,7.30155,16.540383,30.931,-46.09,-37.9,-9.2,3.58,1.128,A3V...,0.106,-9.909037,27.946222,8.805756,8.99e-06,-4.67e-06,-8.13e-06,1.911541309807028,0.28868414423664,-2.234506254e-07,-1.83744384e-07,Lam,54.0,Gem,1,35253,GJ 9231,30.81768416611512,,,
35266,35363.0,57150.0,2787.0,,,,7.30511,-36.733962,246.3054,-11.29,1.85,19.0,4.65,-2.307,B2V+...,-0.099,-66.140466,185.983966,-147.315434,7.04e-06,2.043e-05,-9.85e-06,1.9124731980646847,-0.6411285845207862,-5.47354645e-08,8.969053e-09,,,Pup,1,35266,,729.1216599950674,NV,4.694,4.494
35287,35384.0,56169.0,2751.0,,,,7.308883,49.464756,106.9519,-1.36,3.91,-12.0,5.0,-0.146,A4IIIn,0.087,-23.355106,65.468542,81.284039,3.86e-06,-8.73e-06,-8.01e-06,1.913461050307172,0.8633228488668725,-6.5934661e-09,1.8956214e-08,,,Lyn,1,35287,,99.63226419544176,,,
35315,35412.0,57060.0,2781.0,,29    CMa,,7.311216,-24.558701,584.7953,-2.84,2.68,-11.0,4.88,-3.955,O7f,-0.16,-179.020796,500.860177,-243.055684,9.96e-06,-3.95e-06,1.159e-05,1.9140719825238004,-0.4286301933111975,-1.37687085e-08,1.2993006e-08,,29.0,CMa,1,35315,,3326.595532940047,UW,5.205,4.805
35317,35415.0,57061.0,2782.0,,30Tau CMa,,7.311802,-24.954375,917.4312,-1.82,3.74,40.0,4.37,-5.443,O9Ib,-0.132,-280.07639,783.212348,-387.061103,-7.23e-06,4.426e-05,-2.18e-06,1.914225254793421,-0.4355360123447288,-8.823609e-09,1.8132031e-08,Tau,30.0,CMa,1,35317,,13097.849623996846,Tau,4.408,4.348
35453,35550.0,56986.0,2777.0,Gl 271A,55Del Gem,Wasat,7.335383,21.98232,18.5391,-18.72,-7.76,-15.3,3.5,2.16,F0IV...,0.374,-5.888392,16.151258,6.939513,6.46e-06,-1.281e-05,-6.5e-06,1.9203987458751912,0.3836638698115162,-9.0757121e-08,-3.7621541e-08,Del,55.0,Gem,1,35453,Gl 271,11.912420080273744,,,
35628,35727.0,57821.0,2812.0,,,,7.370425,-19.0166,147.4926,-1.66,-6.43,27.0,4.94,-0.904,B5II/III,-0.039,-48.962555,130.564555,-48.059375,-7.53e-06,2.346e-05,-1.334e-05,1.9295726825808128,-0.3319022827682912,-8.0479071e-09,-3.1173519e-08,,,CMa,1,35628,,200.2626690340903,,,
35806,35904.0,58350.0,2827.0,,31Eta CMa,Aludra,7.401584,-29.303104,609.7561,-3.76,6.66,41.0,2.45,-6.476,B5Ia,-0.083,-190.762166,496.337122,-298.432917,-6.2e-06,4.711e-05,-3.36e-06,1.9377301884962992,-0.5114356374748288,-1.82289944e-08,3.2288591e-08,Eta,31.0,CMa,1,35806,,33915.6386905822,Eta,2.509,2.409
35941,36041.0,58367.0,2828.0,,2Eps CMi,,7.427471,9.276097,319.4888,-2.95,-8.65,-8.0,4.99,-2.532,G8III,0.991,-115.111431,293.5477,51.499062,6.41e-06,-3.84e-06,-1.454e-05,1.9445074578574688,0.1618984390566487,-1.43020036e-08,-4.1936383e-08,Eps,2.0,CMi,1,35941,,897.0156084148144,,,
35946,36046.0,58207.0,2821.0,,60Iot Gem,,7.428779,27.79808,36.9004,-121.28,-84.43,8.0,3.78,0.945,G9III+...,1.024,-11.927106,30.38497,17.208794,1.498e-05,2.122e-05,-9.54e-06,1.944849859157222,0.4851680273783375,-5.879820318e-07,-4.0932819e-07,Iot,60.0,Gem,1,35946,,36.47539469256078,,,
36044,36145.0,58142.0,2818.0,,21    Lyn,,7.445237,49.211527,83.8926,-10.79,-48.57,27.0,4.61,-0.009,A1V,-0.001,-20.244731,50.928261,63.517493,-8.11e-06,3.228e-05,8e-06,1.949158591275284,0.858903171602465,-5.23113961e-08,-2.35474004e-07,,21.0,Lyn,1,36044,,87.82132798980062,,,
36087,36188.0,58715.0,2845.0,,3Bet CMi,Gomeisa,7.452512,8.289315,49.5786,-50.28,-38.45,22.0,2.89,-0.586,B8Vvar,-0.097,-18.209817,45.556204,7.147858,2.46e-06,2.64e-05,-5.9e-06,1.9510630590622124,0.144675846904975,-2.437643186e-07,-1.8641086e-07,Bet,3.0,CMi,1,36087,,149.41699574067007,Bet,2.896,2.876
36107,36208.0,,,Gl 273,,Luyten's Star,7.456805,5.225785,3.8026,571.27,-3694.25,18.2,9.84,11.94,M5,1.573,-1.409549,3.514856,0.346358,-1.899e-05,1.905e-05,-6.612e-05,1.952186961957238,0.0912071574928112,2.7695951129e-06,-1.7910229393e-05,,,CMi,1,36107,,0.0014588142602753,,,
36182,36284.0,58972.0,2854.0,,4Gam CMi,,7.469387,8.92553,97.561,-59.29,10.76,47.0,4.33,-0.616,K3III SB,1.425,-36.168237,89.336272,15.136711,8.47e-06,5.381e-05,1.249e-05,1.9554810618472271,0.15577988345208,-2.874460312e-07,5.2165952e-08,Gam,4.0,CMi,1,36182,,153.6031068385027,,,
36263,36366.0,58946.0,2852.0,Gl 274A,62Rho Gem,,7.485195,31.78455,18.0473,159.33,193.82,3.1,4.16,2.878,F0V...,0.32,-5.815731,14.195743,9.506008,-1.053e-05,-1.106e-05,1.608e-05,1.9596195119693256,0.5547450550764063,7.724536372e-07,9.39665875e-07,Rho,62.0,Gem,1,36263,Gl 274,6.148936385126262,,,
36274,36377.0,59717.0,2878.0,,Sig Pup,,7.487179,-43.301432,59.3824,-59.86,188.73,88.0,3.25,-0.618,K5III SB,1.509,-16.404069,39.982094,-40.72716,-2.306e-05,0.00010161,-2.219e-05,1.960138802667145,-0.7557525678474837,-2.902094692e-07,9.14988859e-07,Sig,,Pup,1,36274,,153.88631498199555,Sig,3.265,3.225
36322,36425.0,59294.0,2864.0,,6    CMi,,7.496606,12.006564,175.4386,1.26,-19.26,-15.0,4.55,-1.671,K2III,1.276,-65.527801,158.596503,36.495368,3.44e-06,-1.113e-05,-1.921e-05,1.9626069464507083,0.2095540759677525,6.1086524e-09,-9.3375114e-08,,6.0,CMi,1,36322,,405.8821946619183,,,
36328,36431.0,59612.0,2874.0,,,,7.497615,-23.024287,952.381,-2.65,4.94,37.0,4.85,-5.044,A6Ib/II,0.243,-334.92153,810.002495,-372.496613,-5.41e-06,4.51e-05,6.19e-06,1.962870912583828,-0.4018496194392937,-1.28475625e-08,2.3949795e-08,,,Pup,1,36328,,9069.84781505793,,,
36412,36514.0,59890.0,2881.0,,,,7.511834,-30.962281,460.8295,-11.74,0.84,14.0,4.65,-3.668,G2Ib...,0.904,-152.353154,364.613906,-237.084709,1.909e-05,2.233e-05,-5.76e-06,1.9665935989751464,-0.5403937473662025,-5.69171261e-08,4.072434e-09,,,Pup,1,36412,,2553.877135779325,,,
36444,36547.0,55966.0,2742.0,,,,7.517911,82.411466,153.1394,-3.71,-42.31,14.0,4.92,-1.005,M4IIIa,1.633,-7.826627,18.647411,151.798327,-1.024e-05,3.152e-05,1.004e-05,1.9681843816173588,1.4383514191591549,-1.79865875e-08,-2.05124668e-07,,,Cam,1,36444,,219.7859872784825,VZ,4.974,4.834
36667,36773.0,60414.0,2902.0,,,,7.563323,-14.523892,471.6981,-7.73,3.62,22.0,4.82,-3.548,A4Ia,1.362,-181.711894,418.911139,-118.294243,6.72e-06,2.892e-05,2.37e-06,1.9800733670841468,-0.2534897394352687,-3.74760975e-08,1.7550255e-08,,,Pup,1,36667,,2286.651602919521,KQ,4.89,4.71
36689,36795.0,60532.0,2906.0,Gl 279,,,7.567551,-22.296067,25.2972,-40.38,46.84,61.0,4.44,2.425,F6V,0.521,-9.338236,21.462897,-9.597779,-1.936e-05,5.69e-05,-1.835e-05,1.9811801260320632,-0.3891397769911388,-1.957677642e-07,2.27086727e-07,,,Pup,1,36689,,9.33254300796991,,,
36744,36850.0,60179.0,2891.0,Gl 278A,66Alp Gem,Castor,7.576634,31.888276,15.5958,-206.33,-148.18,6.0,1.58,0.615,A2Vm,0.034,-5.311938,12.130011,8.238737,9.83e-06,1.645e-05,-6.27e-06,1.983558270234413,0.5565554130270287,-1.0003160671e-06,-7.18396911e-07,Alp,66.0,Gem,1,36744,Gl 278,49.43106869868354,,,
36811,36917.0,60863.0,2922.0,,,,7.589694,-28.369323,67.9348,-66.9,-18.71,3.0,4.65,0.49,B8V,-0.111,-24.165667,54.673563,-32.279448,2.024e-05,8.7e-06,-6.88e-06,1.9869772240219172,-0.4951380997005912,-3.243403523e-07,-9.0708639e-08,,,Pup,1,36811,,55.46257129579104,,,
36836,36942.0,61248.0,2934.0,,,,7.594365,-52.533836,120.3369,23.44,-11.57,62.0,4.93,-0.472,K3III,1.373,-29.674646,66.915732,-95.513367,-2.596e-05,2.482e-05,-5.443e-05,1.9882000943528588,-0.9168884088132424,1.136403267e-07,-5.6092942e-08,,,Car,1,36836,,134.52407051486315,,,
36856,36962.0,60522.0,2905.0,,69Ups Gem,,7.598708,26.895741,83.0565,-39.58,-108.08,-21.0,4.06,-0.537,K5III,1.54,-30.104979,67.678521,37.572052,1.434e-05,6.96e-06,-4.853e-05,1.9893371279690208,0.4694192291170312,-1.918892548e-07,-5.23986625e-07,Ups,69.0,Gem,1,36856,,142.82360800191825,,,
36990,37096.0,61330.0,2937.0,,,,7.622809,-34.96853,110.4972,-13.65,16.53,24.0,4.53,-0.687,B8IV/V,-0.081,-37.322872,82.499218,-63.328989,-3.72e-06,2.596e-05,-6.81e-06,1.99564669795066,-0.6103159867776163,-6.61770674e-08,8.0139701e-08,,,Pup,1,36990,,163.98344276265362,,,
37067,37173.0,61429.0,2944.0,,,,7.638346,-25.364804,189.7533,-2.28,-6.7,41.0,4.69,-1.701,B8IV,-0.1,-71.308473,155.929559,-81.286705,-1.275e-05,3.293e-05,-2.353e-05,1.999714335279671,-0.442699349222015,-1.10537519e-08,-3.2482516e-08,,,Pup,1,37067,,417.25351123179394,PU,4.727,4.667
37124,37229.0,61555.0,2948.0,,,,7.647186,-26.803836,106.2699,-17.0,23.08,24.0,3.8,-1.332,B5IV,-0.159,-39.647242,86.168417,-47.921159,-3.44e-06,2.843e-05,-4.6e-07,2.0020287378396504,-0.4678151949187762,-8.24183257e-08,1.11894997e-07,,,Pup,1,37124,,297.0297844017863,,,
37159,37265.0,61110.0,2930.0,,71Omi Gem,Jishui,7.65276,34.584346,50.9944,-35.97,-118.03,7.0,4.89,1.352,F3III,0.413,-17.604251,38.11415,28.945417,-1.34e-06,2.411e-05,-1.996e-05,2.003487836109542,0.6036107060261138,-1.743874809e-07,-5.72225587e-07,Omi,71.0,Gem,1,37159,,25.07263624777119,,,
37173,37279.0,61421.0,2943.0,Gl 280A,10Alp CMi,Procyon,7.655033,5.224993,3.5142,-716.57,-1034.58,-4.0,0.4,2.671,F5IV-V,0.432,-1.469312,3.17617,0.320024,1.212e-05,2.89e-06,-1.792e-05,2.004083041242831,0.09119333187796,-3.4740293908e-06,-5.015785376e-06,Alp,10.0,CMi,1,37173,Gl 280,7.4404636619191935,,,
37178,37284.0,63454.0,,,,Ceibo,7.656083,-78.278972,34.5423,-20.65,-39.69,0.0,9.37,6.678,K4V,1.006,-2.947922,6.367903,-33.822035,5.87e-06,-4.45e-06,-1.35e-06,2.0043578070022807,-1.3662258006973038,-1.00114025e-07,-1.92422549e-07,,,Cha,1,37178,,0.1856949101490461,,,
37191,37297.0,61831.0,2961.0,,,,7.657595,-38.308021,170.3578,-21.35,16.03,26.0,4.84,-1.317,B3V,-0.189,-56.20691,121.287419,-105.603052,3.77e-06,3.379e-05,-6.1e-06,2.004753643307443,-0.66860109898822,-1.035077208e-07,7.7715632e-08,,,Pup,1,37191,,292.9543829769433,,,
37273,37379.0,61772.0,2959.0,,,,7.673114,-15.26392,213.2196,-2.27,-28.04,-0.6,4.98,-1.664,K3III,1.543,-87.24625,186.278637,-56.133385,5.61e-06,-6.45e-06,-2.78e-05,2.008816566703883,-0.2664056644903649,-1.10052705e-08,-1.35941756e-07,,,Pup,1,37273,,403.273792976113,,,
37340,37447.0,61935.0,2970.0,,26Alp Mon,,7.687454,-9.551131,45.3104,-74.8,-19.64,11.0,3.94,0.659,K0III,1.022,-19.103696,40.392645,-7.518267,1.042e-05,1.641e-05,-6.12e-06,2.0125706488944606,-0.1666986801523025,-3.626406331e-07,-9.5217406e-08,Alp,26.0,Mon,1,37340,,47.46789794829222,,,
37397,37504.0,63295.0,3024.0,,Zet Vol,,7.697004,-72.606098,43.2339,33.38,15.29,48.0,3.93,0.751,K0III,1.033,-5.555002,11.669749,-41.257317,-1.394e-05,1.3e-05,-4.589e-05,2.015071010019557,-1.2672154673799036,1.618308066e-07,7.4128011e-08,Zet,,Vol,1,37397,,43.61139713930644,,,
37502,37609.0,61497.0,2946.0,,24    Lyn,,7.716788,58.71036,81.8331,-36.99,-52.11,9.0,4.93,0.365,A3IVn,0.104,-18.465628,38.280249,69.93077,3.46e-06,2.659e-05,-2.87e-06,2.020250320839921,1.02468909243143,-1.793325804e-07,-2.52636408e-07,,24.0,Lyn,1,37502,,62.23002851691592,,,
37522,37629.0,62044.0,2973.0,,75Sig Gem,,7.721867,28.88351,38.3436,61.84,-231.26,46.0,4.23,1.312,K1III SB,1.118,-14.627301,30.220289,18.521324,-3.734e-05,5.076e-05,-1.491e-05,2.0215800633268257,0.5041123406739763,2.998087801e-07,-1.121180117e-06,Sig,75.0,Gem,1,37522,,26.01357256653131,Sig,4.285,4.205
37541,37648.0,62576.0,2993.0,,1    Pup,,7.725663,-28.410885,236.9668,-13.62,29.79,33.0,4.63,-2.243,K5III,1.632,-90.991731,187.515464,-112.746885,-5.99e-06,4.819e-05,1.404e-05,2.022573904223296,-0.4958634812725437,-6.60316233e-08,1.44425995e-07,,1.0,Pup,1,37541,,687.3849195903234,,,
37570,37677.0,62623.0,2996.0,,3    Pup,,7.73013,-28.954826,100000.0,-4.57,3.88,25.0,3.94,-16.06,A2Iab,0.16,-38291.587533,78676.76741,-48411.988585,0.00158373,0.00180838,0.00163342,2.02374340313513,-0.5053570434057625,-2.21559852e-08,1.881077e-08,,3.0,Pup,1,37570,,231206479.01755893,,,
37633,37740.0,62345.0,2985.0,,77Kap Gem,,7.740793,24.397993,43.3463,-22.45,-56.24,21.0,3.57,0.385,G8III,0.932,-17.374205,35.446541,17.905243,-6.52e-06,2.402e-05,-1.89e-06,2.0265349136441264,0.4258253002318862,-1.088406713e-07,-2.72659213e-07,Kap,77.0,Gem,1,37633,,61.09420249055721,,,
37711,37819.0,63032.0,3017.0,,,,7.754249,-37.968584,347.2222,-10.77,5.97,17.0,3.62,-4.083,K4III,1.706,-121.341631,245.368054,-213.621366,7.43e-06,2.586e-05,-2.77e-06,2.030057726123708,-0.66267680174546,-5.22144334e-08,2.8943376e-08,,,Pup,1,37711,,3742.8291224080526,,,
37718,37826.0,62509.0,2990.0,Gl 286,78Bet Gem,Pollux,7.755277,28.026199,10.3584,-625.69,-45.95,3.6,1.16,1.084,K0IIIvar,0.991,-4.055465,8.19518,4.867171,2.624e-05,1.782e-05,-3.1e-07,2.0303268874812184,0.4891494417459975,-3.0334307179e-06,-2.22771886e-07,Bet,78.0,Gem,1,37718,,32.09223768048434,,,
37800,37908.0,62721.0,3003.0,,81    Gem,,7.768736,18.510043,104.0583,-75.55,-51.53,81.0,4.89,-0.196,K5III,1.425,-44.076766,88.284547,33.03571,-4.68e-06,9.469e-05,1.65e-06,2.0338503280785627,0.3230612030357212,-3.662767357e-07,-2.49824489e-07,,81.0,Gem,1,37800,,104.32778814599652,,,
37933,38041.0,63765.0,,,,Tapecue,7.797127,-54.264145,33.2557,147.22,-278.72,-1.0,8.1,5.491,G6IV/V,0.745,-8.804898,17.312575,-26.994249,-4.35e-06,-4.38e-05,-2.541e-05,2.0412830792486294,-0.9470879906360374,7.137427005e-07,-1.35127269e-06,,,Car,1,37933,,0.5541151189716866,,,
37962,38070.0,63462.0,3034.0,,Omi Pup,,7.801436,-25.937169,434.7826,-10.22,4.92,15.0,4.4,-3.791,B1IV:nne,-0.07,-177.636172,348.30693,-190.167555,1.086e-05,2.612e-05,2.62e-06,2.042411117455366,-0.4526889892877113,-4.95479582e-08,2.3852833e-08,Omi,,Pup,1,37962,,2860.223693954283,Omi,4.418,4.388
37981,38089.0,63744.0,3046.0,,,,7.805608,-47.077722,71.2251,-101.31,-78.38,-1.0,4.69,0.427,K0III,1.039,-22.084008,43.185663,-52.156579,4.048e-05,-2.34e-06,-1.768e-05,2.043503375308527,-0.8216612599734174,-4.911647398e-07,-3.79996962e-07,,,Pup,1,37981,,58.77599636806001,,,
38057,38164.0,63922.0,3055.0,,,,7.820638,-46.373205,505.0505,-4.62,9.04,24.0,4.1,-4.417,B0III,-0.16,-159.874467,309.624302,-365.580595,-5.07e-06,3.447e-05,-2.5e-06,2.04743820101407,-0.809365116512385,-2.2398392e-08,4.3827156e-08,,,Pup,1,38057,,5090.9636952309365,,,
38062,38170.0,63700.0,3045.0,,7Xi  Pup,Azmidi,7.821571,-24.859786,367.6471,-5.56,-0.71,3.0,3.34,-4.487,G6Ia,1.218,-153.118527,296.362603,-154.558514,7.77e-06,6.55e-06,-2.44e-06,2.047682488138145,-0.4338851111190487,-2.69556406e-08,-3.442177e-09,Xi,7.0,Pup,1,38062,,5430.002130657378,,,
38304,38414.0,64440.0,3080.0,,,,7.870288,-40.575786,108.1081,-13.89,5.3,24.0,3.71,-1.459,G5III...,1.012,-38.618552,72.465137,-70.319408,-3.19e-06,2.147e-05,-1.386e-05,2.060436618769573,-0.7081810611676562,-6.73406202e-08,2.5695125e-08,,,Pup,1,38304,,333.8873767251231,,,
38343,38455.0,64503.0,3084.0,,,,7.877402,-38.862812,198.8072,-9.49,4.02,-31.0,4.49,-2.002,B2V,-0.188,-73.05857,136.476492,-124.742956,1.857e-05,-1.53e-05,2.291e-05,2.06229905842284,-0.6782840294667962,-4.60088183e-08,1.9489509e-08,,,Pup,1,38343,,550.5540984847946,QZ,4.522,4.462
38388,38500.0,64740.0,3089.0,,,,7.884344,-49.613044,232.5581,-8.44,14.65,8.0,4.63,-2.203,B1.5Vp,-0.228,-71.357379,132.71839,-177.136266,-9e-08,2.026e-05,4.47e-06,2.064116359965097,-0.865910966529465,-4.09182746e-08,7.1025204e-08,,,Pup,1,38388,,662.5215359025822,,,
38406,38518.0,64760.0,3090.0,,,,7.888378,-48.102934,507.6142,-4.9,5.89,41.0,4.22,-4.308,B0.5Ib,-0.13,-160.841113,298.394134,-377.840741,-7.79e-06,3.987e-05,-2.153e-05,2.0651724691361344,-0.8395545751391562,-2.37558703e-08,2.8555525e-08,,,Pup,1,38406,,4604.685783785738,,,
38426,38538.0,64145.0,3067.0,,83Phi Gem,,7.891616,26.765783,68.2128,-34.02,-31.17,8.0,4.97,0.801,A3V,0.098,-28.943408,53.587317,30.719285,4.22e-06,1.586e-05,-5.52e-06,2.0660201638308764,0.4671510357312899,-1.649336141e-07,-1.51116424e-07,Phi,83.0,Gem,1,38426,,41.648560934074126,,,
38713,38827.0,65575.0,3117.0,,Chi Car,,7.946313,-52.98236,139.47,-28.38,16.76,19.0,3.46,-2.262,B3IVp,-0.177,-40.958494,73.302689,-111.359983,6.63e-06,2.747e-05,-8.69e-06,2.080339758086428,-0.924716624020745,-1.375901225e-07,8.1254772e-08,Chi,,Car,1,38713,,699.5197810512135,Chi,3.467,3.457
38721,38835.0,65228.0,3102.0,,11    Pup,,7.94765,-22.880119,160.0,-29.61,12.28,14.0,4.2,-1.821,F7/F8II,0.718,-71.949183,128.660129,-62.208733,1.18e-05,2.596e-05,3.21e-06,2.080689972908356,-0.3993334030677087,-1.435533308e-07,5.9535119e-08,,11.0,Pup,1,38721,,466.0151117021842,,,
38788,38901.0,65456.0,3113.0,,,,7.961141,-30.33457,371.7472,-8.11,7.14,28.0,4.76,-3.091,A7III,0.151,-157.590853,279.483537,-187.750479,-2.6e-06,3.437e-05,-3.36e-06,2.084221793964092,-0.52943811711266,-3.93183895e-08,3.4615696e-08,,,Pup,1,38788,,1501.0667325703694,,,
38847,38957.0,65818.0,3129.0,,,,7.970678,-49.244912,294.1176,-7.48,6.91,19.0,4.47,-2.873,B1Vp + B2,-0.18,-94.72468,167.015922,-222.796274,-6.6e-07,2.279e-05,-8.29e-06,2.086718525689446,-0.8594858498695312,-3.62640633e-08,3.3500625e-08,,,Pup,1,38847,,1228.004617988788,V,4.913,4.373
38969,39079.0,65695.0,3122.0,,27    Mon,,7.995598,-3.679583,84.246,-55.17,-1.84,-29.0,4.93,0.302,K2III,1.205,-41.952099,72.856948,-5.406614,3.432e-05,-1.445e-05,1.15e-06,2.093242637622559,-0.0642208350549962,-2.674717076e-07,-8.920571e-09,,27.0,Mon,1,38969,,65.94775259494851,,,
38985,39095.0,65810.0,3131.0,,,,7.997792,-18.399228,73.9645,-7.29,-35.07,-12.0,4.61,0.265,A1V,0.087,-35.056533,60.800842,-23.345844,1.006e-05,-1.222e-05,-8.06e-06,2.093817022749473,-0.3211271017113737,-3.53429173e-08,-1.70024157e-07,,,Pup,1,38985,,68.23386941416697,,,
39028,39138.0,66591.0,3159.0,,,,8.005547,-63.567456,153.1394,-1.88,19.31,22.0,4.81,-1.115,B3V,-0.173,-34.170263,58.986665,-137.130239,-1.025e-05,2.047e-05,-1.377e-05,2.0958472212481496,-1.1094613988466913,-9.1144972e-09,9.3617521e-08,,,Car,1,39028,,243.2204009073816,,,
39100,39211.0,65953.0,3141.0,,28    Mon,,8.020371,-1.392608,137.931,65.97,-75.73,27.0,4.69,-1.008,K4III,1.475,-69.581124,119.047291,-3.352171,-5.139e-05,5.1e-07,-5.129e-05,2.0997281595263693,-0.0243055985572499,3.198315851e-07,-3.671494e-07,,28.0,Mon,1,39100,,220.3941181810109,V645,4.706,4.676
39200,39311.0,66141.0,3145.0,,,,8.03776,2.334571,77.8816,-28.04,105.49,71.0,4.39,-0.067,K2III,1.252,-39.573096,67.004089,3.172507,-2.696e-05,6.646e-05,4.275e-05,2.1042807115096345,0.0407459450120712,-1.35941756e-07,5.11429951e-07,,,CMi,1,39200,,92.64031007363997,,,
39313,39424.0,66216.0,3149.0,,Chi Gem,,8.058634,27.794332,78.5546,-28.53,-35.25,-11.0,4.94,0.464,K2III,1.13,-35.665386,59.640931,36.629896,1.122e-05,2.41e-06,-1.712e-05,2.1097454517232483,0.4851026106528074,-1.383173431e-07,-1.70896822e-07,Chi,,Gem,1,39313,,56.8067574106772,,,
39318,39429.0,66811.0,3165.0,,Zet Pup,Naos,8.059737,-40.003148,332.2259,-30.82,16.77,-24.0,2.21,-5.397,O5IAf,-0.269,-130.674899,218.376203,-213.564535,4.333e-05,2.425e-05,3.647e-05,2.110034132578707,-0.6981866375965275,-1.494195763e-07,8.1303254e-08,Zet,,Pup,1,39318,,12554.51673687138,Zet,2.224,2.194
39644,39757.0,67523.0,3185.0,,15Rho Pup,Tureis,8.125737,-24.304324,19.4818,-83.29,46.38,46.0,2.83,1.382,F2mF5IIp,0.458,-9.379037,15.076242,-8.018549,-1.692e-05,4.209e-05,-1.537e-05,2.127312993738498,-0.4241904755048812,-4.038013145e-07,2.24856585e-07,Rho,15.0,Pup,1,39644,,24.389337302789126,Rho,2.875,2.775
39681,39794.0,68520.0,3223.0,,Eps Vol,,8.132173,-68.617062,172.4138,-29.88,30.58,10.0,4.35,-1.833,B6IV,-0.113,-33.295483,53.320205,-160.545681,6.6e-06,3.658e-05,-2e-07,2.128997948454632,-1.1975936557597988,-1.448623278e-07,1.48256023e-07,Eps,,Vol,1,39681,,471.194269420276,,,
39734,39847.0,67006.0,3173.0,,27    Lyn,,8.140963,51.50667,76.6871,-60.1,-2.15,11.0,4.78,0.356,A2V,0.048,-25.374808,40.428392,60.021585,1.487e-05,1.834e-05,8.31e-06,2.131299244486057,0.8989609857944275,-2.91373022e-07,-1.0423494e-08,,27.0,Lyn,1,39734,,62.7480161997852,,,
39750,39863.0,67594.0,3188.0,,29Zet Mon,,8.143236,-2.983786,324.6753,-16.79,-3.89,30.0,4.36,-3.197,G2Ib,0.97,-172.53083,274.520877,-16.900451,6.24e-06,3.973e-05,-7.71e-06,2.1318940707481016,-0.0520768880184549,-8.1400217e-08,-1.8859252e-08,Zet,29.0,Mon,1,39750,,1655.0076287699912,,,
39790,39903.0,68456.0,3220.0,Gl 297.1,,,8.150213,-61.302429,19.98,-155.04,-297.69,25.0,4.74,3.237,F5V,0.437,-5.120016,8.113858,-17.525983,1.964e-05,-2.99e-06,-3.627e-05,2.1337208510176096,-1.0699292303661436,-7.516551303e-07,-1.443241845e-06,,,Car,1,39790,,4.417738448896477,,,
39793,39906.0,67797.0,3192.0,,16    Pup,,8.150455,-19.245014,142.6534,-9.97,-5.46,19.0,4.4,-1.371,B5V,-0.16,-71.881704,113.895555,-47.019828,-3.3e-06,1.814e-05,-9.97e-06,2.1337840990606654,-0.3358888616197275,-4.8335924e-08,-2.6470826e-08,,16.0,Pup,1,39793,,307.8931309741613,,,
39840,39953.0,68273.0,3207.0,,Gam2Vel,,8.158876,-47.336588,342.4658,-5.93,9.9,35.0,1.75,-5.923,WC8 + O9I,-0.145,-124.300149,195.993257,-251.831601,-1.115e-05,3.596e-05,-1.518e-05,2.135988613442301,-0.8261793110301525,-2.87494513e-08,4.7996554e-08,Gam-2,,Vel,1,39840,,20379.803862870547,Gam-2,1.767,1.727
39971,40084.0,68290.0,3211.0,,19    Pup,,8.187863,-12.926999,54.1712,-26.04,8.08,36.0,4.72,1.051,K0III,0.939,-28.615326,44.371776,-12.11868,-1.396e-05,3.426e-05,-6.17e-06,2.143577468352029,-0.2256186892367312,-1.262454824e-07,3.9172945e-08,,19.0,Pup,1,39971,,33.08262788556977,,,
39978,40091.0,68553.0,3225.0,,,,8.189304,-39.618545,520.8333,-8.91,3.1,16.0,4.44,-4.143,K4III,1.59,-217.566963,337.08653,-332.12161,9.36e-06,2.698e-05,-4.41e-06,2.1439548170271343,-0.69147406249429,-4.31968989e-08,1.5029224e-08,,,Pup,1,39978,,3955.4873505556175,NS,4.462,4.422
39983,40096.0,68601.0,3226.0,,,,8.190526,-42.987278,100000.0,-5.33,4.6,19.0,4.73,-15.27,A7Ib,0.164,-39688.333489,61447.812029,-68183.594917,0.00133782,0.00269103,0.00161797,2.14427469689502,-0.7502695308624963,-2.58405692e-08,2.2301429e-08,,,Pup,1,39983,,111686324.77805611,,,
40054,40167.0,68255.0,3210.0,,16Zet2Cnc,Tegmine,8.203535,17.647771,25.0815,28.29,-150.94,-11.0,4.67,2.673,G0V,0.531,-13.035978,20.033032,7.603791,-7e-08,-6.2e-06,-2.09e-05,2.147680389095665,0.3080117029445212,1.371537902e-07,-7.31777769e-07,Zet-2,16.0,Cnc,1,40054,,7.426770437146974,,,
40145,40259.0,68752.0,3229.0,,20    Pup,,8.222213,-15.788221,266.6667,-11.52,-2.85,17.0,4.99,-2.14,G5Ib/II,1.066,-141.007112,214.391986,-72.555365,3.8e-06,2.132e-05,-8.28e-06,2.15257043530781,-0.2755564459004037,-5.5850536e-08,-1.3817189e-08,,20.0,Pup,1,40145,,625.1726927756862,,,
40159,40274.0,68980.0,3237.0,,,,8.224866,-35.899518,284.9003,-7.3,10.07,35.0,4.78,-2.493,B2ne,-0.11,-126.950621,192.728371,-167.055901,-1.202e-05,3.657e-05,-9.72e-06,2.153264921325261,-0.6265647838185512,-3.53913987e-08,4.8820737e-08,,,Pup,1,40159,,865.3663429563486,MX,4.857,4.627
40211,40326.0,69142.0,3243.0,,,,8.234143,-40.34789,91.4913,44.84,-65.79,14.0,4.42,-0.387,K1II/III,1.17,-38.497885,58.137119,-59.234021,-1.218e-05,-1.763e-05,-3.151e-05,2.1556934821664755,-0.70420352889055,2.173904544e-07,-3.1895892e-07,,,Pup,1,40211,,124.39416235583084,,,
40411,40526.0,69267.0,3249.0,,17Bet Cnc,Tarf,8.275256,9.185545,93.0233,-46.8,-48.65,22.0,3.53,-1.313,K4III,1.481,-51.522087,76.015371,14.84954,3.04e-06,3.313e-05,-1.807e-05,2.166456903687978,0.1603179982087687,-2.268928025e-07,-2.35861855e-07,Bet,17.0,Cnc,1,40411,,291.87708481971424,,,
40572,40687.0,68988.0,,,,Násti,8.306136,61.460722,54.5256,128.33,31.73,0.0,8.2,4.517,G0,0.652,-14.7896,21.444841,47.900183,-2.374e-05,-2.532e-05,4.01e-06,2.174541432912217,1.072691957024575,6.221613963e-07,1.5383138e-07,,,UMa,1,40572,,1.3589391171008005,,,
40587,40702.0,71243.0,3318.0,Gl 305,Alp Cha,,8.308703,-76.919722,19.5618,109.84,106.92,-13.2,4.05,2.593,F5III,0.413,-2.515914,3.642744,-19.054133,-1.245e-05,-3.1e-07,1.544e-05,2.175213363544284,-1.3425024173256137,5.325193467e-07,5.18362787e-07,Alp,,Cha,1,40587,,7.99466002520316,,,
40591,40706.0,70060.0,3270.0,GJ 1109,,,8.309258,-36.659288,28.6287,-111.27,100.62,5.1,4.44,2.156,A4m...,0.222,-13.053888,18.895299,-17.092944,5.59e-06,1.908e-05,8.09e-06,2.1753586147934043,-0.6398252805791562,-5.394521824e-07,4.87819525e-07,,,Pup,1,40591,,11.956387999881212,,,
40766,40881.0,70011.0,3268.0,,19Lam Cnc,Piautos,8.34226,24.022314,140.2525,-20.67,-17.84,23.0,5.92,0.185,B9.5V,-0.039,-73.723045,104.765465,57.095809,-3.71e-06,2.97e-05,-1.5e-06,2.183998647153857,0.41926846620585,-1.002109878e-07,-8.649076e-08,Lam,19.0,Cnc,1,40766,,73.45138681571152,,,
40773,40888.0,71701.0,3340.0,,The Cha,,8.344115,-77.484477,47.619,-129.09,40.78,22.0,4.34,0.951,K0III-IV,1.161,-5.942562,8.436434,-46.487637,1.626e-05,2.866e-05,-1.993e-05,2.184484093847673,-1.3523592460635925,-6.258459802e-07,1.97707018e-07,The,,Cha,1,40773,,36.27438014764577,,,
40830,40945.0,70555.0,3282.0,,,,8.356397,-33.054366,308.642,-11.31,2.38,33.0,4.83,-2.617,K2/K3III,1.419,-149.654998,211.006362,-168.34418,-3.69e-06,3.445e-05,-1.542e-05,2.187699510216261,-0.5769075210375563,-5.48324273e-08,1.1538565e-08,,,Pup,1,40830,,970.0631337839573,,,
40921,41037.0,71129.0,3307.0,,Eps Car,Avior,8.375236,-59.509483,185.5288,-25.34,22.72,2.0,1.86,-4.482,K3III+B2V,1.196,-54.83708,76.515238,-159.872623,7.66e-06,2.843e-05,8.61e-06,2.192631676046867,-1.038636414190405,-1.228517867e-07,1.10149668e-07,Eps,,Car,1,40921,,5405.053537086696,,,
40922,41039.0,70930.0,3294.0,,,,8.375471,-48.490381,526.3158,-6.28,6.81,27.0,4.79,-3.816,B1V,-0.146,-203.211129,283.50707,-394.128854,-5.22e-06,3.478e-05,-9.16e-06,2.1926931305948827,-0.8463168001116538,-3.04462991e-08,3.3015811e-08,,,Vel,1,40922,,2926.846862378789,,,
40959,41075.0,70272.0,3275.0,,31    Lyn,Alsciaukat,8.380588,43.188131,117.2333,-25.62,-99.44,24.0,4.25,-1.095,K5III,1.55,-49.889521,69.406143,80.234157,-2.12e-05,5.444e-05,-2.441e-05,2.194032684168932,0.7537750756361737,-1.24209265e-07,-4.82098723e-07,,31.0,Lyn,1,40959,,238.7811282913176,BN,4.265,4.235
41190,41307.0,71155.0,3314.0,,,,8.427676,-3.906424,37.5094,-66.05,-24.2,10.0,3.91,1.039,A0V,-0.012,-22.21508,30.115144,-2.555415,3.79e-06,1.51e-05,-5.09e-06,2.206360325079935,-0.0681799535929625,-3.20219436e-07,-1.1732491e-07,,,Hya,1,41190,,33.45029868260137,,,
41195,41312.0,71878.0,3347.0,GJ 3499,Bet Vol,,8.428951,-66.13689,32.9707,-35.83,-152.15,27.4,3.77,1.179,K2IIIvar,1.132,-7.921708,10.731349,-30.152411,1.108e-05,-5.37e-06,-3.547e-05,2.206694335048509,-1.1543064893851225,-1.737087417e-07,-7.37644014e-07,Bet,,Vol,1,41195,,29.40356573672507,,,
41586,41704.0,71369.0,3323.0,,1Omi UMa,Muscida,8.504431,60.718169,54.9149,-134.31,-107.73,20.0,3.35,-0.348,G4II-III,0.856,-16.37548,21.290022,47.898272,6.99e-06,4.956e-05,3.81e-06,2.2264548414090246,1.0597319679644424,-6.511532544e-07,-5.22289778e-07,Omi,1.0,UMa,1,41586,,120.00518202042646,,,
42015,42134.0,73389.0,3414.0,,,,8.5888,-58.009228,68.0735,53.8,27.3,24.0,4.84,0.675,K0III,0.981,-22.613761,28.093587,-57.735593,-2.678e-05,4.95e-06,-1.604e-05,2.248542549260401,-1.0124520299013275,2.608297601e-07,1.32354134e-07,,,Car,1,42015,,46.77351412871981,,,
42193,42312.0,73634.0,3426.0,,,,8.627399,-42.989081,558.6592,-10.38,9.47,19.0,4.11,-4.626,A6II,0.109,-259.443213,315.728058,-380.926901,1.59e-06,4.234e-05,5.51e-06,2.2586476946679745,-0.7503009992712687,-5.032366e-08,4.5911855e-08,,,Vel,1,42193,,6171.631684555837,,,
42195,42313.0,73262.0,3410.0,,4Del Hya,,8.627602,5.703782,49.1642,-70.27,-6.99,11.0,4.14,0.682,A1Vnn,0.003,-31.060832,37.795209,4.886214,5.73e-06,1.941e-05,-5.4e-07,2.258700857062484,0.099549769475835,-3.406785733e-07,-3.3888476e-08,Del,4.0,Hya,1,42195,,46.47292416762036,,,
42283,42402.0,73471.0,3418.0,,5Sig Hya,Minchir,8.645955,3.341435,114.2857,-19.03,-16.29,25.0,4.45,-0.84,K2III,1.216,-72.861703,87.795627,6.661268,-8.52e-06,2.678e-05,-7.52e-06,2.2635056987246203,0.058319044958705,-9.22600434e-08,-7.8976148e-08,Sig,5.0,Hya,1,42283,,188.7991349096293,,,
42327,42446.0,73534.0,,,,Gakyid,8.65439,12.960375,81.0373,-113.68,-93.19,0.0,8.23,3.687,G5,0.962,-50.568104,60.659599,18.174814,2.904e-05,3.49e-05,-3.568e-05,2.2657140895583194,0.226201221768655,-5.511361921e-07,-4.51797868e-07,,,Cnc,1,42327,,2.918770848197142,,,
42364,42483.0,73898.0,3433.0,,Zet Pyx,,8.661799,-29.561084,74.9064,-25.41,-91.25,-32.0,4.86,0.487,G5III,0.9,-41.817563,49.965426,-36.955019,3.584e-05,-2.844e-05,-1.268e-05,2.267653636077383,-0.5159382399342263,-1.231911562e-07,-4.42392483e-07,Zet,,Pyx,1,42364,,55.61603195975923,,,
42390,42509.0,73840.0,3431.0,,6    Hya,,8.667076,-12.475372,119.0476,-79.88,0.93,-11.0,4.98,-0.399,K3III,1.415,-74.725017,89.034455,-25.716635,4.23e-05,2.131e-05,2.95e-06,2.26903512639478,-0.2177363185482887,-3.87269168e-07,4.508767e-09,,6.0,Hya,1,42390,,125.77664324512544,,,
42396,42515.0,74006.0,3438.0,,Bet Pyx,,8.668373,-35.308352,127.551,9.68,-21.18,-13.0,3.97,-1.558,G5II/III,0.936,-66.942302,79.706384,-73.721425,7.26e-06,-1.795e-05,-3e-06,2.2693746966371875,-0.6162470014809488,4.69299643e-08,-1.02683537e-07,Bet,,Pyx,1,42396,,365.76319300945227,,,
42408,42527.0,73108.0,3403.0,,4Pi 2UMa,,8.67024,64.327936,78.4929,-59.42,26.44,15.0,4.59,0.116,K2III,1.179,-21.882091,26.028746,70.744858,1.886e-05,1.27e-05,1.819e-05,2.2698635163324714,1.1227342826164488,-2.88076289e-07,1.28184737e-07,Pi-2,4.0,UMa,1,42408,,78.2708409590612,,,
42416,42536.0,74195.0,3447.0,,,,8.671554,-52.921887,151.2859,-24.62,35.09,16.0,3.6,-2.299,B3IV,-0.168,-58.71851,69.796529,-120.698168,-5.75e-06,3.488e-05,2.46e-06,2.2702075565901287,-0.9236611784402,-1.193611282e-07,1.7012112e-07,Omi,,Vel,1,42416,,723.7690370745288,Omi,3.623,3.573
42437,42556.0,73731.0,3429.0,,41Eps Cnc,Meleph,8.67417,19.544808,179.8561,-33.74,-13.57,30.0,6.29,0.015,Am,0.17,-109.202884,129.624965,60.169858,1.32e-06,4.409e-05,-8.9e-07,2.270892450708812,0.34112124334436,-1.635761358e-07,-6.5789216e-08,Eps,41.0,Cnc,1,42437,,85.90135215053961,,,
42449,42568.0,74375.0,3457.0,,,,8.676953,-59.761003,442.4779,-6.87,4.92,13.0,4.31,-3.919,B1.5III,-0.117,-143.69503,170.315593,-382.271019,1.07e-06,2.159e-05,-6.17e-06,2.271621005566376,-1.0430262602877112,-3.33066999e-08,2.3852833e-08,,,Car,1,42449,,3218.103443093442,V343,4.32,4.3
42452,42570.0,74180.0,3445.0,,,,8.677103,-46.648744,100000.0,-6.3,4.29,25.0,3.77,-16.23,F3Ia,0.67,-44268.895114,52465.832585,-72715.89497,0.00134764,0.0031387,0.00140904,2.2716603077464583,-0.8141741820130725,-3.05432619e-08,2.0798506e-08,,,Vel,1,42452,,270395836.4108846,,,
42505,42624.0,74272.0,3452.0,,,,8.686982,-47.317125,781.25,-10.53,6.87,17.0,4.74,-4.724,A5II,0.137,-342.599425,403.912027,-574.310463,1.042e-05,4.937e-05,4.86e-06,2.274246473304795,-0.8258396155663837,-5.10508806e-08,3.3306699e-08,,,Vel,1,42505,,6754.605666335012,,,
42543,42662.0,74137.0,3441.0,,9    Hya,,8.695371,-15.943384,64.9351,3.54,-96.82,-2.0,4.87,0.808,K0IIICN...,1.063,-40.492194,47.526772,-17.836846,5.86e-06,-8.59e-06,-2.874e-05,2.276442831171037,-0.2782645432202937,1.71624043e-08,-4.69396605e-07,,9.0,Hya,1,42543,,41.38090648167254,,,
42607,42726.0,74560.0,3467.0,,,,8.707054,-53.113984,148.5884,-24.88,23.21,22.0,4.83,-1.03,B3IV,-0.173,-58.047162,67.710972,-118.845793,-3.89e-06,3.207e-05,-7.96e-06,2.2795015105606176,-0.9270139014040188,-1.206216437e-07,1.12525255e-07,,,Vel,1,42607,,224.90546058357805,HY,4.852,4.802
42680,42799.0,74280.0,3454.0,,7Eta Hya,,8.72041,3.398662,179.8561,-19.14,-1.29,17.0,4.3,-1.975,B3V...,-0.192,-117.329664,135.898249,10.66243,1.25e-06,2.409e-05,-9e-08,2.282997936058288,0.05931784627666,-9.27933385e-08,-6.254096e-09,Eta,7.0,Hya,1,42680,,537.0317963702527,Eta,4.313,4.293
42687,42806.0,74198.0,3449.0,,43Gam Cnc,Asellus Borealis,8.721431,21.468501,55.5556,-106.94,-39.25,29.0,4.66,0.936,A1IV,0.01,-33.797361,39.125009,20.33287,1.22e-06,4.264e-05,1.02e-06,2.2832652284771875,0.3746960219680212,-5.1845975e-07,-1.90289369e-07,Gam,43.0,Cnc,1,42687,,36.77900704223862,,,
42709,42828.0,74575.0,3468.0,,Alp Pyx,,8.726539,-33.186385,269.5418,-14.28,10.6,15.0,3.68,-3.473,B1.5III,-0.18,-147.689477,170.508984,-147.537653,7.3e-07,2.765e-05,3.19e-06,2.284602472225306,-0.5792116933353125,-6.92313936e-08,5.139025e-08,Alp,,Pyx,1,42709,,2134.027442848977,,,
42716,42835.0,74395.0,3459.0,,,,8.727882,-7.23373,235.8491,-11.68,-1.05,31.0,4.63,-2.233,G2Ib,0.84,-153.247381,176.799963,-29.697511,-1.041e-05,3.24e-05,-5.18e-06,2.2849540345204185,-0.1262524115422512,-5.66262379e-08,-5.090543e-09,,,Hya,1,42716,,681.0829367676388,,,
42765,42884.0,74772.0,3477.0,Gl 321.1,,,8.739987,-42.649276,70.1754,-23.88,19.46,-2.3,4.05,-0.181,G5III,0.874,-33.930288,38.895322,-47.544435,4.31e-06,7.42e-06,6.46e-06,2.2881231589818145,-0.7443702884835075,-1.157735069e-07,9.4344742e-08,,,Vel,1,42765,,102.8963572296754,,,
42792,42911.0,74442.0,3461.0,,47Del Cnc,Asellus Australis,8.74475,18.154309,40.032,-17.1,-228.46,17.0,3.94,0.928,K0III,1.083,-25.041776,28.63397,12.473108,-1.747e-05,2.502e-05,-3.671e-05,2.2893702005975305,0.3168524594533274,-8.29031394e-08,-1.107605334e-06,Del,47.0,Cnc,1,42792,,37.05100563019239,,,
42794,42913.0,74956.0,3485.0,Gl 321.3A,Del Vel,Alsephina,8.745059,-54.708821,24.6975,28.78,-104.14,2.2,1.93,-0.033,A1V,0.043,-9.394033,10.739813,-20.158771,3.25e-06,-8.95e-06,-9.04e-06,2.289451210882051,-0.9548490567434526,1.395293773e-07,-5.04884966e-07,Del,,Vel,1,42794,Gl 321.3,89.78421709097269,Del,1.939,1.929
42904,43023.0,75063.0,3487.0,,,,8.767124,-46.041527,568.1818,-12.23,4.82,24.0,3.87,-4.902,A1III,0.015,-261.370054,295.35393,-409.001899,7.6e-06,4.224e-05,-8.45e-06,2.29522777618876,-0.8035762455298338,-5.92927131e-08,2.3368019e-08,,,Vel,1,42904,,7957.927898970918,,,
42948,43067.0,74918.0,3484.0,,12    Hya,,8.772927,-13.54772,75.1315,17.57,-6.22,-8.0,4.32,-0.059,G8III,0.9,-48.487966,54.625007,-17.599924,8.5e-07,-1.059e-05,-2.9e-07,2.296746950340432,-0.2364523208598375,8.51817637e-08,-3.015541e-08,,12.0,Hya,1,42948,,91.96021966586174,,,
42984,43103.0,74739.0,3475.0,,48Iot Cnc,,8.778284,28.759898,101.5228,-20.69,-43.95,16.0,4.03,-1.003,G8Iab:,1.007,-59.175263,66.476982,48.846771,-8.85e-06,2.526e-05,-1.109e-05,2.298149360305433,0.501954916588395,-1.003079505e-07,-2.13075612e-07,Iot,48.0,Cnc,1,42984,,219.381499189791,,,
42986,43105.0,75311.0,3498.0,,,,8.778487,-56.769776,185.5288,-9.4,8.64,27.0,4.5,-1.842,B3Vne,-0.169,-67.604379,75.938075,-155.190471,-8.07e-06,2.178e-05,-1.884e-05,2.298202555240748,-0.9908195084808576,-4.5572486e-08,4.1887902e-08,,,Car,1,42986,,475.1163763775616,V344,4.52,4.47
42990,43109.0,74874.0,3482.0,,11Eps Hya,Ashlesha,8.779587,6.418809,39.6354,-231.04,-40.17,36.0,3.38,0.39,G0III-IV,0.685,-26.198413,29.410867,4.431082,8.24e-06,5.749e-05,-3.55e-06,2.2984903710066336,0.1120293549405187,-1.1201135276e-06,-1.94749655e-07,Eps,11.0,Hya,1,42990,,60.81350012787179,Eps,3.39,3.37
43113,43234.0,75137.0,3492.0,,13Rho Hya,,8.807214,5.837812,108.5776,-17.51,-29.79,33.0,4.35,-0.829,A0Vn,-0.044,-72.427474,80.133985,11.043767,-1.675e-05,3.227e-05,-1.217e-05,2.30572324620484,0.1018890482725437,-8.48908755e-08,-1.44425995e-07,Rho,13.0,Hya,1,43113,,186.89599716514903,,,
43224,43347.0,75710.0,3520.0,,,,8.8299,-45.307875,340.1361,-12.39,14.42,5.0,4.94,-2.718,A2III,0.043,-161.453862,176.514292,-241.801472,1.24e-06,2.891e-05,1.309e-05,2.3116624904013685,-0.7907715892863451,-6.0068415e-08,6.9910132e-08,,,Vel,1,43224,,1064.6331870513125,,,
43286,43409.0,75691.0,3518.0,,Gam Pyx,,8.842204,-27.709844,63.5728,-133.49,88.16,25.0,4.02,0.004,K3III,1.272,-38.119847,41.407111,-29.561085,6.38e-06,5.381e-05,1.216e-05,2.314883520194406,-0.483628019147275,-6.471777822e-07,4.2741174e-07,Gam,,Pyx,1,43286,,86.77607449911467,,,
43464,43587.0,75732.0,3522.0,Gl 324A,55Rho1Cnc,Copernicus,8.876625,28.330819,12.3411,-485.48,-234.4,27.2,5.96,5.503,G8V,0.869,-7.429298,7.925466,5.85673,-1.1e-07,4.258e-05,8.6e-07,2.323894965357257,0.4944660654714137,-2.3536734564e-06,-1.136403267e-06,Rho-1,55.0,Cnc,1,43464,Gl 324,0.5480245321768503,,,
43551,43674.0,75898.0,,,,Stribor,8.897449,33.056812,75.7576,-95.6,-28.24,0.0,8.03,3.633,G0,0.626,-43.676078,46.086662,41.323525,2.159e-05,2.826e-05,-8.69e-06,2.329346658533562,0.5769502010253987,-4.634818786e-07,-1.36911383e-07,,,Lyn,1,43551,,3.067608976917936,,,
43659,43783.0,76728.0,3571.0,,,,8.917457,-60.644609,98.0392,-28.18,42.24,25.0,3.84,-1.117,B8III,-0.104,-33.242229,34.710992,-85.450746,-1.11e-05,3.095e-05,-1.244e-05,2.3345847815706677,-1.0584481041286424,-1.366204952e-07,2.04785298e-07,,,Car,1,43659,,243.6688423459584,,,
43689,43813.0,76294.0,3547.0,,16Zet Hya,,8.92323,5.945563,51.2558,-99.76,14.65,23.0,3.11,-0.439,G8III-IV,0.978,-35.316755,36.765697,5.309278,1.93e-06,3.377e-05,6.06e-06,2.336096050061382,0.103769655470535,-4.836501277e-07,7.1025204e-08,Zet,16.0,Hya,1,43689,,130.49684141302234,,,
43700,43825.0,76483.0,3556.0,,Del Pyx,,8.925434,-27.681871,75.815,83.0,-100.92,5.0,4.87,0.471,A3IV,0.142,-46.537543,48.390854,-35.220779,-1.318e-05,-3.03e-05,-3.522e-05,2.336673268959355,-0.4831397941472025,4.023953549e-07,-4.89273966e-07,Del,,Pyx,1,43700,,56.44168881751423,,,
43754,43878.0,76805.0,3574.0,,,,8.938686,-52.723475,108.3424,-16.58,14.6,22.0,4.68,-0.494,B5V,-0.115,-45.64889,47.13849,-86.210555,-7.47e-06,2.023e-05,-1.326e-05,2.340142428656553,-0.9201982346505264,-8.03821082e-08,7.0782797e-08,,,Vel,1,43754,,137.27770182085484,,,
43812,43937.0,77002.0,3582.0,,,,8.949562,-59.229338,206.6116,-8.43,8.65,27.0,4.93,-1.646,B2IV-V,-0.182,-73.749993,75.72392,-177.525434,-9e-06,2.134e-05,-1.929e-05,2.3429897723893087,-1.0337469570566489,-4.08697933e-08,4.1936383e-08,,,Car,1,43812,,396.6431879468582,V376,4.936,4.916
43939,44066.0,76756.0,3572.0,,65Alp Cnc,Acubens,8.974784,11.857701,57.7367,41.45,-29.22,-14.0,4.26,0.453,A5m,0.141,-39.690103,40.217629,11.863811,4e-07,-1.693e-05,-1.095e-05,2.3495928613586177,0.2069559224526262,2.009552706e-07,-1.41662557e-07,Alp,65.0,Cnc,1,43939,,57.385213267461886,,,
44000,44127.0,76644.0,3569.0,Gl 331A,9Iot UMa,Talitha,8.986828,48.041826,14.5096,-441.12,-215.21,9.0,3.12,2.312,A7IV,0.223,-6.835882,6.883318,10.789878,9.75e-06,3.422e-05,-3.28e-06,2.352746110161558,0.8384880495341912,-2.1386101077e-06,-1.043367521e-06,Iot,9.0,UMa,1,44000,Gl 331,10.35618977044986,,,
44064,44191.0,77258.0,3591.0,,,,9.001505,-41.253605,64.5161,-40.67,54.59,-7.0,4.45,0.402,Fp,0.646,-34.310322,34.283342,-42.541431,4.83e-06,1.315e-05,1.756e-05,2.356588377729916,-0.720011238226855,-1.971737239e-07,2.64659788e-07,,,Vel,1,44064,,60.14506519775483,,,
44120,44248.0,76943.0,3579.0,Gl 332A,,,9.010685,41.782911,16.0694,-487.67,-219.29,27.1,3.96,2.93,F5V,0.463,-8.496677,8.449391,10.707365,4.06e-06,4.954e-05,5.73e-06,2.3589919414548355,0.7292493664557,-2.364290876e-06,-1.06314792e-06,,,Lyn,1,44120,Gl 332,5.861381645140285,,,
44135,44263.0,,,Gl 333.2B,,Ross 687,9.013981,5.241545,20.9424,-247.74,-207.77,-37.1,12.37,10.765,M4,1.455,-14.80023,14.692285,1.913156,4.317e-05,-7.41e-06,-2.447e-05,2.359854601572643,0.09148221714789,-1.2010774122e-06,-1.007297384e-06,,,Hya,2,44135,Gl 333.2,0.0043052661049171,,12.706,12.196
44254,44382.0,78045.0,3615.0,Gl 333.3,Alp Vol,,9.040777,-66.396076,38.2995,-2.01,-95.8,5.9,4.0,1.084,Am,0.145,-10.959043,10.727523,-35.095233,1.018e-05,-9.44e-06,-1.265e-05,2.3668699127333936,-1.1588301439506687,-9.744755e-09,-4.64451505e-07,Alp,,Vol,1,44254,,32.09223768048434,,,
44262,44390.0,76827.0,3576.0,,8Rho UMa,,9.04242,67.629619,96.432,-22.08,18.15,5.0,4.74,-0.181,M3III,1.542,-26.238304,25.661975,89.174849,1.144e-05,3.25e-06,7.96e-06,2.367300091339969,1.1803595209447262,-1.070468607e-07,8.7993683e-08,Rho,8.0,UMa,1,44262,,102.8963572296754,,,
44343,44471.0,77327.0,3594.0,,12Kap UMa,Alkaphrah,9.060427,47.156525,109.8901,-37.37,-55.39,4.0,3.57,-1.635,A1Vn,0.007,-53.667801,51.996165,80.572997,-3.68e-06,3.129e-05,-1.707e-05,2.372014221719866,0.8230366182899013,-1.811748724e-07,-2.68538297e-07,Kap,12.0,UMa,1,44343,,392.6449353995997,,,
44383,44511.0,78004.0,3614.0,,,,9.069248,-47.097737,91.8274,-46.82,-9.57,24.0,3.75,-1.065,K2III,1.174,-44.9964,43.39387,-67.265198,4.69e-06,2.444e-05,-2.088e-05,2.374323600839554,-0.8220105799708537,-2.269897652e-07,-4.6396669e-08,,,Vel,1,44383,,232.2736796357105,,,
44471,44599.0,78791.0,3643.0,,,,9.085785,-72.602705,122.8501,-8.44,-4.72,22.0,4.47,-0.977,F6II-III,0.607,-26.549942,25.383448,-117.230442,5.5e-07,6.43e-06,-2.231e-05,2.378652900965097,-1.2671562522280435,-4.09182746e-08,-2.2883205e-08,,,Car,1,44471,,214.1903990722123,,,
44498,44626.0,78764.0,3642.0,,,,9.093994,-70.538497,296.7359,-4.36,9.89,19.0,4.66,-2.702,B2IVe,-0.149,-71.606714,68.16658,-279.782221,-1.008e-05,1.826e-05,-1.358e-05,2.380802138043581,-1.2311290144543614,-2.11378765e-08,4.7948073e-08,,,Car,1,44498,,1049.0592077764447,V345,4.707,4.607
44531,44659.0,77996.0,3613.0,,18Ome Hya,,9.099546,5.092316,274.7253,-18.97,-11.01,25.0,4.99,-2.204,K2II-III,1.189,-198.469921,188.385732,24.384833,-2.02e-06,3.675e-05,-1.234e-05,2.382255651269892,0.0888776749426225,-9.19691552e-08,-5.3377986e-08,Ome,18.0,Hya,1,44531,,663.1320218835529,,,
44572,44700.0,77912.0,3612.0,,,,9.108825,38.452215,250.6266,-28.37,-14.34,17.0,4.56,-2.435,G8Ib-II,1.037,-142.682841,134.775878,155.855184,5.89e-06,4.185e-05,-2.83e-06,2.38468491351064,0.6711177616800412,-1.375416412e-07,-6.9522281e-08,,,Lyn,1,44572,,820.3515443298185,,,
44689,44816.0,78647.0,3634.0,,Lam Vel,Suhail,9.133268,-43.432589,166.9449,-23.21,14.28,18.0,2.23,-3.883,K4Ib-II,1.665,-88.662596,82.682121,-114.774841,-2.78e-06,2.827e-05,-4.26e-06,2.3910838764040165,-0.7580416852253112,-1.125252553e-07,6.9231393e-08,Lam,,Vel,1,44689,,3113.149665447025,Lam,2.272,2.182
44696,44824.0,78541.0,3628.0,,Kap Pyx,,9.134133,-25.858536,171.8213,35.83,0.49,-45.0,4.62,-1.555,K4/K5III,1.594,-113.101873,105.424918,-74.9398,9.82e-06,-4.995e-05,2.044e-05,2.3913103759514907,-0.4513165872136138,1.737087417e-07,2.375587e-09,Kap,,Pyx,1,44696,,364.7539469256077,,,
44773,44901.0,78209.0,3619.0,GJ 3534,15    UMa,,9.147863,51.604648,28.8184,-137.81,-32.48,-0.1,4.46,2.162,Am,0.288,-13.136539,12.157018,22.586243,1.051e-05,1.65e-05,-2.9e-06,2.394904816934835,0.9006710211595237,-6.681217332e-07,-1.57467483e-07,,15.0,UMa,1,44773,,11.890496789850978,,,
44819,44946.0,78515.0,3627.0,,77Xi  Cnc,Nahn,9.155982,22.045446,114.4165,-0.48,-0.7,-7.0,5.16,-0.132,K0III,0.97,-77.988303,71.865489,42.945282,4.95e-06,-4.2e-06,-3.05e-06,2.3970303646378253,0.3847656093051687,-2.3271057e-09,-3.393695e-09,Xi,77.0,Cnc,1,44819,,98.35580562269574,,,
44910,45038.0,78154.0,3616.0,Gl 335A,13Sig2UMa,,9.173204,67.134018,20.3791,12.88,-90.85,-2.9,4.8,3.254,F7IV-V,0.489,-5.847532,5.339885,18.777611,-6.11e-06,3.86e-06,-6.22e-06,2.401539135385018,1.171709653034255,6.24440021e-08,-4.40453228e-07,Sig-2,13.0,UMa,1,44910,Gl 335,4.349106072324534,,,
44947,45075.0,78362.0,3624.0,,14Tau UMa,,9.181941,63.513633,38.7297,99.16,-60.96,-9.0,4.67,1.73,Am,0.381,-12.781485,11.618266,34.664578,-1.707e-05,-9.65e-06,-1.334e-05,2.403826630485899,1.1085220090038337,4.807412456e-07,-2.95542419e-07,Tau,14.0,UMa,1,44947,,17.701089583174213,,,
44952,45080.0,79351.0,3659.0,,,,9.182804,-58.966896,136.9863,-17.67,14.14,23.0,3.43,-2.253,B2IV,-0.19,-52.268405,47.490561,-117.37957,-7.04e-06,2.225e-05,-1.532e-05,2.404052503417448,-1.0291664791642776,-8.56665774e-08,6.8552654e-08,,,Car,1,44952,,693.7452139421235,V357,3.444,3.424
44957,45085.0,79186.0,3654.0,,,,9.184556,-44.867902,100000.0,-4.42,4.32,34.0,4.99,-15.01,B5Ia,0.222,-52477.103581,47636.215793,-70547.463495,0.00032799,0.0025961,0.00145971,2.404511017498309,-0.7830926127404287,-2.14287647e-08,2.0943951e-08,,,Vel,1,44957,,87902251.68308842,GX,5.036,4.946
44972,45101.0,79447.0,3663.0,,,,9.187985,-62.316977,166.3894,-38.04,15.93,18.0,3.96,-2.146,B3IV,-0.18,-57.282911,51.905154,-147.343168,5.83e-06,3.612e-05,-1.033e-05,2.4054088202976645,-1.0876364292303338,-1.844231241e-07,7.7230819e-08,,,Car,1,44972,,628.6370884130498,,,
45106,45238.0,80007.0,3685.0,,Bet Car,Miaplacidus,9.220041,-69.717208,34.6981,-157.66,108.91,-5.0,1.67,-1.032,A2IV,0.07,-8.980712,8.001552,-32.546536,6.13e-06,3.005e-05,1.115e-05,2.413801172874073,-1.2167948189074338,-7.643572488e-07,5.28010579e-07,Bet,,Car,1,45106,,225.32013356294823,,,
45204,45336.0,79469.0,3665.0,,22The Hya,,9.239405,2.31428,34.7947,112.57,-306.07,-10.0,3.89,1.182,B9.5V,-0.06,-26.074955,22.995381,1.405035,-6.46e-06,-1.962e-05,-5.2e-05,2.418870635354152,0.04039181014422,5.457547602e-07,-1.483869232e-06,The,22.0,Hya,1,45204,,29.322432823031157,,,
45308,45439.0,79917.0,3682.0,,,,9.2602,-38.569942,68.8705,-71.22,-10.06,2.0,4.92,0.73,K1III,1.084,-40.578389,35.395103,-42.938669,1.6e-05,1.759e-05,-3.9e-06,2.4243147007623462,-0.67317248475724,-3.452843033e-07,-4.8772256e-08,,,Vel,1,45308,,44.46312674691084,,,
45317,45448.0,79940.0,3684.0,Gl 339.3,,,9.262522,-37.413144,50.4796,13.85,-7.26,5.8,4.63,1.114,F3/F5V,0.473,-30.231324,26.337334,-30.66932,-4.96e-06,-1.7e-07,-5.02e-06,2.424922463533579,-0.6529825469778887,6.71466948e-08,-3.5197473e-08,,,Vel,1,45317,,31.21763510848165,,,
45363,45493.0,79439.0,3662.0,GJ 3541,18    UMa,,9.269808,54.021857,35.8423,49.14,59.79,-18.7,4.8,2.028,A5V,0.199,-15.902851,13.801155,29.004929,9.24e-06,-1.932e-05,-9.37e-06,2.426829959577623,0.9428592783633662,2.382374426e-07,2.89870099e-07,,18.0,UMa,1,45363,,13.452407051486322,DD,4.814,4.794
45365,45496.0,80230.0,3696.0,,,,9.270024,-57.541473,149.7006,-27.77,-14.77,-5.0,4.34,-1.536,M1III,1.602,-60.68161,52.656261,-126.314357,2.211e-05,7.49e-06,-1.44e-06,2.426886591963358,-1.004288168561075,-1.346327591e-07,-7.160698e-08,,,Car,1,45365,,358.4264080437143,,,
45425,45556.0,80404.0,3699.0,,Iot Car,Aspidiske,9.284838,-59.275229,234.7418,-19.03,13.11,13.0,2.21,-4.643,A8Ib,0.189,-90.887872,78.251756,-201.791538,-7.4e-07,2.921e-05,-3.81e-06,2.43076493672462,-1.0345479138581113,-9.22600434e-08,6.3559073e-08,Iot,,Car,1,45425,,6269.024974761646,,,
45557,45688.0,80081.0,3690.0,,38    Lyn,,9.314069,36.802597,38.2702,-32.61,-123.78,4.0,3.82,0.906,A1V,0.066,-23.374361,19.815176,22.926164,-9.08e-06,1.563e-05,-1.594e-05,2.4384175526447645,0.6423264861042363,-1.580977412e-07,-6.00102373e-07,,38.0,Lyn,1,45557,,37.80941866832965,,,
45620,45751.0,80499.0,3706.0,,26    Hya,,9.329551,-11.974853,103.3058,-27.92,12.16,-2.0,4.77,-0.301,G8III,0.927,-77.350337,65.035285,-21.434127,9.56e-06,1.023e-05,6.38e-06,2.442470654600178,-0.2090006041582487,-1.353599796e-07,5.8953343e-08,,26.0,Hya,1,45620,,114.92115972032408,,,
45679,45811.0,80586.0,3709.0,,27    Hya,,9.341394,-9.555695,68.2128,-13.42,-26.8,25.0,4.8,0.631,F5V+...,0.913,-51.620293,43.129268,-11.323789,-1.537e-05,1.863e-05,-1.298e-05,2.445571207707536,-0.1667783328880775,-6.50619959e-08,-1.29930066e-07,,27.0,Hya,1,45679,,48.70796664925366,,,
45724,45856.0,81101.0,3728.0,,,,9.349117,-62.404632,71.6332,-14.29,0.2,51.0,4.79,0.514,G6III,0.926,-25.507141,21.22407,-63.484685,-1.545e-05,1.931e-05,-4.619e-05,2.447593159801094,-1.089166302515764,-6.9279875e-08,9.69627e-10,,,Car,1,45724,,54.250032163115016,,,
45728,45860.0,80493.0,3705.0,,40Alp Lyn,,9.350925,34.392562,62.2665,-222.8,14.78,38.0,3.14,-0.831,M0IIIvar,1.55,-39.512346,32.846027,35.17204,2.027e-05,7.061e-05,2.563e-05,2.4480663505572977,0.6002634409852838,-1.0801648803e-06,7.1655461e-08,Alp,40.0,Lyn,1,45728,,187.24058959867975,,,
45770,45902.0,80874.0,3718.0,,The Pyx,,9.35822,-25.965439,154.0832,-12.28,-9.2,20.0,4.71,-1.229,M0III,1.633,-106.697986,88.35205,-67.462157,-6e-06,1.687e-05,-1.513e-05,2.4499762370677,-0.4531823972750075,-5.953512e-08,-4.4602858e-08,The,,Pyx,1,45770,,270.14690729572465,,,
45809,45941.0,81188.0,3734.0,,Kap Vel,Markeb,9.368562,-55.010668,175.4386,-10.72,11.24,22.0,2.47,-3.751,B2IV,-0.141,-77.65777,63.951481,-143.729782,-1.021e-05,2.022e-05,-1.295e-05,2.4526837752447674,-0.9601172781857512,-5.19720266e-08,5.4493057e-08,Kap,,Vel,1,45809,,2756.7666102901003,,,
45894,46026.0,81169.0,3733.0,,Lam Pyx,,9.386739,-28.833873,58.8928,-128.65,20.58,10.0,4.71,0.86,G8III,0.892,-39.981104,32.606579,-28.402371,1.407e-05,3.592e-05,2.1e-07,2.457442584513,-0.5032460189717687,-6.237128e-07,9.9774655e-08,Lam,,Pyx,1,45894,,39.44573020752785,,,
46014,46146.0,81146.0,3731.0,,1Kap Leo,,9.410906,26.182324,61.7284,-31.13,-48.06,28.0,4.47,0.518,K2III,1.222,-43.149317,34.738124,27.236473,-1.912e-05,2.735e-05,-2.7e-07,2.463769396428136,0.4569677602372775,-1.509224988e-07,-2.33001454e-07,Kap,1.0,Leo,1,46014,,54.0505353708669,,,
46239,46371.0,81799.0,3749.0,,,,9.45511,-22.343783,48.0077,171.66,-150.17,29.0,4.72,1.313,K1III,1.154,-34.907582,27.443238,-18.250853,-3.581e-05,-2.266e-05,-4.36e-05,2.475342115022685,-0.38997257239116,8.32231164e-07,-7.28044704e-07,,,Hya,1,46239,,25.98962421108665,,,
46259,46390.0,81797.0,3748.0,,30Alp Hya,Alphard,9.45979,-8.658603,55.2792,-14.49,33.25,-4.0,1.99,-1.723,K3III,1.44,-43.003468,33.722848,-8.322089,4.52e-06,1.39e-06,9.42e-06,2.4765671803168545,-0.151121122495205,-7.02495023e-08,1.61200548e-07,Alp,30.0,Hya,1,46259,,425.7944535825967,,,
46339,46471.0,81688.0,3743.0,,,Intercrus,9.477775,45.601483,85.8369,-6.4,-128.2,39.0,5.4,0.732,K0III-IV,0.993,-47.431774,36.836132,61.329924,-5.051e-05,4.26e-05,-8.82e-06,2.4812757555043388,0.7958960226025426,-3.10280756e-08,-6.21531138e-07,,,UMa,1,46339,,44.38129803081385,,,
46376,46509.0,81997.0,3759.0,Gl 348A,31Tau1Hya,,9.485805,-2.768964,17.334,100.93,-3.15,10.8,4.59,3.396,F6V,0.411,-13.696743,10.590983,-0.837388,-1.391e-05,3e-08,-8e-07,2.483377910571418,-0.0483275366267625,4.893224478e-07,-1.527163e-08,Tau-1,31.0,Hya,1,46376,Gl 348,3.815926491189337,,,
46382,46515.0,82150.0,3765.0,,Eps Ant,,9.487423,-35.951335,217.8649,-24.74,5.07,22.0,4.51,-2.181,K3III,1.408,-139.565679,107.824531,-127.90814,-9.3e-07,3.373e-05,-8.87e-06,2.4838015454995848,-0.6274691729245362,-1.199429046e-07,2.4580053e-08,Eps,,Ant,1,46382,,649.2321231432136,,,
46518,46651.0,82434.0,3786.0,Gl 351A,Psi Vel,,9.511674,-40.466769,18.8147,-147.14,48.65,8.8,3.6,2.228,F2IV,0.371,-11.382585,8.679058,-12.210922,4e-07,1.657e-05,-2.47e-06,2.490150478145066,-0.7062783622087687,-7.133548496e-07,2.35861855e-07,Psi,,Vel,1,46518,Gl 351,11.189224819552424,,,
46568,46701.0,82668.0,3803.0,,,,9.520371,-57.034377,73.2601,-32.58,6.08,-14.0,3.16,-1.164,K5III,1.538,-31.754679,24.098313,-61.464914,1.176e-05,5.6e-06,1.319e-05,2.4924272339174003,-0.9954376610791288,-1.579522971e-07,2.9476671e-08,,,Vel,1,46568,,254.4485615146634,N,3.169,3.149
46600,46733.0,81937.0,3757.0,GJ 3559,23    UMa,,9.525453,63.061861,23.8152,107.55,26.86,-10.4,3.65,1.766,F0IV,0.36,-8.603035,6.510645,21.231076,-1.45e-06,-1.448e-05,-8.08e-06,2.4937578753997425,1.1006371004333475,5.214171134e-07,1.30220954e-07,,23.0,UMa,1,46600,,17.123794212449283,,,
46617,46750.0,82308.0,3773.0,,4Lam Leo,Alterf,9.528675,22.967971,100.9082,-19.38,-39.04,27.0,4.32,-0.7,K5IIIvar,1.541,-74.131964,56.004334,39.376137,-2.052e-05,2.738e-05,-6.81e-06,2.494601207877201,0.400866707876475,-9.39568913e-08,-1.8927126e-07,Lam,4.0,Leo,1,46617,,165.95869074375614,,,
46637,46771.0,82395.0,3782.0,,5Xi  Leo,,9.532428,11.299827,66.0939,-89.92,-84.0,29.0,4.99,0.889,K0IIIvar,1.046,-51.752664,39.017676,12.9507,-1.009e-05,4.369e-05,-2.058e-05,2.4955837404859618,0.1972191776194537,-4.359444616e-07,-4.07243491e-07,Xi,5.0,Leo,1,46637,,38.40608157258116,,,
46643,46776.0,82446.0,3787.0,,32Tau2Hya,,9.533036,-1.184664,158.7302,-11.42,-3.87,6.0,4.54,-1.463,A3V,0.109,-126.733075,95.515712,-3.281718,4.4e-07,1.067e-05,-3.1e-06,2.49574287554993,-0.0206762831700287,-5.53657223e-08,-1.8762289e-08,Tau-2,32.0,Hya,1,46643,,335.11973196770776,,,
46720,46853.0,82328.0,3775.0,Gl 354A,25The UMa,,9.547715,51.6773,13.4789,-947.06,-535.6,15.3,3.17,2.522,F6IV,0.475,-6.693935,5.005096,10.57472,7.29e-06,7.181e-05,-9.42e-06,2.499585849581123,0.9019390372068612,-4.5914764431e-06,-2.596662073e-06,The,25.0,UMa,1,46720,Gl 354,8.534930716135483,,,
46819,46952.0,82635.0,3800.0,,10    LMi,,9.570384,36.397558,56.7215,6.82,-22.89,-12.0,4.54,0.771,G8III,0.914,-36.727405,27.121579,33.6576,3.83e-06,-5.16e-06,-1.235e-05,2.505520563312564,0.6352572209788038,3.3064293e-08,-1.10973851e-07,,10.0,LMi,1,46819,,42.81539943374175,SU,4.553,4.533
46841,46974.0,83183.0,3825.0,,,,9.574071,-59.229753,406.5041,-11.23,6.02,22.0,4.08,-3.965,B5II,-0.013,-167.414546,123.378853,-349.278931,-4.34e-06,3.069e-05,-1.326e-05,2.506485985609957,-1.0337542096243986,-5.44445763e-08,2.9185783e-08,,,Car,1,46841,,3357.3761424295453,,,
46844,46977.0,82210.0,3771.0,Gl 355.1,24    UMa,,9.574703,69.830343,31.9285,-63.9,77.59,-28.1,4.54,2.019,G4III-IV,0.781,-8.8633,6.529755,29.970273,2.292e-05,-4.6e-06,-2.284e-05,2.5066513632855085,1.2187693974606724,-3.097959419e-07,3.76166934e-07,,24.0,UMa,1,46844,,13.56438162909268,DK,4.567,4.517
46873,47006.0,82621.0,3799.0,,26    UMa,,9.580405,52.051477,80.3859,-65.07,-37.3,23.0,4.47,-0.056,A2V,0.027,-39.843065,29.261248,63.389555,-5.89e-06,3.578e-05,9.61e-06,2.508144083652708,0.9084696506893576,-3.154682619e-07,-1.80835502e-07,,26.0,UMa,1,46873,,91.7064749114932,,,
46896,47029.0,82741.0,3809.0,,,,9.584399,39.621493,66.0502,-29.64,20.67,-12.0,4.81,0.711,K0III,0.992,-41.037596,30.072439,42.121002,1.664e-05,-4.3e-07,-2.73e-06,2.509189697635719,0.6915255128461363,-1.436987749e-07,1.00210987e-07,,,Lyn,1,46896,,45.24806378555482,,,
46954,47087.0,82886.0,,,,Illyrian,9.595884,34.780742,125.4705,15.05,-34.95,0.0,7.62,2.127,G0,0.864,-83.307172,60.663459,71.573083,-1.519e-05,-2.6e-07,-1.746e-05,2.5121964714390157,0.6070384713791662,7.29644589e-08,-1.69442381e-07,,,LMi,1,46954,,12.28004617988788,,,
47042,47175.0,83446.0,3836.0,,,,9.613772,-49.355026,32.3206,-130.56,42.29,21.0,4.34,1.793,A5V,0.173,-17.076537,12.31308,-24.523729,-3.46e-06,2.772e-05,-1.198e-05,2.5168797394885134,-0.8614077010075812,-6.329727413e-07,2.05027705e-07,,,Vel,1,47042,,16.70321225815042,,,
47060,47193.0,81817.0,3751.0,,,,9.618151,81.326382,304.878,-16.77,-15.95,-5.0,4.28,-3.141,K3III,1.488,-37.32432,26.847884,301.391198,-3.82e-06,3.328e-05,-8.61e-06,2.5180259335965256,1.4194131343819076,-8.13032542e-08,-7.7327782e-08,,,Dra,1,47060,,1571.8098282039189,,,
47069,47202.0,83443.0,,,,Kalausi,9.619951,-43.272205,41.1692,22.35,-120.76,27.8,8.23,5.157,K0V,0.811,-24.34255,17.492359,-28.220225,-6e-06,-1.18e-06,-3.704e-05,2.518497248113754,-0.7552424557837499,1.083558576e-07,-5.85461e-07,,,Vel,1,47069,,0.7537025766884254,,,
47072,47205.0,83240.0,3827.0,,10    Leo,,9.620185,6.835802,75.3012,-70.26,11.03,20.0,5.0,0.616,K1IIIvar,1.051,-60.718424,43.626147,8.962702,-1.14e-06,3.24e-05,6.43e-06,2.5185586484866955,0.119307250905795,-3.40630092e-07,5.3474948e-08,,10.0,Leo,1,47072,,49.38556196176077,,,
47177,47310.0,83425.0,3834.0,,,,9.640913,4.649293,90.5797,-165.45,-49.93,45.0,4.68,-0.105,K3III,1.31,-73.603912,52.281093,7.342101,3.22e-06,8.682e-05,-1.812e-05,2.5239852464129484,0.0811454679096374,-8.021242345e-07,-2.4206747e-07,,,Hya,1,47177,,95.94006315159336,,,
47257,47391.0,83944.0,3856.0,,,,9.655839,-61.32806,69.2042,-34.89,18.6,20.0,4.51,0.309,B9V,-0.07,-27.144864,19.122006,-60.718624,-5.76e-06,1.837e-05,-1.495e-05,2.527892747924435,-1.0703765699657402,-1.691514931e-07,9.0175344e-08,,,Car,1,47257,,65.5239394015981,,,
47297,47431.0,83618.0,3845.0,,35Iot Hya,Ukdah,9.664267,-1.14281,80.7103,47.81,-62.92,23.0,3.9,-0.635,K3IIIvar,1.313,-66.071937,46.325951,-1.609728,-2.959e-05,-2.1e-06,-2.508e-05,2.530099227157431,-0.0199457991417112,2.317894207e-07,-3.05044767e-07,Iot,35.0,Hya,1,47297,,156.3147642640954,,,
47373,47508.0,83808.0,3852.0,,14Omi Leo,Subra,9.685843,9.892308,39.9521,-143.67,-37.45,27.0,3.52,0.512,A5V+...,0.516,-32.353394,22.412883,6.863686,-7.54e-06,3.907e-05,-2.4e-06,2.53574770934662,0.1726533443261737,-6.965318149e-07,-1.81562723e-07,Omi,14.0,Leo,1,47373,,54.35005651294466,,,
47387,47522.0,83953.0,3858.0,,,,9.688058,-23.591514,155.2795,-29.14,3.02,26.0,4.76,-1.196,B5V,-0.117,-117.02204,80.966874,-62.145015,-8.31e-06,3.242e-05,-8.56e-06,2.536327659846318,-0.4117495948879862,-1.412747065e-07,1.4641373e-08,,,Hya,1,47387,,262.05955547333485,,,
47457,47592.0,84117.0,3862.0,Gl 364,,,9.704011,-23.915569,15.0128,-399.23,263.18,35.2,4.93,4.048,G0V,0.534,-11.318572,7.76158,-6.086167,-1.711e-05,4.696e-05,2.91e-06,2.540504065185502,-0.417405420589365,-1.9355216569e-06,1.275932644e-06,,,Hya,1,47457,,2.0931483034474474,,,
47623,47758.0,84367.0,3871.0,Gl 366.1A,The Ant,,9.736694,-27.769471,104.0583,-53.06,37.76,24.0,4.78,-0.306,A7V+...,0.516,-76.378087,51.419982,-48.482449,-1.043e-05,3.929e-05,5.42e-06,2.5490605881312844,-0.4846687011756063,-2.572421389e-07,1.83065645e-07,The,,Ant,1,47623,Gl 366.1,115.451611692143,,,
47645,47780.0,,,Gl 367,,Añañuca,9.741653,-45.776513,9.8707,-466.6,-585.84,60.0,10.22,10.248,M1:,1.53,-5.716082,3.837529,-7.073973,-6.41e-06,3.12e-05,-6.353e-05,2.550358836269457,-0.7989508640340776,-2.2621406335e-06,-2.840232466e-06,,,Vel,1,47645,,0.0069310654514993,,10.279,10.169
47719,47854.0,84810.0,3884.0,,,,9.754117,-62.507903,478.4689,-12.88,8.28,3.0,3.69,-4.709,G5Iab/Ib,1.01,-183.781936,122.513039,-424.437591,1.22e-06,3.509e-05,6.14e-06,2.5536217696149817,-1.0909687167524948,-6.24440021e-08,4.0142572e-08,,,Car,1,47719,,6661.929002234552,L,3.989,3.269
47772,47908.0,84441.0,3873.0,,17Eps Leo,Ras Elased Australis,9.764188,23.774255,75.643,-46.09,-9.57,4.0,2.97,-1.424,G0II,0.808,-57.700126,38.244772,30.494289,5.04e-06,1.694e-05,-1.56e-06,2.556258343807028,0.4149390200291462,-2.234506254e-07,-4.6396669e-08,Eps,17.0,Leo,1,47772,,323.2957533680941,,,
47866,48002.0,85123.0,3890.0,,Ups Car,,9.785036,-65.072007,440.5286,-11.55,4.97,14.0,2.92,-5.3,A9,0.273,-155.321542,101.734428,-399.488275,4.1e-07,2.921e-05,-8.51e-06,2.561716522035174,-1.1357207681666588,-5.59959801e-08,2.4095239e-08,Ups,,Car,1,47866,,11481.536214968815,,,
48099,48235.0,85390.0,,,,Natasha,9.834025,-49.790266,32.3729,24.57,-59.83,0.0,8.54,5.989,K1V,0.855,-17.62853,11.226113,-24.722742,3.98e-06,-7.1e-06,-6.06e-06,2.574541645288812,-0.8690040800602188,1.191187213e-07,-2.90064025e-07,,,Vel,1,48099,,0.3502676269138128,,,
48182,48319.0,84999.0,3888.0,,29Ups UMa,,9.849867,59.038735,35.6379,-294.45,-151.75,27.0,3.78,1.02,F0IV,0.291,-15.505407,9.784196,30.560252,-3.88e-06,6.26e-05,1.019e-05,2.578689055078529,1.03042031958335,-1.4275338824e-06,-7.3570476e-07,Ups,29.0,UMa,1,48182,,34.04081897010009,Ups,3.813,3.743
48219,48356.0,85444.0,3903.0,,39Ups1Hya,Zhang,9.85797,-14.846603,80.9061,18.68,-21.88,-15.0,4.11,-0.43,G6/G8III,0.918,-66.227032,41.59319,-20.730703,1.052e-05,-1.526e-05,-4.36e-06,2.580810606427961,-0.2591221071757887,9.05631955e-08,-1.06077233e-07,Ups-1,39.0,Hya,1,48219,,129.4195841449985,,,
48237,48374.0,85622.0,3912.0,,,,9.861298,-46.54762,323.6246,-24.41,9.8,11.0,4.58,-2.97,G5Ib,1.172,-188.586906,118.21116,-234.934131,4.33e-06,4.248e-05,2.41e-06,2.58168187149858,-0.812409234272275,-1.183430194e-07,4.751174e-08,,,Vel,1,48237,,1342.7649611378642,,,
48265,48402.0,85235.0,3894.0,,30Phi UMa,,9.868433,54.064332,156.0062,-4.21,19.18,-12.0,4.55,-1.416,A3IV,0.038,-77.666573,48.48156,126.314461,1.776e-05,-7.33e-06,-1.42e-06,2.5835496324067604,0.9436006056385512,-2.0410656e-08,9.2987263e-08,Phi,30.0,UMa,1,48265,,320.9223768048436,,,
48318,48455.0,85503.0,3905.0,,24Mu  Leo,Rasalas,9.879398,26.006951,38.0518,-216.29,-54.92,14.0,3.88,0.978,K0III,1.222,-29.062466,18.02588,16.685015,6.32e-06,4.303e-05,-2.83e-06,2.5864202487192904,0.4539069312278612,-1.0486035097e-06,-2.66259673e-07,Mu,24.0,Leo,1,48318,,35.383435681472214,,,
48422,48559.0,85859.0,3919.0,,,,9.903425,-25.932345,104.8218,-183.95,56.56,51.0,4.87,-0.232,K2III,1.199,-80.420618,49.18277,-45.839772,-1.97e-06,0.00011077,3.04e-06,2.592710688620803,-0.4526047946571012,-8.918147654e-07,2.74210617e-07,,,Hya,1,48422,,107.84499632938316,,,
48478,48615.0,85951.0,3923.0,,,Felis,9.914503,-19.00936,188.3239,-46.09,-37.04,50.0,4.94,-1.435,K5III,1.559,-152.168245,92.455966,-61.341498,-1.006e-05,5.535e-05,-4.863e-05,2.595610767807028,-0.3317759172811362,-2.234506254e-07,-1.79574987e-07,,,Hya,1,48478,,326.587832172336,,,
48571,48711.0,86081.0,,,,Bibhā,9.934977,-3.808422,95.3289,-67.22,17.02,0.0,8.73,3.834,F8,0.664,-81.553447,48.954496,-6.331799,1.554e-05,2.69e-05,7.85e-06,2.6009709734471347,-0.06646949899123,-3.258917561e-07,8.2515288e-08,,,Sex,1,48571,,2.54917705050912,,,
48635,48774.0,86440.0,3940.0,,Phi Vel,,9.947708,-54.56779,487.8049,-13.13,2.83,14.0,3.52,-4.921,B5Ib,-0.067,-242.953038,144.739494,-397.464518,4.08e-06,3.371e-05,-7.79e-06,2.6043037440096826,-0.9523876069480136,-6.36560363e-08,1.3720227e-08,Phi,,Vel,1,48635,,8098.41447325789,,,
48889,49029.0,86663.0,3950.0,,29Pi  Leo,,10.003557,8.044223,124.533,-30.06,-22.11,23.0,4.68,-0.796,M2III,1.589,-106.845097,61.554441,17.426851,-1.274e-05,2.828e-05,-9.92e-06,2.6189252098188165,0.1403981780673399,-1.457349924e-07,-1.07192304e-07,Pi,29.0,Leo,1,48889,,181.30091670170208,,,
49261,49402.0,87504.0,3970.0,,40Ups2Hya,,10.085408,-13.064626,96.1538,-37.48,19.9,28.0,4.6,-0.315,B8V,-0.087,-82.143224,45.007279,-21.735618,-1.791e-05,2.973e-05,2.56e-06,2.640353767053534,-0.2280207378181825,-1.817081675e-07,9.6477922e-08,Ups-2,40.0,Hya,1,49261,,116.41260294104907,,,
49441,49583.0,87737.0,3975.0,,30Eta Leo,,10.122209,16.762664,389.1051,-1.94,-0.53,3.0,3.48,-4.47,A0Ib,-0.031,-328.449984,175.868859,112.220999,-1.12e-06,4.75e-06,-7e-08,2.649988109702877,0.29256368451677,-9.4053854e-09,-2.569512e-09,Eta,30.0,Leo,1,49441,,5345.643593969719,,,
49451,49593.0,87696.0,3974.0,Gl 378.3,21    LMi,,10.123821,35.244693,28.2406,50.97,0.64,-17.6,4.49,2.236,A7V,0.19,-20.337129,10.878482,16.2967,9.72e-06,-1.311e-05,-1.032e-05,2.650410084208413,0.6151359411495613,2.47109533e-07,3.102807e-09,,21.0,LMi,1,49451,,11.107082559188644,,,
49496,49637.0,87837.0,3980.0,,31    Leo,,10.131742,9.997508,90.5797,-81.1,-64.2,41.0,4.39,-0.395,K4III,1.448,-78.745563,41.911852,15.725184,-2.404e-05,5.314e-05,-2.048e-05,2.6524838726409192,0.1744894285591575,-3.931838949e-07,-3.11250382e-07,,31.0,Leo,1,49496,,125.31411749414156,,,
49500,49641.0,87887.0,3981.0,,15Alp Sex,,10.1323,-0.371637,86.881,-26.17,-3.65,7.0,4.48,-0.215,A0III,-0.032,-76.698775,40.80808,-0.563531,-1.13e-06,1.309e-05,-1.58e-06,2.6526299538372733,-0.0064862838373662,-1.268757402e-07,-1.7695699e-08,Alp,15.0,Sex,1,49500,,106.16955571987242,,,
49528,49669.0,87901.0,3982.0,,32Alp Leo,Regulus,10.139532,11.967207,24.3132,-249.4,4.91,6.0,1.36,-0.569,B7V,-0.087,-21.018857,11.132218,5.041397,8.56e-06,2.873e-05,1.84e-06,2.654523172153456,0.2088671652880712,-1.2091253193e-06,2.3804351e-08,Alp,32.0,Leo,1,49528,,147.09570767969765,,,
49571,49712.0,88206.0,3990.0,,,,10.148957,-51.811261,408.1633,-14.6,0.51,14.0,4.85,-3.204,B3IV,-0.12,-223.293293,117.558256,-320.807643,4.92e-06,3.006e-05,-1.063e-05,2.656990721650523,-0.9042770863651964,-7.07827974e-08,2.472549e-09,,,Vel,1,49571,,1665.7123280688083,,,
49700,49841.0,88284.0,3994.0,,41Lam Hya,,10.176467,-12.354083,34.5066,-200.33,-100.28,19.0,3.61,0.92,K0III,1.007,-29.938956,15.487743,-7.382812,1.73e-06,3.684e-05,-2.054e-05,2.6641927557615954,-0.2156194229976324,-9.712272463e-07,-4.86171158e-07,Lam,41.0,Hya,1,49700,,37.32501577957206,,,
49958,50099.0,89080.0,4037.0,,Ome Car,,10.228961,-70.037903,104.8218,-35.73,7.55,7.0,3.29,-1.812,B8III,-0.074,-32.00779,16.00439,-98.524026,2.71e-06,1.894e-05,-5.42e-06,2.6779356112906294,-1.22239201271997,-1.732239281e-07,3.6603432e-08,Ome,,Car,1,49958,,462.1681360922447,,,
50050,50191.0,88955.0,4023.0,,,,10.245607,-42.121942,31.0752,-150.68,49.84,7.0,3.85,1.388,A2V,0.051,-20.660362,10.218175,-20.842511,7.9e-07,2.493e-05,7.7e-07,2.682293681974029,-0.7351665677275424,-7.305172539e-07,2.41631138e-07,,,Vel,1,50050,,24.25492857109422,,,
50193,50335.0,89025.0,4031.0,,36Zet Leo,Adhafera,10.278171,23.417311,84.0336,19.84,-7.3,-16.0,3.43,-1.192,F0III,0.307,-69.409312,33.594777,33.397009,8.93e-06,-1.33e-05,-9.23e-06,2.6908188936365494,0.4087091723252675,9.61870342e-08,-3.5391398e-08,Zet,36.0,Leo,1,50193,,261.09586865859336,,,
50229,50371.0,89388.0,4050.0,,,,10.28472,-61.332304,201.6129,-24.25,6.38,8.0,3.39,-3.133,K3II,1.541,-87.13034,41.987831,-176.898605,1.82e-06,2.543e-05,-4.19e-06,2.6925333332859718,-1.07045064535277,-1.175673175e-07,3.0931112e-08,,,Car,1,50229,,1560.270868693062,V337,3.401,3.381
50230,50372.0,89021.0,4033.0,,33Lam UMa,Tania Borealis,10.284952,42.914365,42.1585,-170.11,-42.64,18.0,3.45,0.326,A2IV,0.029,-27.815454,13.402145,28.706022,-2.4e-06,3.975e-05,6.15e-06,2.69259416873017,0.7489969631601612,-8.24716552e-07,-2.06724553e-07,Lam,33.0,UMa,1,50230,,64.50598332848317,,,
50413,50555.0,89682.0,4063.0,,,,10.326877,-55.029305,568.1818,-14.79,4.03,13.0,4.59,-4.182,K3II,1.6,-294.912958,138.127708,-465.594001,2.14e-06,4.398e-05,-4.53e-06,2.703570026590496,-0.9604425510425788,-7.17039434e-08,1.9537991e-08,,,Vel,1,50413,,4100.152405066133,GZ,4.614,4.574
50422,50564.0,89449.0,4054.0,Gl 388.1,40    Leo,,10.328938,19.470914,21.3675,-229.99,-214.66,6.1,4.78,3.131,F6IV,0.452,-18.248265,8.534898,7.122411,-1.95e-06,2.721e-05,-1.888e-05,2.7041095875488907,0.3398315598658475,-1.1150229839e-06,-1.040701046e-06,,40.0,Leo,1,50422,,4.870796664925367,,,
50440,50583.0,89484.0,4057.0,,41Gam1Leo,Algieba,10.332873,19.841489,39.8883,310.77,-152.88,-37.0,2.01,-0.994,K0III,1.128,-34.002797,15.860719,13.53874,-2.24e-06,-6.526e-05,-4.065e-05,2.7051398372354067,0.3462993056474024,1.5066554751e-06,-7.41183154e-07,Gam-1,41.0,Leo,1,50440,,217.5704950925793,,,
50532,50676.0,89890.0,4074.0,,,,10.348557,-56.04322,352.1127,-18.15,1.49,10.0,4.5,-3.233,B3III,-0.102,-178.581258,82.409049,-292.063178,5.88e-06,3.141e-05,-7.06e-06,2.709245826055273,-0.9781387177924236,-8.7993683e-08,7.223723e-09,,,Vel,1,50532,,1710.8029875993288,MV,4.51,4.49
50653,50799.0,89998.0,4080.0,,,,10.372108,-41.64996,62.5,-27.23,60.77,21.0,4.82,0.841,K1IIIvar,1.095,-42.523932,19.306177,-41.536251,-2.234e-05,1.92e-05,-5.2e-07,2.715411616870804,-0.7269289380638613,-1.320147652e-07,2.94621273e-07,,,Vel,1,50653,,40.14209182043211,,,
50655,50801.0,89758.0,4069.0,,34Mu  UMa,Tania Australis,10.372155,41.499516,70.6215,-80.47,34.1,-21.0,3.06,-1.185,M0III SB,1.603,-48.161684,21.865099,46.794651,3.308e-05,1.524e-05,-5.49e-06,2.715423700366274,0.7243031975628188,-3.901295687e-07,1.65321465e-07,Mu,34.0,UMa,1,50655,,259.4179362118815,,,
50702,50847.0,90264.0,4089.0,,,,10.382824,-66.901498,123.1527,-22.84,11.04,12.0,4.97,-0.482,B8V,-0.128,-44.04861,19.849599,-113.279863,-4.31e-06,1.69e-05,-8.7e-06,2.7182169290998592,-1.1676514196699874,-1.107314446e-07,5.352343e-08,,,Car,1,50702,,135.76880641390918,,,
50788,50933.0,89822.0,4072.0,GJ 9327,,,10.402182,65.566423,104.0583,-8.93,-20.83,-2.6,4.94,-0.146,A0sp...,-0.052,-39.331229,17.484507,94.738965,-5.91e-06,7.56e-06,-6.77e-06,2.7232847611787108,1.1443499583664711,-4.32938617e-08,-1.00986689e-07,,,UMa,1,50788,,99.63226419544176,ET,4.949,4.929
50809,50954.0,90589.0,4102.0,Gl 391,,,10.406592,-74.031612,16.2232,-16.12,-27.63,-4.7,3.99,2.939,F2IV,0.369,-4.080371,1.808276,-15.597165,3.63e-06,-2.2e-07,4.02e-06,2.724439403170304,-1.2920953760976663,-7.81519653e-08,-1.33954019e-07,,,Car,1,50809,,5.812995677253879,,,
50911,51056.0,90277.0,4090.0,,30    LMi,,10.431895,33.79612,71.5308,-75.28,-59.0,14.0,4.72,0.448,F0V,0.26,-54.504577,23.72371,39.788315,-1.093e-05,3.323e-05,-9.04e-06,2.731063807532286,0.5898535711493788,-3.649677387e-07,-2.86040071e-07,,30.0,LMi,1,50911,,57.65009137698544,,,
50924,51069.0,90432.0,4094.0,,42Mu  Hya,,10.434842,-16.83629,71.7875,-128.51,-80.06,40.0,3.83,-0.45,K4III,1.456,-63.022703,27.373482,-20.792498,-1.07e-05,5.34e-05,-3.852e-05,2.731835161451968,-0.29384870124103,-6.230340609e-07,-3.88141832e-07,Mu,42.0,Hya,1,50924,,131.82567385564073,,,
51027,51172.0,90610.0,4104.0,,Alp Ant,,10.45253,-31.067779,112.2334,-80.42,9.63,12.0,4.28,-0.971,K4III,1.429,-88.352579,37.890013,-57.918293,5.1e-06,4.542e-05,-1.85e-06,2.7364660214873333,-0.5422350314838763,-3.898871619e-07,4.6687557e-08,Alp,,Ant,1,51027,,213.01000374112505,,,
51047,51192.0,90772.0,4110.0,,,,10.456798,-57.638805,100000.0,-6.71,3.72,-1.0,4.65,-15.35,A6Ia,0.474,-49216.266252,21041.305288,-84469.063012,-0.00012143,0.00358954,0.00096612,2.737583421353768,-1.005986917193155,-3.2530998e-08,1.8035068e-08,,,Car,1,51047,,120226443.46174131,V399,4.682,4.622
51087,51232.0,90853.0,4114.0,,,,10.464649,-58.739403,411.5226,-13.25,2.21,9.0,3.81,-4.262,F2II,0.317,-196.531535,83.545339,-351.776134,2.48e-06,2.767e-05,-5.58e-06,2.739638763919139,-1.0251959842491576,-6.42378127e-08,1.0714382e-08,,,Car,1,51087,,4413.671434634397,,,
51089,51233.0,90537.0,4100.0,,31Bet LMi,,10.464727,36.707212,47.1921,-127.52,-109.62,6.0,4.2,0.831,G8III-IV,0.908,-34.818822,14.800637,28.20798,-6.91e-06,3.464e-05,-1.644e-05,2.7396591834489525,0.640661702788385,-6.182344054e-07,-5.31452756e-07,Bet,31.0,LMi,1,51089,,40.5135220229264,,,
51291,51438.0,91375.0,4138.0,,,,10.505581,-71.992793,79.8722,27.94,-30.04,8.0,4.72,0.208,A2III,0.042,-22.825726,9.415606,-75.95994,3.76e-06,-1.325e-05,-1.138e-05,2.750354654248245,-1.2565112733327537,1.354569423e-07,-1.45638029e-07,,,Car,1,51291,,71.9117735782509,,,
51312,51459.0,90839.0,4112.0,Gl 395,36    UMa,,10.510461,55.980536,12.7796,-177.02,-33.45,8.6,4.82,4.287,F8V,0.541,-6.613102,2.718087,10.592404,-1.97e-06,1.267e-05,6.13e-06,2.7516323575996986,0.97704467401096,-8.582171773e-07,-1.62170176e-07,,36.0,UMa,1,51312,,1.6795773139880843,,,
51348,51495.0,91496.0,4142.0,,,,10.517242,-73.22149,316.4557,-7.45,7.64,11.0,4.94,-2.562,K4/K5III,1.677,-84.555297,34.577704,-302.983592,-9.07e-06,1.606e-05,-7.39e-06,2.753407440962082,-1.2779560879020562,-3.61186192e-08,3.7039765e-08,,,Car,1,51348,,922.146665124264,,,
51375,51523.0,91324.0,4134.0,Gl 397.2,,,10.522775,-53.715484,21.8103,-418.76,209.46,21.0,4.89,3.197,F6V,0.5,-11.954013,4.868385,-17.581178,-1.161e-05,5.253e-05,-4.21e-06,2.754856087699524,-0.9375120484560688,-2.0302057687e-06,1.015490735e-06,,,Vel,1,51375,,4.583529174381887,,,
51428,51576.0,91465.0,4140.0,,,,10.533743,-61.685332,148.1481,-16.59,11.42,26.0,3.3,-2.553,B4Vne,-0.089,-65.154868,26.316211,-130.423268,-1.393e-05,1.847e-05,-1.952e-05,2.757727415232341,-1.0766121515499325,-8.04305896e-08,5.5365722e-08,,,Car,1,51428,,914.53430312046,PP,3.448,3.218
51475,51624.0,91316.0,4133.0,,47Rho Leo,,10.546853,9.306586,100000.0,-5.57,-3.59,42.0,3.84,-16.16,B1Ib SB,-0.148,-91628.219948,36643.48097,16171.724913,0.00070196,0.00262737,-0.00171048,2.7611597327139323,0.1624305597079037,-2.7004122e-08,-1.7404811e-08,Rho,47.0,Leo,1,51475,,253512863.0497907,,,
51509,51658.0,91312.0,4132.0,,,,10.553865,40.42556,34.626,-142.04,8.0,9.0,4.72,2.023,A7IV,0.222,-24.492411,9.742819,22.453613,3.11e-06,2.442e-05,6.99e-06,2.762995416493172,0.7055591213695726,-6.886293519e-07,3.8785094e-08,,,UMa,1,51509,,13.514500541175588,,,
51659,51808.0,91190.0,4126.0,,,,10.584878,75.712948,75.815,-45.58,-14.96,17.0,4.86,0.461,K0III,0.957,-17.440256,6.774144,73.470305,-2.9e-06,1.91e-05,1.549e-05,2.7711146484418383,1.3214402213788974,-2.209780756e-07,-7.2528126e-08,,,Dra,1,51659,,56.96393733411836,,,
51690,51839.0,92305.0,4174.0,,Gam Cha,,10.591166,-78.607786,128.041,-38.0,11.53,-22.0,4.11,-1.427,M0III,1.58,-23.590237,9.118277,-125.518147,6.11e-06,2.293e-05,2.347e-05,2.772760669994512,-1.3719646768836014,-1.842291986e-07,5.5899017e-08,Gam,,Cha,1,51690,,324.1902878227871,,,
51700,51849.0,91942.0,4159.0,,,,10.59314,-57.557636,361.0108,-15.43,-0.16,10.0,4.45,-3.338,K3/K4II,1.604,-180.676542,69.727876,-304.668464,4.82e-06,2.708e-05,-8.78e-06,2.773277678440929,-1.0045702547873838,-7.48067509e-08,-7.75701e-10,,,Car,1,51700,,1884.5167417215537,,,
51830,51979.0,92036.0,4162.0,,,,10.620481,-27.412634,149.4768,-112.98,21.52,17.0,4.87,-1.003,M1III,1.626,-124.132537,46.887988,-68.818523,7.77e-06,8.458e-05,5.84e-06,2.7804355102531573,-0.47844072409584,-5.477424963e-07,1.04331904e-07,,,Hya,1,51830,,219.381499189791,,,
51837,51986.0,92139.0,4167.0,,,,10.621717,-48.22562,26.8384,-131.48,-1.58,19.0,3.84,1.696,A3m+...,0.3,-16.728402,6.3126,-20.015507,-5.93e-06,2.052e-05,-1.463e-05,2.780758919461012,-0.8416958540254901,-6.374330272e-07,-7.660056e-09,,,Vel,1,51837,,18.264172487743544,,,
51860,52009.0,92055.0,4163.0,,,,10.625909,-13.384543,208.3333,41.74,-37.83,-25.0,4.89,-1.704,C,2.8,-189.701165,71.346928,-48.226078,1.672e-05,-5.133e-05,-3.125e-05,2.781856423660765,-0.2336043417938812,2.023612303e-07,-1.83405015e-07,,,Hya,1,51860,,418.4080195674277,U,5.005,4.745
51934,52085.0,92214.0,4171.0,,Phi3Hya,,10.643043,-16.876572,64.5578,-98.57,26.75,18.0,4.91,0.86,G8III,0.922,-57.920169,21.487818,-18.741882,-8.07e-06,3.589e-05,2.67e-06,2.7863421925426066,-0.2945517442329837,-4.778808449e-07,1.29687659e-07,Phi-3,,Hya,1,51934,,39.44573020752785,,,
51947,52098.0,92125.0,4166.0,,37    LMi,,10.645337,31.976237,177.305,0.1,7.18,-7.0,4.68,-1.564,G0II,0.823,-141.042262,52.228946,93.894934,8.73e-06,-3.32e-06,1.44e-06,2.78694266824212,0.5580906265841925,4.848137e-10,3.4809622e-08,,37.0,LMi,1,51947,,367.79007042238624,,,
51951,52102.0,92397.0,4177.0,,,,10.645834,-59.182997,719.4245,-14.29,0.79,11.0,4.69,-4.595,K4/K5III:,1.562,-345.64003,127.941972,-617.847533,9.68e-06,4.956e-05,-8.25e-06,2.787072946801094,-1.0329381594872549,-6.9279875e-08,3.830028e-09,,,Car,1,51951,,5997.9107625551005,,,
52003,52154.0,92449.0,4180.0,,,,10.655112,-55.603268,257.732,-18.87,4.31,20.0,4.29,-2.766,G2II,1.025,-136.666108,50.211211,-212.666606,-6.89e-06,2.765e-05,-1.384e-05,2.789501672512012,-0.9704601101646464,-9.14843415e-08,2.0895469e-08,,,Vel,1,52003,,1112.7561417305203,,,
52219,52370.0,92938.0,4196.0,,,,10.703926,-64.466426,139.0821,-17.75,11.27,24.0,4.76,-0.956,B3V,-0.139,-56.531903,19.953693,-125.498543,-1.246e-05,1.709e-05,-1.887e-05,2.8022812740237524,-1.125151395913116,-8.60544283e-08,5.4638501e-08,,,Car,1,52219,,210.0873969240989,V518,4.807,4.647
52268,52419.0,93030.0,4199.0,,The Car,,10.715949,-64.39445,139.6648,-18.87,12.06,24.0,2.74,-2.985,B0Vp,-0.22,-56.980945,19.910719,-125.948607,-1.275e-05,1.799e-05,-1.861e-05,2.805428832512012,-1.123895171400371,-9.14843415e-08,5.8468529e-08,The,,Car,1,52268,,1361.4446824659497,,,
52317,52468.0,93070.0,4200.0,,,,10.725639,-60.566619,349.6503,-15.22,3.12,9.0,4.58,-3.138,K3Ib,1.7,-162.347956,56.267084,-304.520188,-1.8e-07,2.737e-05,-5.42e-06,2.807965603349381,-1.0570869246458725,-7.37886422e-08,1.5126186e-08,,,Car,1,52317,,1567.4727518004374,V520,4.604,4.534
52351,52502.0,93194.0,4205.0,,,,10.735258,-63.961072,150.8296,-17.06,11.97,26.0,4.8,-1.092,B5Vn,-0.134,-62.61507,21.524887,-135.52,-1.442e-05,1.815e-05,-2.005e-05,2.8104838492943784,-1.116331291218276,-8.27092139e-08,5.8032197e-08,,,Car,1,52351,,238.1222623276841,,,
52370,52521.0,93083.0,,GJ 1137,,Macondo,10.739146,-33.577022,27.8552,-92.84,-151.12,41.7,8.3,6.075,K3V,0.945,-21.954758,7.522298,-15.405733,-1.887e-05,1.972e-05,-4.059e-05,2.811501856616066,-0.5860295856912975,-4.50101021e-07,-7.32650434e-07,,,Ant,1,52370,,0.3235936569296281,,,
52481,52633.0,93845.0,4234.0,,Del2Cha,,10.763087,-80.540188,107.5269,-37.33,6.19,23.0,4.45,-0.708,B2.5IV,-0.188,-16.754133,5.623468,-106.064858,-4.9e-07,2.069e-05,-2.267e-05,2.817769639416714,-1.4056914554127975,-1.80980947e-07,3.0009966e-08,Del-2,,Cha,1,52481,,167.18603572044654,,,
52575,52727.0,93497.0,4216.0,,Mu  Vel,,10.779488,-49.420255,35.9195,62.55,-53.57,6.0,2.69,-0.087,G5III SB,0.901,-22.183186,7.339648,-27.280949,-4.8e-07,-1.131e-05,-1.073e-05,2.8220634854458755,-0.86254617150352,3.032509572e-07,-2.59714688e-07,Mu,,Vel,1,52575,,94.36262202767266,,,
52584,52736.0,93607.0,4222.0,,,,10.780898,-64.383474,147.2754,-18.61,9.33,16.0,4.87,-0.971,B3IV,-0.149,-60.458367,19.978993,-132.799515,-8.25e-06,1.672e-05,-1.188e-05,2.822432527541523,-1.123703609210235,-9.0223826e-08,4.5233116e-08,,,Car,1,52584,,213.01000374112505,,,
52789,52943.0,93813.0,4232.0,,Nu  Hya,,10.827079,-16.193648,44.0723,92.77,199.02,-1.0,3.11,-0.111,K0/K1III,1.232,-40.343946,12.793047,-12.291085,-1.636e-05,-1.561e-05,4.112e-05,2.8345227794144505,-0.2826324803333637,4.497616515e-07,9.64876187e-07,Nu,,Hya,1,52789,,96.47171518961676,,,
53075,53229.0,94264.0,4247.0,,46    LMi,Praecipua,10.888526,34.214871,29.0867,92.47,-286.06,16.0,3.79,1.472,K0III-IV,1.04,-23.041794,6.900625,16.355475,-3.843e-05,-2.1e-06,-2.415e-05,2.8506094506880912,0.5971621529923775,4.483072104e-07,-1.386858014e-06,,46.0,LMi,1,53075,,22.4491550756959,,,
53099,53253.0,94510.0,4257.0,Gl 404.1,,,10.891559,-58.853171,29.129,79.75,38.65,8.1,3.78,1.458,K0III-IV...,0.945,-14.436596,4.310989,-24.92996,-1.18e-05,-8.23e-06,-4.27e-06,2.851403499090465,-1.0271816044207387,3.866389102e-07,1.87380487e-07,,,Car,1,53099,,22.740499508958955,,,
53141,53295.0,94334.0,4248.0,,45Ome UMa,,10.899648,43.189956,75.5287,44.78,-24.43,-17.0,4.66,0.269,A1Vs,-0.039,-52.7979,15.644705,51.693196,1.63e-06,-1.758e-05,-1.842e-05,2.853521118621204,0.7538069346501575,2.170995662e-07,-1.18439982e-07,Ome,45.0,UMa,1,53141,,67.98294904549553,,,
53262,53417.0,94601.0,4259.0,,54    Leo,,10.92689,24.749718,87.9507,-78.41,-14.89,5.0,4.3,-0.421,A1,0.016,-76.740685,22.145239,36.821043,2.25e-06,3.414e-05,-3.62e-06,2.8606529817539395,0.4319640723483762,-3.801424069e-07,-7.2188757e-08,,54.0,Leo,1,53262,,128.35121968394975,,,
53347,53502.0,94890.0,4273.0,,Iot Ant,,10.945289,-37.137765,58.2751,74.96,-124.5,-0.2,4.6,0.773,K0III,1.006,-44.696342,12.665166,-35.182633,1.481e-05,-2.621e-05,-2.791e-05,2.8654699288929306,-0.64817628343903,3.634163349e-07,-6.03593032e-07,Iot,,Ant,1,53347,,42.73660314969305,,,
53369,53524.0,95086.0,,,,Aiolos,10.950851,-68.667347,90.4159,-41.69,13.03,0.0,7.36,2.579,A8III,0.23,-31.65874,8.921182,-84.220969,-1.6e-07,1.903e-05,2.08e-06,2.866926048460295,-1.1984712862518074,-2.021188234e-07,6.3171222e-08,,,Car,1,53369,,8.098414473257884,,,
53565,53721.0,95128.0,4277.0,Gl 407,47    UMa,Chalawan,10.99112,40.430257,14.0627,-315.92,55.15,11.6,5.03,4.29,G0V,0.624,-10.333319,2.794615,9.120037,-7.4e-07,2.251e-05,1.056e-05,2.8774684462954285,0.7056410985290099,-1.5316233796e-06,2.67374744e-07,,47.0,UMa,1,53565,,1.6749428760264369,,,
53584,53740.0,95272.0,4287.0,,7Alp Crt,Alkes,10.996244,-18.298783,48.8043,-462.39,129.11,47.0,4.08,0.638,K1III,1.079,-44.746057,12.036889,-15.32333,-2.492e-05,0.00011999,1.391e-05,2.8788099898626966,-0.3193740189992575,-2.2417299775e-06,6.25942942e-07,Alp,7.0,Crt,1,53584,,48.39494493016627,,,
53618,53773.0,95370.0,4293.0,,,,11.002572,-42.225859,60.1685,23.0,4.5,-5.0,4.37,0.473,A3IV,0.116,-43.044414,11.502641,-40.436502,1.07e-06,-7.23e-06,4.41e-06,2.880466611687532,-0.7369802621046188,1.115071465e-07,2.1816615e-08,,,Vel,1,53618,,56.33781508509383,,,
53651,53807.0,95345.0,4291.0,,58    Leo,,11.009347,3.617494,110.4972,15.66,-16.24,6.0,4.84,-0.377,K1III,1.144,-106.589011,28.281073,6.971851,-8.6e-06,-6.4e-06,-8.29e-06,2.8822402553159456,0.0631371810797662,7.59218224e-08,-7.8733741e-08,,58.0,Leo,1,53651,,123.25370982033444,,,
53669,53824.0,95382.0,4294.0,,59    Leo,,11.012445,6.101449,46.3607,-51.03,-22.24,-12.0,4.98,1.649,A5III,0.166,-44.565858,11.785895,4.927631,1.422e-05,8.1e-06,-6.27e-06,2.883051395246315,0.1064903795525825,-2.474004212e-07,-1.07822562e-07,,59.0,Leo,1,53669,,19.072165205939054,,,
53751,53907.0,95578.0,4299.0,,61    Leo,,11.030465,-2.484585,179.2115,9.58,-36.11,-14.0,4.73,-1.537,K5III,1.593,-173.306253,44.95891,-7.76892,1.307e-05,-1.199e-05,-3.072e-05,2.887769015395068,-0.043364184829425,4.64451506e-08,-1.7506622e-07,,61.0,Leo,1,53751,,358.7566830392618,,,
53754,53910.0,95418.0,4295.0,GJ 9343,48Bet UMa,Merak,11.030677,56.382427,24.4499,81.66,33.74,-12.0,2.34,0.399,A1V,0.033,-13.103033,3.398358,20.360601,7.37e-06,-1.191e-05,-8.01e-06,2.887824569114951,0.9840589862911812,3.958988515e-07,1.63576135e-07,Bet,48.0,UMa,1,53754,,60.31148196178175,,,
53798,53954.0,95608.0,4300.0,,60    Leo,,11.038827,20.179842,38.8651,-9.6,39.57,-10.0,4.42,1.472,A1m,0.053,-35.330409,9.082879,13.407184,1.224e-05,-1.28e-06,3.47e-06,2.889958027756508,0.3522046836067637,-4.65421133e-08,1.91840773e-07,,60.0,Leo,1,53798,,22.4491550756959,,,
53879,54035.0,95735.0,,Gl 411,,Lalande 21185,11.055632,35.969877,2.5469,-580.2,-4767.09,-84.3,7.49,10.46,M2V,1.502,-1.998,0.504305,1.495504,3.587e-05,-1.66e-06,-9.828e-05,2.894357577221472,0.627792793335765,-2.8128889746e-06,-2.3111504484e-05,,,UMa,1,53879,,0.0057016427228074,,,
53905,54061.0,95689.0,4301.0,,50Alp UMa,Dubhe,11.062155,61.751033,37.679,-136.46,-35.25,-9.0,1.81,-1.07,F7V comp,1.061,-17.298705,4.33488,33.191332,4.78e-06,2.45e-05,-1.116e-05,2.896065350203451,1.0777588446528077,-6.615767485e-07,-1.70896822e-07,Alp,50.0,UMa,1,53905,,233.3458062281002,,,
54001,54158.0,96063.0,,,,Dingolay,11.079015,-2.513218,157.9779,26.46,-17.52,0.0,8.21,2.217,K0,0.856,-153.260473,37.686294,-6.927309,-4.27e-06,-1.982e-05,-1.34e-05,2.900479329464874,-0.043863926219365,1.282816999e-07,-8.4939356e-08,,,Leo,1,54001,,11.303163247386966,,,
54024,54182.0,96097.0,4310.0,,63Chi Leo,,11.083619,7.336007,28.9939,-344.41,-47.4,5.0,4.62,2.308,F2III-IVvar,0.332,-27.933018,6.832954,3.702177,5.75e-06,4.843e-05,-5.95e-06,2.9016847077155243,0.128037481235265,-1.6697467972e-06,-2.29801684e-07,Chi,63.0,Leo,1,54024,,10.394413751488006,,,
54046,54204.0,96202.0,4314.0,GJ 3642A,Chi1Hya,,11.088867,-27.293612,43.2339,-190.74,-6.87,19.1,4.92,1.741,F3IV/V,0.369,-37.332873,9.078033,-19.825005,-6.78e-06,4.279e-05,-1.024e-05,2.903058599580875,-0.4763633994336162,-9.247336143e-07,-3.3306699e-08,Chi-1,,Hya,1,54046,GJ 3642,17.522658618857076,,,
54143,54301.0,96566.0,4325.0,Gl 412.1,,,11.109015,-62.424113,122.1001,-36.83,9.57,-2.0,4.62,-0.814,G8III,0.988,-54.992171,13.065371,-108.229327,1.08e-06,2.215e-05,4.44e-06,2.9083332366273127,-1.0895063080291465,-1.785568785e-07,4.6396669e-08,,,Car,1,54143,,184.33168795057549,,,
54304,54463.0,96918.0,4337.0,,,,11.143165,-58.975037,100000.0,-5.03,2.09,7.0,3.93,-16.07,G0Ia0,1.225,-50249.82514,11464.949662,-85694.282278,-0.00030767,0.00257126,0.00051607,2.917273675621379,-1.0293085683397063,-2.43861281e-08,1.0132605e-08,,,Car,1,54304,,233345806.22810045,V382,3.991,3.901
54380,54539.0,96833.0,4335.0,,52Psi UMa,,11.161062,44.498487,44.3066,-62.35,-27.38,-4.0,3.0,-0.232,K1III,1.144,-30.843315,6.88533,31.054046,1.74e-06,1.333e-05,-7.06e-06,2.921959184038364,0.7766451055076312,-3.022813298e-07,-1.32741985e-07,Psi,52.0,UMa,1,54380,,107.84499632938316,,,
54522,54682.0,97277.0,4343.0,Gl 416.1,11Bet Crt,,11.194302,-22.825847,104.2753,4.73,-99.06,6.4,4.46,-0.631,A1V,0.025,-93.979241,20.122462,-40.451687,1.259e-05,-5.14e-06,-4.869e-05,2.9306615396522617,-0.3983861872437712,2.29316871e-08,-4.80256431e-07,Bet,11.0,Crt,1,54522,,155.73993890808558,,,
54591,54751.0,97534.0,4352.0,,,,11.210005,-60.317625,100000.0,-6.23,2.33,-8.0,4.59,-15.41,A6Ia,0.541,-48463.829439,10168.720642,-86878.388235,-0.00033625,0.00315644,0.00056644,2.9347723427159425,-1.0527411521586176,-3.02038923e-08,1.1296158e-08,,,Car,1,54591,,127057410.52085394,V533,4.622,4.562
54712,54872.0,97603.0,4357.0,Gl 419,68Del Leo,Zosma,11.235138,20.523717,17.9147,143.31,-130.43,-20.2,2.56,1.294,A4V,0.128,-16.442201,3.337108,6.280742,1.259e-05,-1.526e-05,-1.785e-05,2.941352165381749,0.3582064320032738,6.947864856e-07,-6.32342483e-07,Del,68.0,Leo,1,54712,,26.448436268543603,,,
54718,54879.0,97633.0,4359.0,,70The Leo,Chertan,11.237335,15.42957,50.6073,-59.01,-79.37,8.0,3.33,-0.191,A2V,-0.003,-47.814213,9.675761,13.464276,-9.94e-06,1.678e-05,-1.659e-05,2.9419274527251624,0.2692968010295925,-2.860885529e-07,-3.84796618e-07,The,70.0,Leo,1,54718,,103.8484455008274,,,
54789,54951.0,97778.0,4362.0,,72    Leo,,11.253397,23.095502,294.1176,-22.24,-9.48,16.0,4.56,-2.783,M3III,1.657,-265.39327,52.544691,115.372069,-1.381e-05,3.506e-05,-6.01e-06,2.946132508552578,0.40309255584706,-1.078225626e-07,-4.5960336e-08,,72.0,Leo,1,54789,,1130.3163247386967,,,
54921,55084.0,98058.0,4368.0,,74Phi Leo,,11.277695,-3.651601,56.4653,-108.15,-35.76,-3.0,4.45,0.691,A7IVn,0.21,-55.346129,10.592461,-3.596235,9.18e-06,2.838e-05,-9.57e-06,2.9524935681475397,-0.063732460982005,-5.243259955e-07,-1.73369372e-07,Phi,74.0,Leo,1,54921,,46.089288098089526,,,
55011,55174.0,98219.0,,,,Hunahpú,11.296544,-23.975414,134.2282,-131.11,-16.25,0.0,8.05,2.411,K0III/IV,0.962,-120.572962,22.459787,-54.542905,1.985e-05,8.308e-05,-9.66e-06,2.957428416156855,-0.4184499163444512,-6.356392166e-07,-7.8782223e-08,,,Crt,1,55011,,9.45366045957965,,,
55055,55219.0,98262.0,4377.0,,54Nu  UMa,Alula Borealis,11.307983,33.094306,122.399,-26.61,27.51,-9.0,3.49,-1.949,K3III SB,1.4,-100.864256,18.476143,66.832099,1.92e-05,1.254e-05,8.65e-06,2.960423095171947,0.5776045970071263,-1.290089204e-07,1.33372243e-07,Nu,54.0,UMa,1,55055,,524.3243172456372,,,
55102,55266.0,98353.0,4380.0,,55    UMa,,11.318864,38.185557,58.8235,-57.15,-68.1,-3.0,4.76,0.912,A2V,0.113,-45.502825,8.201254,36.365276,-6.55e-06,1.774e-05,-1.716e-05,2.963271638628589,0.6664636911164851,-2.770710184e-07,-3.30158116e-07,,55.0,UMa,1,55102,,37.60105236684958,,,
55118,55282.0,98430.0,4382.0,,12Del Crt,,11.322347,-14.778541,56.9476,-124.47,206.61,-5.0,3.56,-0.217,K0III,1.112,-54.199405,9.717642,-14.52639,-3.39e-06,3.552e-05,5.646e-05,2.964183569833604,-0.2579342053564812,-6.034475882e-07,1.001673545e-06,Del,12.0,Crt,1,55118,,106.36530750764376,,,
55260,55425.0,98718.0,4390.0,,Pi  Cen,,11.350117,-54.491019,109.6491,-35.32,-2.2,9.0,3.9,-1.3,B5Vn,-0.157,-62.768014,10.783606,-89.257117,-1.15e-06,1.925e-05,-8.17e-06,2.9714537086833204,-0.951047698326625,-1.71236192e-07,-1.06659e-08,Pi,,Cen,1,55260,,288.40315031266056,,,
55269,55434.0,98664.0,4386.0,,77Sig Leo,,11.352276,6.029322,67.4764,-91.76,-12.83,-5.0,4.05,-0.096,B9.5Vs,-0.058,-66.140622,11.324464,7.087542,9.64e-06,2.88e-05,-4.71e-06,2.9720189764309586,0.1052315147360437,-4.448650333e-07,-6.2201595e-08,Sig,77.0,Leo,1,55269,,95.14807363517583,,,
55395,55560.0,98839.0,4392.0,,56    UMa,,11.380442,43.482703,163.3987,-36.87,-13.85,3.0,4.99,-1.076,G8II,0.998,-117.003029,19.146141,112.440475,-4.93e-06,3.04e-05,-5.85e-06,2.979392821930465,0.7589163334664275,-1.78750804e-07,-6.7146694e-08,,56.0,UMa,1,55395,,234.6388924464132,,,
55423,55588.0,98993.0,4396.0,,,,11.386857,-36.164769,323.6246,-26.52,-0.63,-5.0,5.0,-2.55,K4III,1.464,-257.910821,41.75929,-190.97388,1.13e-05,4.032e-05,2.22e-06,2.981072305989854,-0.6311942967253524,-1.285725881e-07,-3.054326e-09,,,Cen,1,55423,,912.0108393559096,,,
55476,55642.0,99028.0,4399.0,,78Iot Leo,,11.398736,10.529509,23.6742,140.75,-77.8,-10.0,4.0,2.129,F2IV SB,0.423,-22.987695,3.648687,4.326252,5.79e-06,-1.727e-05,-1.065e-05,2.9841821957834846,0.1837745936308737,6.823752554e-07,-3.77185043e-07,Iot,78.0,Leo,1,55476,,12.257446320498056,,,
55498,55664.0,99109.0,,,,Shama,11.404822,-1.529076,49.9251,-179.71,-160.61,0.0,9.1,5.608,K0,0.874,-49.302696,7.744997,-1.332214,7.77e-06,4.281e-05,-3.886e-05,2.9857753294866787,-0.026687414268455,-8.712586653e-07,-7.78659252e-07,,,Leo,1,55498,,0.4975079213514407,,,
55521,55687.0,99167.0,4402.0,,14Eps Crt,,11.410164,-10.859323,115.3403,-24.14,24.46,3.0,4.81,-0.5,K5III,1.556,-111.927049,17.422325,-21.729917,-3.45e-06,1.42e-05,1.285e-05,2.987174010952303,-0.1895309453775225,-1.170340225e-07,1.18585426e-07,Eps,14.0,Crt,1,55521,,138.03842646028852,,,
55539,55705.0,99211.0,4405.0,,15Gam Crt,,11.414702,-17.68401,25.2398,-97.01,3.22,1.0,4.06,2.05,A9V,0.216,-23.765377,3.670362,-7.667025,7.3e-07,1.19e-05,6e-08,2.988361947719674,-0.30864419240375,-4.703177515e-07,1.5611e-08,Gam,15.0,Crt,1,55539,,13.182567385564068,,,
55779,55945.0,99648.0,4418.0,,84Tau Leo,,11.465622,2.856265,172.4138,17.32,-10.41,-9.0,4.95,-1.233,G8II-III,1.0,-170.517134,24.012169,8.591477,6.66e-06,-1.556e-05,-9.15e-06,3.001692872735133,0.04985123539534,8.39697295e-08,-5.0469104e-08,Tau,84.0,Leo,1,55779,,271.1440008688312,,,
55959,56127.0,99998.0,4432.0,,87    Leo,,11.505248,-3.003501,185.1852,19.78,-17.14,19.0,4.77,-1.568,K4III,1.529,-183.381869,23.886401,-9.703152,-2.074e-05,-1.521e-05,-1.638e-05,3.012066917091278,-0.0524209730993099,9.5896146e-08,-8.3097064e-08,,87.0,Leo,1,55959,,369.1475581654127,,,
56044,56211.0,100029.0,4434.0,,1Lam Dra,Giausar,11.523407,69.331076,102.145,-41.14,-18.79,7.0,3.82,-1.226,M0IIIvar,1.613,-35.773586,4.486959,95.570558,-8.61e-06,2.161e-05,3.41e-06,3.0168208397919534,1.2100555469057126,-1.994523482e-07,-9.109649e-08,Lam,1.0,Dra,1,56044,,269.4014941063669,,,
56113,56280.0,100286.0,4443.0,,,,11.53789,-29.261022,26.295,-20.32,144.4,10.0,4.93,2.831,F8V,0.54,-22.772217,2.768505,-12.852752,-1.748e-05,4.73e-06,1.106e-05,3.020612652001276,-0.5107011843791526,-9.85141399e-08,7.00070954e-07,,,Hya,1,56113,,6.42096052567594,,,
56174,56343.0,100407.0,4450.0,,Xi  Hya,,11.550038,-31.857625,39.7456,-209.09,-41.6,-5.0,3.54,0.544,G8III,0.947,-33.524411,3.96759,-20.978114,1.325e-05,3.9e-05,-4.11e-06,3.023792892151909,-0.5560204497217962,-1.0136969247e-06,-2.01682491e-07,Xi,,Hya,1,56174,,52.77156817648117,,,
56311,56480.0,100673.0,4460.0,,,,11.579355,-54.264091,130.719,-55.55,16.64,3.0,4.62,-0.962,B9V,-0.077,-75.883966,8.390759,-106.106941,-6.42e-06,3.613e-05,3.67e-06,3.031468155502504,-0.947087056111285,-2.693139995e-07,8.0672996e-08,,,Cen,1,56311,,211.25159662408515,,,
56339,56508.0,100655.0,4459.0,,,Formosa,11.584377,20.441545,122.2494,-58.6,-1.19,-7.0,6.45,1.014,G9III,1.01,-113.87372,12.439743,42.695774,1.019e-05,3.382e-05,-3.16e-06,3.032782730117853,0.3567722695187825,-2.841008168e-07,-5.769282e-09,,,Leo,1,56339,,34.22945623160411,,,
56392,56561.0,100841.0,4467.0,,Lam Cen,,11.596363,-63.019841,128.7001,-33.84,-6.87,-1.0,3.11,-2.438,B9II:,-0.044,-58.063196,6.158685,-114.692848,6.49e-06,2.054e-05,-1.03e-06,3.035920854466692,-1.0999037274336163,-1.640609495e-07,-3.3306699e-08,Lam,,Cen,1,56392,,822.6213938831102,,,
56403,56572.0,100777.0,,,,Sagarmatha,11.597645,-4.755697,49.6032,-10.39,33.45,0.0,8.42,4.942,K0,0.76,-49.158438,5.1974,-4.112467,-4e-07,2.55e-06,8.02e-06,3.0362564602437625,-0.08300257201096,-5.03721414e-08,1.62170176e-07,,,Leo,1,56403,,0.918755601666062,,,
56464,56633.0,100889.0,4468.0,,21The Crt,,11.611365,-9.802247,85.9845,-59.32,2.82,1.0,4.7,0.028,B9.5Vn,-0.073,-84.291063,8.605864,-14.638702,1.31e-06,2.472e-05,9.8e-07,3.039848236574591,-0.1710814803722312,-2.875914753e-07,1.3671745e-08,The,21.0,Crt,1,56464,,84.87895030072441,,,
56478,56647.0,100920.0,4471.0,,91Ups Leo,,11.615814,-0.823749,55.6483,1.3,43.43,1.0,4.3,0.573,G9III,0.983,-55.361348,5.587078,-0.800036,-1.22e-06,-2.3e-07,1.17e-05,3.0410130031475564,-0.0143771266474162,6.3025778e-09,2.10554581e-07,Ups,91.0,Leo,1,56478,,51.38069802323445,,,
56753,56922.0,101431.0,4494.0,,Omi Hya,,11.670221,-34.74466,137.5516,-44.04,-1.84,6.0,4.7,-0.992,B9V,-0.07,-112.605217,9.746158,-78.393462,-1.79e-06,2.963e-05,-4.51e-06,3.055256644770482,-0.6064087090549962,-2.135119449e-07,-8.920571e-09,Omi,,Hya,1,56753,,217.17008433479904,,,
56816,56986.0,101570.0,4499.0,,,,11.681568,-62.090101,272.4796,-15.0,1.08,14.0,4.93,-2.247,G3Ib,1.111,-127.100039,10.620449,-240.786185,-6.29e-06,2.041e-05,-1.198e-05,3.0582272816820444,-1.0836767001851138,-7.27220521e-08,5.235987e-09,,,Cen,1,56816,,689.9220098440475,,,
56916,57087.0,,,Gl 436,,Noquisi,11.703064,26.70657,10.141,896.37,-813.7,9.7,10.67,10.64,M3,1.493,-9.031878,0.703493,4.557621,-3.018e-05,-4.185e-05,-3.128e-05,3.0638550790883983,0.4661175758719675,4.3457243884e-06,-3.944928918e-06,,,Leo,1,56916,,0.0048305880203977,,10.716,10.596
57003,57175.0,101947.0,4511.0,,,,11.725332,-62.489396,100000.0,-5.85,1.14,10.0,5.0,-15.0,F9Ia,0.784,-46071.906391,3318.666211,-88692.535842,-0.00028985,0.00286414,0.0002462,3.069684821835997,-1.0906457026398435,-2.83616003e-08,5.526875e-09,,,Cen,1,57003,,87096358.99560831,V810,5.087,4.907
57111,57283.0,102070.0,4514.0,,27Zet Crt,,11.746049,-18.350674,108.2251,27.15,-24.56,-5.0,4.71,-0.462,G8III,0.958,-102.494591,6.824337,-34.072715,7.94e-06,-1.48e-05,-1.062e-05,3.0751083157355,-0.3202796868645912,1.316269143e-07,-1.19070239e-07,Zet,27.0,Crt,1,57111,,133.2907464231338,,,
57119,57291.0,102117.0,,,,Uklun,11.74736,-58.703709,39.6983,-63.05,-69.87,0.0,7.47,4.476,G6V,0.721,-20.576736,1.363005,-33.921898,1.227e-05,1.135e-05,-6.98e-06,3.075451621343526,-1.0245730129690325,-3.056750256e-07,-3.38739318e-07,,,Cen,1,57119,,1.4112371484118504,,,
57156,57328.0,102124.0,4515.0,,2Xi  Vir,,11.754733,8.258119,37.4111,59.66,-22.8,-1.0,4.84,1.975,A4V,0.174,-36.946879,2.37565,5.373462,-2.8e-07,-1.082e-05,-4.24e-06,3.077381955848616,0.1441313717967087,2.892398418e-07,-1.10537519e-07,Xi,2.0,Vir,1,57156,,14.12537544622754,,,
57190,57363.0,102249.0,4520.0,,Lam Mus,,11.760141,-66.728763,38.9864,-100.42,33.21,16.0,3.63,0.675,A7III,0.16,-15.372609,0.966692,-35.814787,-1.102e-05,1.971e-05,-1.255e-05,3.0787977930633925,-1.164636613192049,-4.86849898e-07,1.61006623e-07,Lam,,Mus,1,57190,,46.77351412871981,,,
57197,57370.0,102195.0,,,,Flegetonte,11.761748,2.821483,29.6384,-190.32,-111.44,0.0,8.07,5.711,K0,0.835,-29.544905,1.845236,1.458929,9.2e-07,2.734e-05,-1.599e-05,3.079218372397777,0.0492441735818062,-9.226973968e-07,-5.40276365e-07,,,Vir,1,57197,,0.4524806378555481,,,
57208,57380.0,102212.0,4517.0,,3Nu  Vir,,11.764322,6.529376,90.0901,-19.65,-180.02,51.0,4.04,-0.733,M0III,1.501,-89.335882,5.519063,10.244433,-6.012e-05,1.231e-05,-7.218e-05,3.079892284423478,0.1139591153361137,-9.52658882e-08,-8.72761587e-07,Nu,3.0,Vir,1,57208,,171.0802987599327,Nu,4.062,4.002
57226,57399.0,102224.0,4518.0,,63Chi UMa,Taiyangshou,11.767515,47.779406,56.3063,-138.38,28.37,-9.0,3.69,-0.063,K0III,1.181,-37.766969,2.301619,41.698309,1.42e-05,3.698e-05,-1.61e-06,3.0807281737547525,0.8339079474893587,-6.708851712e-07,1.37541641e-07,Chi,63.0,UMa,1,57226,,92.29963848404536,,,
57266,57439.0,102350.0,4522.0,,,,11.775232,-61.178398,119.4743,-21.85,-16.23,-3.0,4.11,-1.276,G0II,0.895,-57.496946,3.387322,-104.674396,1.044e-05,1.206e-05,-1.84e-06,3.0827486000968443,-1.0677644834960252,-1.059317892e-07,-7.868526e-08,,,Cen,1,57266,,282.09799536634296,,,
57270,57443.0,102365.0,4523.0,Gl 442A,,,11.775376,-40.500354,9.2208,-1531.69,403.41,15.3,4.89,5.066,G3/G5V,0.664,-6.99949,0.412234,-5.988563,-1.955e-05,6.973e-05,3.55e-06,3.0827862158766925,-0.706864524864905,-7.4258426637e-06,1.955786868e-06,,,Cen,1,57270,Gl 442,0.8195963204818458,,,
57375,57548.0,,,Gl 447,,Ross 128,11.795666,0.804563,3.3553,605.62,-1219.23,-31.1,11.12,13.491,M4.5V,1.746,-3.349892,0.179372,0.047111,3.095e-05,-1.152e-05,-2.028e-05,3.0880980421253565,0.0140422688039262,2.9361286122e-06,-5.910993837e-06,,,Vir,1,57375,,0.0003496230040027,,11.171,11.041
57392,57565.0,102509.0,4527.0,,93    Leo,,11.799762,20.218931,71.3267,-145.47,-4.04,0.4,4.5,0.234,A comp SB,0.547,-66.839525,3.507123,24.651099,1.77e-06,5.028e-05,-1.17e-06,3.089170339988465,0.35288692261837,-7.052584611e-07,-1.9586472e-08,,93.0,Leo,1,57392,,70.21016602403145,,,
57408,57581.0,102584.0,4530.0,,Mu  Mus,,11.80403,-66.81491,131.7523,30.77,-16.25,37.0,4.75,-0.849,K4III,1.522,-51.803121,2.659983,-121.112002,-6.36e-06,-1.935e-05,-3.887e-05,3.090287778300233,-1.1661401733444512,1.491771695e-07,-7.8782223e-08,Mu,,Mus,1,57408,,190.3706531742075,Mu,4.757,4.737
57459,57632.0,102647.0,4534.0,Gl 448,94Bet Leo,Denebola,11.817663,14.57206,10.9999,-499.02,-113.78,-0.2,2.14,1.933,A3Vvar,0.09,-10.633926,0.508011,2.767546,-6e-08,2.664e-05,-5.92e-06,3.093856965974249,0.2543304303162062,-2.4193172287e-06,-5.51621005e-07,Bet,94.0,Leo,1,57459,,14.682499678319866,,,
57496,57669.0,102776.0,4537.0,,,,11.828077,-63.788478,182.4818,-17.93,4.44,29.0,4.3,-2.006,B3V,-0.149,-80.518191,3.626595,-163.717351,-1.589e-05,1.659e-05,-2.487e-05,3.096583340387937,-1.1133189686498888,-8.69270929e-08,2.1525727e-08,,,Cen,1,57496,,552.5861556300781,,,
57523,57696.0,102839.0,4538.0,,,,11.832395,-70.22579,290.6977,-7.61,-1.96,18.0,4.98,-2.337,G5Ib,1.36,-98.2526,4.314042,-273.556324,-3.15e-06,1.087e-05,-1.826e-05,3.0977138071746904,-1.2256712631455449,-3.68943211e-08,-9.502348e-09,,,Mus,1,57523,,749.5489497919584,,,
57584,57757.0,102870.0,4540.0,Gl 449,5Bet Vir,Zavijava,11.844922,1.764718,10.929,740.96,-271.18,4.3,3.59,3.397,F8V,0.518,-10.914853,0.443379,0.336562,-6.43e-06,-3.903e-05,-1.423e-05,3.100993262410165,0.0308001382197925,3.5922754474e-06,-1.314717738e-06,Bet,5.0,Vir,1,57584,,3.8124135110429895,,,
57630,57803.0,102964.0,4546.0,,,,11.852419,-45.17347,132.8021,-72.42,-8.62,2.0,4.47,-1.146,K4III,1.283,-93.550664,3.616395,-94.189158,4.29e-06,4.649e-05,-5.36e-06,3.10295610385691,-0.7884257926707162,-3.511020675e-07,-4.1790939e-08,,,Cen,1,57630,,250.264932573108,,,
57647,57820.0,102956.0,,,,Aniara,11.856255,57.640736,126.2626,-11.24,-16.8,0.0,7.86,2.354,K0III,0.971,-67.531225,2.542591,106.655113,-8.42e-06,7.2e-06,-5.5e-06,3.1039602461857454,1.0060206193238923,-5.44930577e-08,-8.1448698e-08,,,UMa,1,57647,,9.963226419544174,,,
57678,57851.0,103079.0,4549.0,,,,11.864237,-65.20591,111.1111,-34.37,-6.55,21.0,4.89,-0.339,B4V,-0.123,-46.566024,1.655874,-100.869132,-5.14e-06,1.871e-05,-2.098e-05,3.1060499509834574,-1.13805782585884,-1.66630462e-07,-3.1755296e-08,,,Mus,1,57678,,119.01453387038552,,,
57763,57936.0,103192.0,4552.0,,Bet Hya,,11.881813,-33.908124,94.9668,-58.02,2.4,-1.0,4.29,-0.598,Ap Si,-0.1,-78.778366,2.438319,-52.978439,1.06e-06,2.669e-05,1.49e-06,3.110651409722147,-0.5918084111891301,-2.812888975e-07,1.1635528e-08,Bet,,Hya,1,57763,,151.0775731924994,Bet,4.309,4.269
57767,57939.0,103095.0,4550.0,Gl 451A,,Groombridge 1830,11.88282,37.718679,9.0917,4003.69,-5813.0,-99.1,6.42,6.627,G8Vp,0.754,-7.187679,0.220247,5.561623,-8.204e-05,-0.00017401,-0.00026465,3.1109149833224112,0.6583151445815625,1.9410436847e-05,-2.818221925e-05,,,UMa,1,57767,Gl 451,0.194625615936124,CF,6.546,6.406
57828,58001.0,103287.0,4554.0,,64Gam UMa,Phecda,11.897168,53.69476,25.5037,107.76,11.16,-13.0,2.41,0.377,A0V SB,0.044,-15.094867,0.406425,20.552678,8.62e-06,-1.356e-05,-9.9e-06,3.1146712453081937,0.9371503534205524,5.224352222e-07,5.4105206e-08,Gam,64.0,UMa,1,57828,,61.54602373713163,,,
58309,58484.0,104174.0,4583.0,,Eps Cha,,11.993796,-78.221839,110.8647,-41.24,-8.48,13.0,4.88,-0.344,B9Vn,-0.054,-22.630021,0.036908,-108.530587,1.78e-06,2.216e-05,-1.395e-05,3.139968563549834,-1.36522863473175,-1.999371619e-07,-4.11122e-08,Eps,,Cha,1,58309,,119.56387999881213,,,
58415,58590.0,104321.0,4589.0,,8Pi  Vir,,12.014553,6.614322,117.7856,-0.25,-29.71,-10.0,4.65,-0.705,A5V,0.122,-117.000681,-0.445765,13.567178,8.2e-06,1.7e-07,-1.803e-05,3.1454025663947007,0.11544170366624,-1.2120342e-09,-1.44038144e-07,Pi,8.0,Vir,1,58415,,166.72472125510626,,,
58583,58758.0,104671.0,4599.0,,The1Cru,,12.050447,-63.31293,72.0461,-152.53,6.1,-2.0,4.32,0.032,Am,0.28,-32.354329,-0.427074,-64.371212,-1.69e-06,5.325e-05,2.78e-06,3.154799712494814,-1.1050190882307025,-7.39486307e-07,2.9573634e-08,The-1,,Cru,1,58583,,84.56682000993546,,,
58693,58867.0,104841.0,4603.0,,The2Cru,,12.072008,-63.165711,261.7801,-17.19,-0.01,16.0,4.72,-2.37,B2IV,-0.081,-118.149652,-2.227465,-233.590654,-7.79e-06,2.167e-05,-1.461e-05,3.1604442197796225,-1.1024496294242088,-8.33394717e-08,-4.8481e-11,The-2,,Cru,1,58693,,772.6805850957021,The-2,4.727,4.707
58773,58948.0,104979.0,4608.0,GJ 3703,9Omi Vir,,12.086817,8.732985,50.0501,-220.32,57.52,-32.2,4.12,0.623,G8III,0.967,-49.456789,-1.124272,7.599057,3.344e-05,5.423e-05,8.79e-06,3.1643212767618665,0.1524193490672537,-1.068141501e-06,2.78864829e-07,Omi,9.0,Vir,1,58773,,49.068185676795146,,,
58777,58952.0,104985.0,4609.0,,,Tonatiuh,12.087451,76.905734,97.0874,147.22,-92.36,-20.0,5.78,0.844,G9III,1.029,-21.989708,-0.504005,94.562822,-3.611e-05,-7.013e-05,-2.977e-05,3.164487340248629,1.342258263978244,7.137427005e-07,-4.47773915e-07,,,Cam,1,58777,,40.03132821780234,,,
58895,59072.0,105211.0,4616.0,Gl 455.2,Eta Cru,,12.114687,-64.61373,19.755,34.27,-37.49,9.0,4.14,2.662,F2III,0.353,-8.465553,-0.254271,-17.847491,-6e-07,-3.3e-06,-9.85e-06,3.171617607774423,-1.12772233037067,1.661456483e-07,-1.81756648e-07,Eta,,Cru,1,58895,,7.502396279074636,,,
58994,59173.0,105382.0,4618.0,,,,12.134788,-50.661278,134.4086,-34.07,-9.85,17.0,4.46,-1.182,B2IIIne,-0.163,-85.149167,-3.005868,-103.953339,-6.84e-06,2.197e-05,-1.752e-05,3.1768800367098167,-0.8842061088487863,-1.65176021e-07,-4.7754147e-08,,,Cen,1,58994,,258.70212734646066,V863,4.489,4.449
59016,59196.0,105435.0,4621.0,,Del Cen,,12.13931,-50.722425,127.2265,-47.53,-6.42,11.0,2.58,-2.943,B2IVne,-0.128,-80.490795,-2.936809,-98.48459,-5.12e-06,2.915e-05,-1.122e-05,3.178063913720504,-0.8852733293440825,-2.304319424e-07,-3.1125038e-08,Del,,Cen,1,59016,,1309.784962399686,Del,2.626,2.496
59020,59199.0,105452.0,4623.0,Gl 455.3,1Alp Crv,Alchiba,12.140225,-24.728875,14.9365,100.18,-39.33,2.9,4.02,3.149,F0IV/V,0.334,-13.557668,-0.497944,-6.248321,-1.24e-06,-7.3e-06,-3.83e-06,3.1783035477555206,-0.431600297425675,4.856863452e-07,-1.9067722e-07,Alp,1.0,Crv,1,59020,,4.790711300030742,,,
59134,59316.0,105707.0,4630.0,,2Eps Crv,,12.168746,-22.619766,97.4659,-71.52,10.55,5.0,3.02,-1.924,K2III,1.326,-89.88085,-3.973272,-37.486747,-8.12e-06,3.347e-05,2.63e-06,3.185770142035987,-0.3947893994563737,-3.467387443e-07,5.1147843e-08,Eps,2.0,Crv,1,59134,,512.3892386646796,,,
59267,59449.0,105937.0,4638.0,,Rho Cen,,12.194202,-52.36846,116.144,-42.17,-18.39,15.0,3.97,-1.355,B3V,-0.156,-70.823795,-3.603843,-91.980772,-2.37e-06,2.365e-05,-1.847e-05,3.1924345840981205,-0.9140020551258062,-2.044459291e-07,-8.9157235e-08,Rho,,Cen,1,59267,,303.3891184194272,,,
59565,59747.0,106490.0,4656.0,,Del Cru,Imai,12.252427,-58.748928,105.8201,-36.68,-10.72,22.0,2.79,-2.333,B2IV,-0.193,-54.778605,-3.62525,-90.466,-8.2e-06,1.831e-05,-2.209e-05,3.207677761990492,-1.0253622207552275,-1.77829658e-07,-5.1972026e-08,Del,,Cru,1,59565,,746.7925899308835,Del,2.794,2.784
59592,59774.0,106591.0,4660.0,Gl 459,69Del UMa,Megrez,12.257086,57.032617,24.6853,103.56,7.81,-13.4,3.32,1.358,A3Vvar,0.077,-13.402309,-0.903455,20.710384,9.06e-06,-1.181e-05,-1.099e-05,3.208897599139166,0.995406944309545,5.020730476e-07,3.7863948e-08,Del,69.0,UMa,1,59592,,24.9344618809783,,,
59621,59803.0,106625.0,4662.0,,4Gam Crv,Gienah,12.263437,-17.541929,47.1032,-159.58,22.31,-4.0,2.58,-0.785,B8III,-0.107,-44.805937,-3.095058,-14.197066,-1.5e-07,3.652e-05,6.09e-06,3.2105604074253757,-0.306164425583095,-7.736656714e-07,1.08161932e-07,Gam,4.0,Crv,1,59621,,179.47336268325265,,,
59665,59847.0,106714.0,4667.0,,7    Com,,12.272372,23.945409,76.4526,-26.85,-5.91,-28.0,4.93,0.513,K0III,0.957,-69.694731,-4.978144,31.029412,2.451e-05,1.173e-05,-1.362e-05,3.2128994959908592,0.41792622629073,-1.301724732e-07,-2.8652488e-08,,7.0,Com,1,59665,,54.30002130657378,,,
59674,59856.0,106760.0,4668.0,,,,12.27504,33.061527,96.9932,-54.87,-111.87,-42.0,4.99,0.056,K1III,1.14,-81.077617,-5.848085,52.913399,5.43e-06,2.626e-05,-6.752e-05,3.213597866348918,0.57703249534069,-2.660172665e-07,-5.42361064e-07,,,Com,1,59674,,82.71799518641342,,,
59746,59929.0,106849.0,4671.0,,Eps Mus,,12.292917,-67.960736,92.4214,-231.26,-26.37,7.0,4.06,-0.769,M5III,1.603,-34.578526,-2.656314,-85.667942,3e-07,0.00010394,-1.107e-05,3.218278155673971,-1.1861385986469613,-1.1211801177e-06,-1.27845367e-07,Eps,,Mus,1,59746,,176.84793782817994,Eps,4.18,3.99
59816,60000.0,106911.0,4674.0,,Bet Cha,,12.305812,-79.31224,91.4913,-38.07,12.0,23.0,4.24,-0.567,B5Vn,-0.123,-16.913371,-1.356886,-89.904352,-1.091e-05,1.606e-05,-2.213e-05,3.2216539340250283,-1.3842597199456412,-1.845685682e-07,5.8177641e-08,Bet,,Cha,1,59816,,146.82499678319857,,,
59826,60009.0,106983.0,4679.0,,Zet Cru,,12.307298,-64.003071,109.6491,-33.19,-10.38,16.0,4.06,-1.14,B2.5V,-0.168,-47.906339,-3.862337,-98.554663,-3.62e-06,1.741e-05,-1.713e-05,3.22204311704047,-1.1170643143320251,-1.609096606e-07,-5.032366e-08,Zet,,Cru,1,59826,,248.8857318282393,,,
59945,60129.0,107259.0,4689.0,,15Eta Vir,Zaniah,12.331766,-0.666803,81.367,-59.14,-23.13,2.0,3.89,-0.662,A2IV,0.026,-81.054806,-7.05786,-0.946921,-3.96e-06,2.307e-05,-9.15e-06,3.2284487342104065,-0.011637912202285,-2.867188107e-07,-1.12137404e-07,Eta,15.0,Vir,1,59945,,160.25072388814195,,,
59988,60172.0,107328.0,4695.0,,16    Vir,,12.339161,3.312574,94.4287,-293.82,-62.85,36.0,4.97,0.094,K1III,1.172,-93.89987,-8.35956,5.456403,-5.02e-05,0.00013056,-2.659e-05,3.230384903803883,0.0578153248277675,-1.4244795562e-06,-3.04705398e-07,,16.0,Vir,1,59988,,79.87300061113133,,,
60017,60202.0,107383.0,4697.0,,11    Com,,12.345286,17.792868,88.8889,-109.67,88.5,42.0,4.72,-0.024,G8III,1.01,-84.291909,-7.640422,27.1625,-3.339e-05,4.442e-05,4.944e-05,3.23198828166732,0.3105441322759362,-5.316951635e-07,4.29060107e-07,,11.0,Com,1,60017,,89.04304435937418,,,
60075,60260.0,107446.0,4700.0,,Eps Cru,Ginan,12.356031,-60.401147,70.4722,-171.06,91.82,-5.0,3.59,-0.65,K3/K4III,1.389,-34.656852,-3.239447,-61.275879,-3.008e-05,5.588e-05,1.994e-05,3.234801339430033,-1.0541988798856914,-8.29322282e-07,4.45155921e-07,Eps,,Cru,1,60075,,158.48931924611142,,,
60166,60351.0,107700.0,4707.0,,12    Com,,12.375087,25.84616,90.3342,-10.75,-8.85,1.0,4.78,0.001,F8:p...,0.515,-80.90623,-7.970422,39.381767,-3.06e-06,4.43e-06,-3.04e-06,3.239790171972132,0.4511005945724124,-5.21174707e-08,-4.290601e-08,,12.0,Com,1,60166,,87.01617721519975,,,
60299,60485.0,107950.0,4716.0,,5    CVn,,12.400414,51.562257,118.4834,13.15,11.32,-12.0,4.76,-0.608,G7III,0.877,-73.252449,-7.707192,92.80608,1.344e-05,-6.18e-06,-5.57e-06,3.246420757838741,0.8999311492079449,6.3752999e-08,5.4880908e-08,,5.0,CVn,1,60299,,152.47547676599154,,,
60457,60644.0,108147.0,,,,Tupã,12.429557,-64.022088,38.0807,-181.6,-60.8,0.0,6.99,4.086,F8/G0V,0.537,-16.574938,-1.871712,-34.233139,6.26e-06,3.444e-05,-4.92e-06,3.254050355310616,-1.1173962252087737,-8.804216439e-07,-2.94766717e-07,,,Cru,1,60457,,2.021156766960753,,,
60509,60697.0,108283.0,4733.0,,14    Com,,12.440018,27.268237,84.6024,-14.8,-10.4,-4.0,4.92,0.283,F0p,0.277,-74.702206,-8.643693,38.761154,9.7e-07,6.22e-06,-5.67e-06,3.256789114166284,0.4759205238195574,-7.17524247e-08,-5.0420622e-08,,14.0,Com,1,60509,,67.11197196984207,,,
60522,60710.0,108257.0,4732.0,,,,12.442158,-51.450635,137.3626,-31.04,-9.83,5.0,4.82,-0.869,B3Vn,-0.141,-85.02997,-9.886927,-107.427413,-4.7e-07,2.075e-05,-8.08e-06,3.2573494352460437,-0.89798298800036,-1.504861664e-07,-4.7657184e-08,,,Cen,1,60522,,193.9099078614849,,,
60530,60718.0,108248.0,4730.0,,Alp1Cru,Acrux,12.443311,-63.099092,98.7167,-35.37,-14.73,-11.0,0.77,-4.202,B0.5IV,-0.243,-44.363755,-5.171957,-88.034513,9.34e-06,1.813e-05,6.84e-06,3.2576512815622607,-1.1012869028642311,-1.714785988e-07,-7.1413055e-08,Alp-1,,Cru,1,60530,,4176.379929509739,,,
60554,60742.0,108381.0,4737.0,,15Gam Com,,12.448966,28.268423,51.2821,-83.41,-80.99,4.0,4.35,0.8,K2IIICN+...,1.128,-44.854517,-5.296552,24.287368,-1.548e-05,1.905e-05,-1.58e-05,3.259131768647954,0.4933770533072587,-4.04383091e-07,-3.92650599e-07,Gam,15.0,Com,1,60554,,41.68693834703355,,,
60558,60746.0,108382.0,4738.0,,16    Com,,12.449805,26.825699,85.1789,-11.58,-9.23,2.0,4.98,0.328,A4V,0.088,-75.485835,-8.930421,38.439359,-4.08e-06,4.33e-06,-2.48e-06,3.2593512717625384,0.4681967734523575,-5.61414242e-08,-4.4748302e-08,,16.0,Com,1,60558,,64.38726829014608,,,
60635,60823.0,108483.0,4743.0,,Sig Cen,,12.467331,-50.230635,126.2626,-32.49,-12.41,8.0,3.91,-1.596,B3V,-0.192,-80.166328,-9.857284,-97.048731,-1.83e-06,1.981e-05,-1.115e-05,3.263939693735308,-0.8766899644470487,-1.575159648e-07,-6.0165377e-08,Sig,,Cen,1,60635,,378.7913037851569,,,
60731,60936.0,,,,,3C 273,12.485193,2.052398,100000.0,-11.01,4.38,0.0,12.88,-7.12,,0.12,-99130.70606,-12660.058622,3581.344963,-0.00060072,0.00530397,0.00212194,3.2686158159426206,0.0358211098048412,-5.33779862e-08,2.1234839e-08,,,Vir,1,60731,,61376.20051647933,,13.034,12.694
60776,60965.0,108767.0,4757.0,,7Del Crv,Algorab,12.497739,-16.515432,26.6312,-209.97,-139.3,9.0,2.94,0.813,B9.5V,-0.012,-25.316094,-3.317674,-7.57057,-7.2e-06,2.639e-05,-1.986e-05,3.2719004348212555,-0.2882486742727487,-1.0179632851e-06,-6.75345457e-07,Del,7.0,Crv,1,60776,,41.19077848677376,,,
60893,61084.0,108903.0,4763.0,,Gam Cru,Gacrux,12.519429,-57.113212,27.1518,27.94,-264.33,21.0,1.59,-0.579,M4III,1.6,-14.606901,-1.998688,-22.800748,1.789e-05,-1.26e-06,-3.693e-05,3.277578929248245,-0.9968135891950088,1.354569423e-07,-1.281508001e-06,Gam,,Cru,1,60893,,148.45676750522713,,,
60983,61174.0,109085.0,4775.0,Gl 471.2,8Eta Crv,,12.53451,-16.196007,18.2815,-424.37,-58.41,-0.8,4.3,2.99,F2V,0.388,-17.384353,-2.448661,-5.09915,-3.04e-06,3.755e-05,-4.74e-06,3.2815271257166083,-0.2826736558221125,-2.0574038162e-06,-2.8317967e-07,Eta,8.0,Crv,1,60983,,5.5462571295791046,,,
60986,61177.0,109246.0,,,,Funi,12.535406,74.489551,66.0502,-171.02,-46.61,0.0,8.75,4.651,G0,0.645,-17.489575,-2.467324,63.644764,-2.189e-05,5.221e-05,-3.99e-06,3.281761641126881,1.30008792674801,-8.291283565e-07,-2.25971656e-07,,,Dra,1,60986,,1.2011576179375785,,,
61008,61199.0,109026.0,4773.0,,Gam Mus,,12.541134,-72.132988,99.6016,-50.59,-5.16,3.0,3.84,-1.151,B5V,-0.157,-30.252522,-4.314584,-94.79796,-2.03e-06,2.438e-05,-3.68e-06,3.2832611289116413,-1.2589581458933687,-2.45267241e-07,-2.5016385e-08,Gam,,Mus,1,61008,,251.420103015902,Gam,3.85,3.83
61088,61281.0,109387.0,4787.0,,5Kap Dra,,12.558058,69.788238,150.3759,-58.14,11.42,-11.0,3.85,-2.036,B6IIIp,-0.116,-51.400013,-7.563147,141.115978,5.4e-06,4.363e-05,-7.68e-06,3.2876918766316034,1.2180345244500674,-2.818706739e-07,5.5365722e-08,Kap,5.0,Dra,1,61088,,568.0675741067723,Kap,3.859,3.829
61124,61317.0,109358.0,4785.0,Gl 475,8Bet CVn,Chara,12.562411,41.35748,8.4395,-705.06,292.93,6.6,4.24,4.608,G0V,0.588,-6.266213,-0.929293,5.576481,-1.41e-06,2.895e-05,1.346e-05,3.288831623510809,0.7218241914412475,-3.4182273361e-06,1.420164714e-06,Bet,8.0,CVn,1,61124,,1.2496833972112191,,,
61166,61359.0,109379.0,4786.0,,9Bet Crv,Kraz,12.573121,-23.396759,44.6628,0.86,-56.0,-8.0,2.65,-0.6,G5II,0.893,-40.529889,-6.127261,-17.73539,1.221e-05,1.66e-06,-7.88e-06,3.2916353004822296,-0.4083504805870337,4.1693977e-09,-2.71495661e-07,Bet,9.0,Crv,1,61166,,151.3561248436207,,,
61191,61384.0,109551.0,4795.0,,6    Dra,,12.578902,70.02177,184.5018,-30.4,-1.36,5.0,4.95,-1.38,K2III,1.312,-62.314914,-9.517033,173.398985,-6.96e-06,2.644e-05,4.39e-06,3.29314886039561,1.2221104303071726,-1.473833589e-07,-6.593466e-09,,6.0,Dra,1,61191,,310.45595881283555,,,
61202,61394.0,109485.0,4789.0,,23    Com,,12.580857,22.629259,95.057,-57.42,28.53,-16.0,4.8,-0.09,A0IV,0.012,-86.726287,-13.290876,36.574715,1.592e-05,2.921e-05,5.84e-06,3.293660590174865,0.3949550752767513,-2.783800154e-07,1.38317343e-07,,23.0,Com,1,61202,,94.6237161365793,,,
61392,61585.0,109668.0,4798.0,,Alp Mus,,12.619739,-69.135564,96.7118,-39.87,-12.44,13.0,2.69,-2.237,B2IV-V,-0.176,-33.992375,-5.563974,-90.370102,-2.31e-06,1.856e-05,-1.45e-05,3.3038399426668734,-1.2066432167196837,-1.932952144e-07,-6.0310821e-08,Alp,,Mus,1,61392,,683.5967668381046,Alp,2.7,2.69
61429,61622.0,109787.0,4802.0,,Tau Cen,,12.628394,-48.541304,40.2414,-186.61,-6.45,5.0,3.85,0.827,A2V,0.049,-26.283342,-4.363283,-30.158275,-8.37e-06,3.551e-05,-4.67e-06,3.306105853780419,-0.8472055736167176,-9.047108093e-07,-3.1270482e-08,Tau,,Cen,1,61429,,40.66305463404283,,,
61547,61740.0,110014.0,4813.0,,26Chi Vir,,12.654102,-7.995564,90.009,-77.3,-24.66,-20.0,4.66,-0.111,K2III,1.24,-87.830127,-15.189098,-12.519906,1.569e-05,3.694e-05,-7.81e-06,3.3128361638414683,-0.1395489221067137,-3.747609751e-07,-1.19555053e-07,Chi,26.0,Vir,1,61547,,96.47171518961676,,,
61596,61789.0,110073.0,4817.0,,,,12.664594,-39.987302,111.8568,-42.01,-24.94,15.0,4.63,-0.613,B8II/III,-0.082,-84.409362,-14.836369,-71.88126,-6.96e-06,2.191e-05,-2.022e-05,3.315582844885512,-0.6979100859846462,-2.036702272e-07,-1.20912531e-07,,,Cen,1,61596,,153.1792715893416,,,
61739,61932.0,110304.0,4819.0,,Gam Cen,,12.691971,-48.959888,39.9042,-187.28,-1.2,-6.0,2.2,-0.805,A1IV,-0.023,-25.771821,-4.720403,-30.097707,-2.39e-06,3.639e-05,4.48e-06,3.3227502423582167,-0.854511252905435,-9.079590609e-07,-5.817764e-09,Gam,,Cen,1,61739,,182.81002161427423,,,
61748,61941.0,110379.0,4825.0,Gl 482A,29Gam Vir,Porrima,12.694345,-1.449375,11.685,-616.66,60.66,-19.9,2.74,2.402,F0V+...,0.368,-11.488622,-2.111702,-0.295552,1.361e-05,3.802e-05,3.95e-06,3.323371773544628,-0.0252963627301925,-2.9896520425e-06,2.94087978e-07,Gam,29.0,Vir,1,61748,Gl 482,9.532350439205146,,,
61767,61960.0,110411.0,4828.0,,30Rho Vir,,12.698071,10.235625,36.2713,82.62,-89.51,2.0,4.88,2.082,A0V,0.076,-35.09965,-6.487005,6.445292,-2.09e-06,-1.516e-05,-1.512e-05,3.3243472198393,0.1786453628786562,4.005530629e-07,-4.33956725e-07,Rho,30.0,Vir,1,61767,,12.7997061670518,Rho,4.895,4.875
61773,61966.0,110335.0,4823.0,,,,12.699051,-59.685819,293.2551,-24.7,-3.57,13.0,4.91,-2.426,B6IV,-0.044,-145.54617,-26.937819,-253.158623,-8.68e-06,3.41e-05,-1.404e-05,3.324603683196433,-1.04171406544367,-1.197489791e-07,-1.7307848e-08,,,Cru,1,61773,,813.5795056053964,CH,4.917,4.897
61819,62012.0,110458.0,4831.0,,,,12.709858,-48.813109,58.4454,-123.27,-30.36,-12.0,4.66,0.826,K0III,1.075,-37.824555,-7.111282,-43.983916,7.85e-06,3.701e-05,3.57e-06,3.32743306973904,-0.8519494639075387,-5.97629824e-07,-1.47189433e-07,,,Cen,1,61819,,40.70052394402337,,,
62030,62223.0,110914.0,4846.0,,,La Superba,12.752174,45.440256,320.5128,-2.2,13.05,12.0,5.42,-2.109,C7Iab,2.994,-220.542536,-43.99915,228.371602,5.05e-06,4.49e-06,2.297e-05,3.3385114216733665,0.7930820815966187,-1.0665901e-08,6.3268185e-08,,,CVn,1,62030,,607.5751461057412,Y,5.635,5.285
62075,62268.0,110829.0,4842.0,,Iot Cru,,12.76055,-60.981318,36.8053,112.51,-64.86,7.0,4.69,1.86,K1III,1.049,-17.501322,-3.531603,-32.184876,1.049e-05,-1.836e-05,-1.187e-05,3.3407043078088803,-1.0643247834388387,5.45463872e-07,-3.14450153e-07,Iot,,Cru,1,62075,,15.703628043335524,,,
62127,62322.0,110879.0,4844.0,,Bet Mus,,12.771346,-68.108119,104.712,-40.4,-10.32,42.0,3.04,-2.06,B2V,-0.178,-38.249334,-7.83061,-97.161472,-1.504e-05,1.785e-05,-4.181e-05,3.34353059218364,-1.1887109247867462,-1.958647269e-07,-5.0032771e-08,Bet,,Mus,1,62127,,580.7644175213123,,,
62132,62327.0,110956.0,4848.0,,,,12.772981,-56.488815,117.9245,-33.11,-14.62,17.0,4.62,-0.738,B3V,-0.15,-63.777619,-13.085451,-98.322988,-6.38e-06,1.801e-05,-1.911e-05,3.3439584984341657,-0.9859158141979,-1.605218096e-07,-7.087976e-08,,,Cru,1,62132,,171.86996953977382,,,
62228,62423.0,111335.0,4863.0,,7    Dra,Tianyi,12.792873,66.790304,227.2727,1.64,-4.71,8.0,5.43,-1.353,K5III,1.567,-87.644943,-18.458661,208.879282,-7.45e-06,-3.42e-06,5.47e-06,3.349166277570764,1.165710716196165,7.9509444e-09,-2.2834724e-08,,7.0,Dra,1,62228,,302.83076942657783,,,
62239,62434.0,111123.0,4853.0,,Bet Cru,Mimosa,12.795359,-59.688764,85.3971,-48.24,-12.82,16.0,1.25,-3.407,B0.5III,-0.238,-42.168771,-8.909619,-73.723149,-7.73e-06,1.878e-05,-1.681e-05,3.349817026601454,-1.0417654498397388,-2.338741195e-07,-6.2153113e-08,Bet,,Cru,1,62239,,2008.1678041839857,Bet,1.267,1.237
62257,62452.0,,,Gl 486,,Gar,12.799065,9.751397,8.3703,-1007.72,-461.01,18.8,11.39,11.776,M4,1.563,-8.06968,-1.713193,1.417736,-3.013e-05,3.54e-05,-1.518e-05,3.3507873413113103,0.170193989403955,-4.8855644217e-06,-2.235039548e-06,,,Vir,1,62257,,0.0016966802323464,,11.461,11.301
62487,62683.0,111597.0,4874.0,,,,12.844769,-33.999302,122.6994,-29.11,-14.29,4.0,4.9,-0.544,B9V,-0.031,-99.245673,-22.314159,-68.611416,-2.47e-06,1.719e-05,-9.33e-06,3.3627527701189543,-0.5933997711988975,-1.411292624e-07,-6.9279874e-08,,,Cen,1,62487,,143.7474005874361,,,
62566,62763.0,111812.0,4883.0,,31    Com,,12.861645,27.540712,89.1266,-9.5,-8.82,-1.0,4.93,0.18,G0III,0.681,-77.024837,-17.675955,41.210244,-1.75e-06,3.81e-06,-3.85e-06,3.367170800998628,0.4806761098450475,-4.60572997e-08,-4.2760566e-08,,31.0,Com,1,62566,,73.79042301291011,LS,4.943,4.923
62670,62867.0,111915.0,4888.0,,,,12.885258,-48.943315,90.2527,-79.18,-25.34,-2.0,4.33,-0.447,K3/K4III,1.344,-57.69358,-13.61562,-68.05595,1.49e-06,3.595e-05,-5.74e-06,3.3733527670896177,-0.8542219869531276,-3.838754723e-07,-1.22851786e-07,,,Cen,1,62670,,131.46192882160844,,,
62689,62886.0,112033.0,4894.0,,35    Com,,12.888263,21.244943,86.8056,-42.48,-32.0,-7.0,4.89,0.197,G8III,0.904,-78.728443,-18.645343,31.454488,-2.37e-06,1.781e-05,-1.514e-05,3.3741393029475493,0.3707942005217012,-2.059488515e-07,-1.55140377e-07,,35.0,Com,1,62689,,72.64404185924761,,,
62699,62896.0,111968.0,4889.0,Gl 488.1,,,12.890607,-40.178872,45.5581,69.64,-21.83,-2.5,4.25,0.957,A4IV,0.224,-33.866046,-8.042527,-29.392978,8.48e-06,-1.379e-05,-2.03e-06,3.3747531172121623,-0.7012535980547274,3.376242471e-07,-1.05834826e-07,,,Cen,1,62699,,36.07447338641916,,,
62757,62956.0,112185.0,4905.0,,77Eps UMa,Alioth,12.900472,55.959821,25.31,111.74,-8.99,-9.0,1.76,-0.256,A0p,-0.022,-13.775959,-3.309169,20.972944,7.32e-06,-1.234e-05,-8.24e-06,3.377335590144558,0.9766831266334464,5.417308067e-07,-4.3584749e-08,Eps,77.0,UMa,1,62757,,110.2554332102224,Eps,1.776,1.746
62785,62985.0,112142.0,4902.0,,40Psi Vir,,12.905879,-9.538994,166.9449,-18.26,-19.72,18.0,4.77,-1.343,M3IIIvar,1.59,-160.028453,-38.680014,-27.665937,-1.855e-05,1.072e-05,-1.879e-05,3.378751149388942,-0.1664868585459987,-8.85269781e-08,-9.5605257e-08,Psi,40.0,Vir,1,62785,,300.05440024430936,Psi,4.79,4.71
62803,63003.0,112092.0,4898.0,,Mu 1Cru,,12.9099,-57.177924,127.0648,-30.45,-13.55,14.0,4.03,-1.49,B2IV-V,-0.18,-66.928408,-16.25159,-106.780004,-5.15e-06,1.805e-05,-1.656e-05,3.37980390027455,-0.9979430328072136,-1.476257657e-07,-6.5692253e-08,Mu-1,,Cru,1,62803,,343.55794789987465,,,
62807,63007.0,112078.0,4897.0,,Lam Cru,,12.910889,-59.146701,117.6471,-33.35,-14.75,12.0,4.62,-0.733,B4Vn,-0.153,-58.626976,-14.251893,-100.998151,-3.59e-06,1.87e-05,-1.485e-05,3.3800628442530787,-1.0323046767126487,-1.616853625e-07,-7.1510017e-08,Lam,,Cru,1,62807,,171.0802987599327,Lam,4.635,4.605
62876,63076.0,112429.0,4916.0,,8    Dra,Taiyi,12.924598,65.438474,29.2912,-4.63,-30.38,9.0,5.23,2.896,A5n,0.303,-11.820552,-2.918495,26.640872,-7.68e-06,-1.22e-06,6.58e-06,3.383651810589857,1.142116820244035,-2.24468734e-08,-1.47286396e-07,,8.0,Dra,1,62876,,6.047835918818004,IR,5.253,5.193
62890,63090.0,112300.0,4910.0,,43Del Vir,Minelauva,12.926725,3.39747,60.8273,-471.44,-52.81,-18.0,3.39,-0.53,M3III,1.571,-58.94191,-14.587593,3.604756,-1.646e-05,0.00013914,-1.664e-05,3.384208560950863,0.05929704173659,-2.2856056156e-06,-2.56030104e-07,Del,43.0,Vir,1,62890,,141.90575216890926,,,
62921,63121.0,112412.0,4914.0,,12Alp1CVn,Cor Caroli B,12.933468,38.314912,36.9004,-203.89,88.34,-3.0,5.61,2.775,F0V,0.337,-28.092342,-7.005189,22.877614,3.02e-06,3.834e-05,1.05e-05,3.3859740037421338,0.6687213734885437,-9.884866133e-07,4.28284405e-07,Alp-1,12.0,CVn,1,62921,,6.760829753919817,,,
62925,63125.0,112413.0,4915.0,,12Alp2CVn,Cor Caroli,12.933807,38.31838,35.1989,-233.43,54.98,-3.0,2.89,0.157,A0spe...,-0.115,-26.795114,-6.684223,21.824384,-1.66e-06,4.064e-05,5.46e-06,3.386062717619973,0.6687818903174088,-1.1317005745e-06,2.66550561e-07,Alp-2,12.0,CVn,1,62925,,75.37025766884257,Alp-2,2.943,2.863
63153,63355.0,112769.0,4920.0,,36    Com,,12.982068,17.409446,99.4036,-38.66,34.95,-2.0,4.76,-0.227,M0III,1.568,-91.732311,-24.118592,29.741363,2.02e-06,1.979e-05,1.546e-05,3.398697341996522,0.3038521456208338,-1.874289689e-07,1.69442381e-07,,36.0,Com,1,63153,,107.3494935805236,,,
63259,63462.0,112989.0,4924.0,,37    Com,,13.004576,30.785021,202.4291,-21.59,-6.38,-13.0,4.88,-1.651,K1IIIp,1.165,-167.925753,-45.211219,103.606856,2.43e-06,2.259e-05,-1.218e-05,3.4045899761263554,0.53729998035277,-1.046712736e-07,-3.0931112e-08,,37.0,Com,1,63259,,398.4740097177752,LU,4.895,4.865
63300,63503.0,113139.0,4931.0,,78    UMa,,13.012125,56.366338,25.4453,108.36,2.67,-10.0,4.93,2.902,F2V,0.368,-13.601724,-3.690939,21.18558,9.23e-06,-1.134e-05,-8.33e-06,3.4065662777609123,0.9837781812645936,5.253441042e-07,1.2944525e-08,,78.0,UMa,1,63300,,6.014506519775483,,,
63405,63608.0,113226.0,4932.0,,47Eps Vir,Vindemiatrix,13.036278,10.95915,33.6022,-275.05,19.96,-14.0,2.85,0.218,G8IIIvar,0.934,-31.782664,-8.840495,6.38806,2.13e-06,4.71e-05,4.7e-07,3.412889543049752,0.1912732567270875,-1.3334800284e-06,9.676881e-08,Eps,47.0,Vir,1,63405,,71.25248247522671,,,
63411,63613.0,112985.0,4923.0,,Del Mus,,13.037759,-71.548855,27.8707,263.58,-23.28,37.0,3.61,1.384,K2III,1.19,-8.497455,-2.367379,-26.438289,8.9e-07,-3.672e-05,-3.689e-05,3.413277236379118,-1.24876309756546,1.2778718992e-06,-1.12864624e-07,Del,,Mus,1,63411,,24.344451836922016,,,
63521,63724.0,113314.0,4933.0,,Xi 1Cen,,13.059256,-49.527264,67.6133,-46.58,-11.24,0.0,4.83,0.68,A0V,0.029,-42.210157,-12.01494,-51.434446,-1.48e-06,1.545e-05,-2.39e-06,3.4189051590206416,-0.8644138178142488,-2.258262124e-07,-5.4493057e-08,Xi-1,,Cen,1,63521,,46.55860935229591,,,
63742,63945.0,113703.0,4940.0,,,,13.104642,-48.463289,119.6172,-29.72,-14.68,6.0,4.71,-0.679,B5V,-0.148,-76.02441,-22.619947,-89.537224,-2.71e-06,1.717e-05,-1.024e-05,3.430787380242024,-0.8458439627431701,-1.440866259e-07,-7.1170648e-08,,,Cen,1,63742,,162.77960863937983,,,
63801,64004.0,113791.0,4942.0,,Xi 2Cen,,13.11518,-49.906246,143.2665,-26.24,-12.43,14.0,4.27,-1.511,B1.5V,-0.182,-88.364964,-26.557271,-109.597766,-7.75e-06,1.67e-05,-1.651e-05,3.433546068867789,-0.8710283092954749,-1.272151098e-07,-6.026234e-08,Xi-2,,Cen,1,63801,,350.26762691381293,,,
63819,64022.0,113996.0,4954.0,,41    Com,,13.119646,27.624741,101.626,33.27,-68.21,-16.0,4.8,-0.235,K5III,1.482,-86.200274,-26.016708,47.121741,3.7e-06,-1.6e-05,-3.736e-05,3.434715407353226,0.4821426834501537,1.612975115e-07,-3.30691411e-07,,41.0,Com,1,63819,,108.14339512979386,,,
63963,64166.0,114149.0,4958.0,,45Psi Hya,,13.150909,-23.11807,70.9723,-19.97,-39.9,-19.0,4.94,0.685,K0III,1.048,-62.332323,-19.370955,-27.865588,2.017e-05,1.346e-05,-5e-06,3.442899842848695,-0.4034864326057575,-9.6817292e-08,-1.93440658e-07,Psi,45.0,Hya,1,63963,,46.34469197362877,,,
64034,64238.0,114330.0,4963.0,,51The Vir,,13.165831,-5.53901,96.8054,-35.08,-32.8,-3.0,4.38,-0.549,A1V,-0.008,-91.90017,-28.953908,-9.343987,-6.2e-07,1.707e-05,-1.502e-05,3.446806487864408,-0.0966739544152612,-1.700726391e-07,-1.59018887e-07,The,51.0,Vir,1,64034,,144.4109084416121,,,
64037,64241.0,114378.0,4968.0,Gl 501A,42Alp Com,Diadem,13.166469,17.529431,17.8253,-445.95,129.69,-11.6,4.32,3.065,F5V,0.455,-16.211012,-5.110375,5.368871,2.42e-06,4.117e-05,7.11e-06,3.446973582267176,0.3059462936050425,-2.1620266084e-06,6.28754862e-07,Alp,42.0,Com,1,64037,Gl 501,5.176068319505676,,,
64189,64394.0,114710.0,4983.0,Gl 502,43Bet Com,,13.197904,27.878183,9.1291,-801.94,882.7,5.1,4.23,4.428,G0V,0.572,-7.676072,-2.489414,4.268726,2.04e-06,3.797e-05,3.697e-05,3.4552032157452386,0.4865660841906324,-3.8879148298e-06,4.279450358e-06,Bet,43.0,Com,1,64189,,1.4750271017597587,,,
64202,64408.0,114613.0,4979.0,Gl 501.2,,,13.200901,-37.803022,20.6697,-382.44,47.01,-15.0,4.85,3.273,G3V,0.693,-15.531004,-5.050305,-12.669384,-3.07e-06,3.93e-05,1.313e-05,3.455987801437401,-0.6597871967795288,-1.8541214399e-06,2.27910911e-07,,,Cen,1,64202,,4.273660314969304,,,
64220,64425.0,114529.0,4975.0,,,,13.204892,-59.920579,116.144,-28.54,-17.46,12.0,4.58,-0.745,B8V,-0.073,-55.33929,-18.059147,-100.503154,-2.75e-06,1.601e-05,-1.555e-05,3.457032740299036,-1.045811390674095,-1.383658244e-07,-8.4648468e-08,,,Cen,1,64220,,172.98163592151016,V831,4.67,4.52
64335,64540.0,115004.0,4997.0,,,,13.228597,40.152885,140.8451,-52.19,15.5,-21.0,4.94,-0.804,K0III,1.061,-102.130763,-34.031654,90.82094,1.078e-05,4.115e-05,-5.76e-06,3.463238723037726,0.7008000515285501,-2.530242599e-07,7.514612e-08,,,CVn,1,64335,,182.64172487743545,,,
64378,64583.0,114837.0,4989.0,Gl 503A,,,13.237578,-59.103235,18.1984,-249.62,-154.6,-64.8,4.9,3.6,F7IV,0.489,-8.858292,-2.974795,-15.615439,3.634e-05,3.544e-05,4.986e-05,3.4655899328207926,-1.0315460513170625,-1.2101919094e-06,-7.4952195e-07,,,Cen,1,64378,Gl 503,3.162277660168378,,,
64456,64661.0,114911.0,4993.0,,Eta Mus,,13.25416,-67.894589,117.3709,-36.92,-10.63,-8.0,4.79,-0.558,B8V,-0.078,-41.808581,-14.24278,-108.743263,1.44e-06,2.268e-05,5.3e-06,3.469930986809405,-1.1849841229373226,-1.789932109e-07,-5.1535694e-08,Eta,,Mus,1,64456,,145.61294986160564,Eta,4.843,4.783
64615,64820.0,115211.0,5002.0,,,,13.286952,-66.783438,366.3004,-15.27,-6.34,-10.0,4.86,-2.959,K2Ib/II,1.48,-136.279795,-47.735769,-336.637835,4.61e-06,3.034e-05,4.96e-06,3.478515812228321,-1.1655908779503863,-7.4031049e-08,-3.0737187e-08,,,Mus,1,64615,,1329.2295883156826,,,
64639,64844.0,115604.0,5017.0,,20    CVn,,13.292379,40.572608,81.0373,-125.67,18.45,8.0,4.72,0.177,F3III,0.306,-58.064795,-20.431424,52.70761,-1.78e-05,4.607e-05,1.083e-05,3.4799366369281666,0.708125587671085,-6.092653524e-07,8.9448124e-08,,20.0,CVn,1,64639,,73.99459543127244,AO,4.74,4.71
64647,64852.0,115521.0,5015.0,,60Sig Vir,,13.293412,5.469869,207.0393,-7.16,10.0,-27.0,4.78,-1.8,M2III,1.638,-194.393291,-68.461175,19.735435,2.444e-05,1.623e-05,7.36e-06,3.4802070822642293,0.09546722921197,-3.47126595e-08,4.8481368e-08,Sig,60.0,Vir,1,64647,,457.0881896148752,,,
64720,64924.0,115617.0,5019.0,Gl 506,61    Vir,,13.306763,-18.311196,8.5551,-1069.9,-1063.78,-8.4,4.74,5.079,G5V,0.709,-7.651172,-2.724657,-2.6878,5.85e-06,4.919e-05,-3.919e-05,3.483702480561277,-0.3195906628209963,-5.1870215683e-06,-5.157350971e-06,,61.0,Vir,1,64720,,0.8098414473257883,,,
64758,64962.0,115659.0,5020.0,,46Gam Hya,,13.315359,-23.171512,41.0341,68.41,-41.09,-5.0,2.99,-0.076,G8III,0.92,-35.509172,-12.735386,-16.146279,1.205e-05,-1.014e-05,-5.5e-06,3.48595289403409,-0.4044191820869837,3.316610389e-07,-1.99209941e-07,Gam,46.0,Hya,1,64758,,93.41142557364785,,,
64904,65109.0,115892.0,5028.0,Gl 508.1,Iot Cen,,13.343296,-36.712295,18.0213,-340.76,-87.98,0.1,2.75,1.471,A2V,0.068,-13.562569,-4.976416,-10.773082,-6.02e-06,2.95e-05,-6.22e-06,3.4932668045528934,-0.640750421216915,-1.6520510979e-06,-4.26539076e-07,Iot,,Cen,1,64904,,22.46984103640156,,,
65066,65271.0,116087.0,5035.0,,,,13.377211,-60.988393,108.6957,-35.5,-15.19,6.0,4.52,-0.661,B3V,-0.141,-49.326495,-18.597689,-95.056771,-2.83e-06,1.892e-05,-9.25e-06,3.502145603047505,-1.0644482613779824,-1.721088566e-07,-7.3643198e-08,,,Cen,1,65066,,160.10319546673313,,,
65173,65378.0,116656.0,5054.0,GJ 3783A,79Zet UMa,Mizar,13.398747,54.925362,26.3089,121.23,-22.01,-5.6,2.23,0.129,A2V,0.057,-14.115808,-5.413302,21.531272,6.46e-06,-1.408e-05,-6.3e-06,3.507783854721718,0.9586284043094538,5.877396249e-07,-1.06707491e-07,Zet,79.0,UMa,1,65173,GJ 3783,77.33925780489973,,2.336,2.196
65182,65387.0,116243.0,5041.0,,,,13.400128,-64.535668,79.8085,29.1,-20.96,12.0,4.52,0.01,G5III-IV,0.822,-32.034113,-12.298035,-72.055449,5.94e-06,-9.78e-06,-1.457e-05,3.5081452674568343,-1.1263598881482864,1.41080781e-07,-1.01616947e-07,,,Cen,1,65182,,86.29785477669702,,,
65221,65426.0,116434.0,,,,Matza,13.41003,-51.504458,97.9432,-34.05,-19.27,0.0,7.01,2.055,A2V,0.093,-56.858287,-21.997276,-76.655891,8.5e-07,1.766e-05,-5.7e-06,3.5107377665582407,-0.898922366456465,-1.650790582e-07,-9.3423596e-08,,,Cen,1,65221,,13.121998990192028,,,
65269,65474.0,116658.0,5056.0,,67Alp Vir,Spica,13.419883,-11.161322,76.5697,-42.5,-31.73,1.0,0.98,-3.44,B1V,-0.235,-69.990853,-27.285826,-14.82176,-4.54e-06,1.516e-05,-1.175e-05,3.5133172180991257,-0.194801818024575,-2.060458142e-07,-1.5383138e-07,Alp,67.0,Vir,1,65269,,2070.1413487910413,Alp,1.001,0.961
65272,65477.0,116842.0,5062.0,GJ 3785,80    UMa,Alcor,13.420413,54.987958,25.0564,120.35,-16.94,-8.9,3.99,1.995,A5V SB,0.169,-13.393436,-5.223608,20.521915,8.61e-06,-1.233e-05,-8.64e-06,3.513455830391065,0.9597209083849262,5.834732645e-07,-8.2127437e-08,,80.0,UMa,1,65272,,13.867558288718882,,,
65433,65639.0,116976.0,5068.0,Gl 511.2,69    Vir,,13.457546,-15.973578,85.9107,-122.13,21.61,-12.4,4.76,0.09,K1IIICN...,1.096,-76.652995,-30.757106,-23.642083,-9.92e-06,5.082e-05,1.214e-05,3.5231773890992044,-0.278791532277935,-5.921029481e-07,1.04768236e-07,,69.0,Vir,1,65433,,80.16780633876789,,,
65515,65721.0,117176.0,5072.0,Gl 512.1,70    Vir,,13.473837,13.778787,17.9856,-234.81,-576.19,5.3,4.97,3.695,G5V,0.714,-16.183798,-6.57404,4.283711,-2.367e-05,1.248e-05,-4.75e-05,3.527442290078721,0.2404852043304812,-1.1383910033e-06,-2.793447945e-06,,70.0,Vir,1,65515,,2.897343587701323,,,
65729,65936.0,117440.0,5089.0,,,,13.517405,-39.407307,277.7778,-15.65,-11.25,-2.0,3.9,-3.318,G8II/III,1.186,-197.912019,-83.036359,-176.341407,2.17e-06,2.377e-05,-1.041e-05,3.538848444108266,-0.6877872582384663,-7.5873341e-08,-5.4541539e-08,,,Cen,1,65729,,1850.1204347718583,,,
65798,66006.0,117675.0,5095.0,,74    Vir,,13.532746,-6.255816,122.549,-103.8,-43.4,18.0,4.68,-0.762,M3III,1.606,-112.142683,-47.58139,-13.35391,-3.835e-05,5.072e-05,-2.764e-05,3.5428646026797463,-0.1091845880799487,-5.032366004e-07,-2.10409137e-07,,74.0,Vir,1,65798,,175.7114246595095,,,
65839,66047.0,117618.0,,,,Dofida,13.54043,-47.271363,37.9651,25.04,-124.63,0.0,7.17,4.273,G2V,0.603,-23.693773,-10.109418,-27.888234,1.731e-05,2.37e-06,-1.556e-05,3.544876326226774,-0.8250409219537875,1.213973456e-07,-6.0422329e-07,,,Cen,1,65839,,1.701374815899198,,,
65983,66192.0,118203.0,,,,Liesma,13.567381,53.728529,88.574,-87.84,-78.43,0.0,8.05,3.313,K0,0.699,-48.051398,-20.903886,71.410393,-3.994e-05,2.375e-05,-1.992e-05,3.5519321207220518,0.9377397319055212,-4.25860337e-07,-3.80239369e-07,,,UMa,1,65983,,4.119077848677374,,,
65991,66200.0,118022.0,5105.0,,78    Vir,,13.56887,3.658967,56.6572,43.89,-24.03,-12.0,4.92,1.154,A1p SrCrEu,0.029,-51.839033,-22.575812,3.615721,1.566e-05,-6.33e-06,-7.37e-06,3.552321773866338,0.0638610146186387,2.127847244e-07,-1.16500727e-07,,78.0,Vir,1,65991,,30.08846276645725,CW,4.938,4.908
66025,66234.0,118232.0,5112.0,,24    CVn,,13.57425,49.015973,55.2792,-128.28,27.39,-18.0,4.68,0.967,A5V,0.132,-33.218997,-14.522401,41.729729,2.37e-06,3.855e-05,-9.08e-06,3.553730234208843,0.8554901069165862,-6.219189894e-07,1.32790467e-07,,24.0,CVn,1,66025,,35.74374062644807,,,
66040,66249.0,118098.0,5107.0,GJ 3792,79Zet Vir,Heze,13.57822,-0.59582,22.7118,-278.89,48.56,-13.2,3.38,1.599,A3V,0.114,-20.799365,-9.118725,-0.236175,-2e-08,3.352e-05,5.49e-06,3.5547696811523557,-0.0103990230266737,-1.3520968737e-06,2.35425523e-07,Zet,79.0,Vir,1,66040,,19.971008660281843,,,
66048,66257.0,118216.0,5110.0,,,,13.579943,37.182415,45.6621,84.7,-9.81,7.0,4.91,1.612,F2IV SB,0.404,-33.31178,-14.622295,27.596139,1.11e-06,-1.999e-05,2.6e-06,3.55522082307539,0.6489555618480576,4.106371874e-07,-4.7560222e-08,,,CVn,1,66048,,19.733312795365027,BH,4.921,4.901
66249,66458.0,118623.0,5127.0,,25    CVn,,13.624345,36.294898,60.9013,-94.78,23.63,-6.0,4.82,0.897,A7III,0.239,-44.71347,-20.250115,36.049969,-3.28e-06,2.923e-05,1.99e-06,3.566845147318944,0.6334654734128801,-4.595064064e-07,1.14561472e-07,,25.0,CVn,1,66249,,38.124135110429904,,,
66447,66657.0,118716.0,5132.0,,Eps Cen,,13.664796,-53.466394,131.0616,-14.6,-12.79,3.0,2.29,-3.297,B1III,-0.171,-70.726493,-32.9381,-105.309044,3.5e-07,1.039e-05,-7.3e-06,3.577435118650523,-0.9331646085671038,-7.07827974e-08,-6.2007669e-08,Eps,,Cen,1,66447,,1814.67977939693,Eps,2.301,2.281
66527,66738.0,119228.0,5154.0,,83    UMa,,13.678967,54.681634,160.5136,-19.14,-11.37,-17.0,4.63,-1.398,M2IIIvar,1.63,-83.974953,-39.487818,130.971319,-3.77e-06,1.468e-05,-1.93e-05,3.581145192058288,0.9543745496709936,-9.27933385e-08,-5.5123315e-08,,83.0,UMa,1,66527,,315.64578912990714,IQ,4.668,4.608
66609,66821.0,118991.0,5141.0,,,,13.695775,-54.559425,83.1947,-43.65,-24.58,10.0,4.99,0.39,B8Vn+...,-0.055,-43.564759,-20.720131,-67.780239,-5.62e-06,1.682e-05,-1.408e-05,3.5855454553147488,-0.9522416057130176,-2.116211716e-07,-1.19167202e-07,,,Cen,1,66609,,60.81350012787179,,,
66941,67153.0,119756.0,5168.0,Gl 525.1,1    Cen,,13.761471,-33.043721,19.4024,-461.85,-146.17,-21.6,4.23,2.791,F3V,0.39,-14.565089,-7.237099,-10.579613,3.97e-06,5.048e-05,5.2e-07,3.6027447947701434,-0.576721733706365,-2.2391119836e-06,-7.08652156e-07,,1.0,Cen,1,66941,,6.661929002234552,,,
67023,67234.0,119834.0,5172.0,,,,13.777604,-51.432766,80.5153,10.33,-27.98,-6.0,4.64,0.111,G8/K0III,0.955,-44.857648,-22.525817,-62.953029,1.286e-05,1.95e-06,-2.01e-06,3.606968291210965,-0.8976711039450862,5.00812532e-08,-1.35650867e-07,,,Cen,1,67023,,78.6321227458418,,,
67063,67275.0,120136.0,5185.0,Gl 527A,4Tau Boo,,13.78771,17.456906,15.6177,-480.33,54.18,-16.1,4.5,3.532,F7V,0.508,-13.296143,-6.720908,4.685085,-1.29e-06,4.01e-05,-1.03e-06,3.609614063826422,0.304680487380455,-2.3287055518e-06,2.62672052e-07,Tau,4.0,Boo,1,67063,Gl 527,3.366665743686227,,,
67088,67301.0,120315.0,5191.0,,85Eta UMa,Alkaid,13.792354,49.313265,31.8674,-121.23,-15.56,-11.0,1.85,-0.667,B3V SB,-0.099,-18.529548,-9.394541,24.164506,-3.55e-06,1.92e-05,-1.01e-05,3.6108299012782816,0.8606788389261799,-5.877396249e-07,-7.5437008e-08,Eta,85.0,UMa,1,67088,,160.99040762157054,,,
67244,67457.0,120323.0,5192.0,,2    Cen,,13.824091,-34.450776,56.1167,-42.59,-59.87,41.0,4.19,0.445,M5III,1.52,-41.097871,-21.267942,-31.745313,-2.785e-05,-1.37e-06,-3.715e-05,3.619138469281218,-0.6012794677570625,-2.064821465e-07,-2.9025795e-07,,2.0,Cen,1,67244,,57.80960474057178,V806,4.23,4.07
67246,67459.0,120477.0,5200.0,,5Ups Boo,,13.824623,15.797905,80.7754,-93.64,40.76,-6.0,4.05,-0.486,K5IIIvar,1.52,-69.023958,-35.731771,21.990689,-7.75e-06,3.727e-05,1.369e-05,3.619277863679108,0.27572545508799,-4.539795305e-07,1.97610056e-07,Ups,5.0,Boo,1,67246,,136.26991969948688,,,
67251,67464.0,120307.0,5190.0,,Nu  Cen,,13.825078,-41.687709,133.8688,-26.01,-20.38,9.0,3.41,-2.223,B2IV,-0.225,-88.774682,-45.96956,-89.0322,-6.05e-06,1.587e-05,-1.6e-05,3.619397055624665,-0.7275877825439949,-1.261000383e-07,-9.8805028e-08,Nu,,Cen,1,67251,,674.8387308707573,Nu,3.427,3.397
67259,67472.0,120324.0,5193.0,,Mu  Cen,,13.826943,-42.473732,155.0388,-23.85,-19.22,9.0,3.47,-2.482,B2IV-Ve,-0.17,-101.522043,-52.633292,-104.690333,-5.62e-06,1.728e-05,-1.687e-05,3.61988514425445,-0.7413064633354037,-1.156280628e-07,-9.3181189e-08,Mu,,Cen,1,67259,,856.6432555816563,Mu,3.484,3.424
67267,67480.0,120539.0,5201.0,,6    Boo,,13.828564,21.264105,123.0012,21.09,17.0,-3.0,4.92,-0.53,K4III,1.432,-101.741463,-52.801922,44.608525,1.159e-05,-8.15e-06,8.33e-06,3.6203097176630457,0.3711286531603437,1.022472052e-07,8.2418325e-08,,6.0,Boo,1,67267,,141.90575216890926,,,
67281,67494.0,120452.0,5196.0,,89    Vir,,13.831191,-18.134168,74.9064,-99.34,-37.71,-40.0,4.96,0.587,K0III,1.059,-63.160729,-32.834359,-23.313996,2.164e-05,5.19e-05,-2.8e-07,3.620997251878285,-0.3165009347033325,-4.816139103e-07,-1.82823238e-07,,89.0,Vir,1,67281,,50.72242398926514,,,
67414,67627.0,121130.0,5226.0,,10    Dra,,13.857205,64.723272,113.8952,1.45,-4.55,-11.0,4.58,-0.703,M3III,1.572,-42.996051,-22.724978,102.990335,2.61e-06,4.8e-07,-1.125e-05,3.627807811510736,1.1296341929835574,7.0297984e-09,-2.2059022e-08,,10.0,Dra,1,67414,,166.41788566165846,CU,4.619,4.529
67451,67665.0,120933.0,5219.0,,,,13.863188,34.44424,184.1621,-20.49,-31.82,-44.0,4.76,-1.566,K5III,1.611,-134.161606,-71.178319,104.162586,1.002e-05,2.602e-05,-4.888e-05,3.629374183789672,0.6011654021575112,-9.93383231e-08,-1.54267713e-07,,,CVn,1,67451,,368.468189147868,AW,4.827,4.707
67455,67669.0,120709.0,5210.0,,3    Cen,,13.863779,-32.994089,105.3741,-35.74,-30.14,10.0,4.32,-0.794,B5,-0.146,-78.066399,-41.432939,-57.38178,-8.73e-06,1.604e-05,-1.848e-05,3.6295288468664175,-0.5758554945748762,-1.732724094e-07,-1.46122843e-07,,3.0,Cen,1,67455,,180.9672554788791,V983,4.364,4.314
67572,67786.0,120955.0,5221.0,,4    Cen,,13.886817,-31.927612,195.3125,-13.53,-10.74,5.0,4.75,-1.704,B4IV,-0.111,-145.949303,-78.592981,-103.290534,-5.16e-06,1.177e-05,-1.133e-05,3.635560126041204,-0.5572419566036538,-6.5595291e-08,-5.2068989e-08,,4.0,Cen,1,67572,,418.4080195674277,,,
67711,67927.0,121370.0,5235.0,Gl 534,8Eta Boo,Muphrid,13.911411,18.397717,11.396,-60.95,-358.1,1.0,2.68,2.396,G0IV,0.58,-9.487671,-5.188142,3.596709,-7.95e-06,-5.1e-07,-1.845e-05,3.64199895242804,0.3211007359693375,-2.954939383e-07,-1.73611779e-06,Eta,8.0,Boo,1,67711,,9.585173976856456,,,
67786,68002.0,121263.0,5231.0,,Zet Cen,,13.925667,-47.288375,117.096,-57.14,-44.75,7.0,2.55,-2.793,B2.5IV,-0.176,-69.545858,-38.36753,-86.039492,-3.58e-06,3.507e-05,-2.249e-05,3.6457311140528006,-0.8253378423485674,-2.770225371e-07,-2.16954122e-07,Zet,,Cen,1,67786,,1140.7750129221204,,,
67973,68191.0,121474.0,5241.0,,,,13.960809,-63.686696,64.2674,-40.45,-32.83,22.0,4.71,0.67,K4III,1.075,-24.81664,-13.990315,-57.608415,-6.89e-06,1.058e-05,-2.47e-05,3.65493130406258,-1.1115425296878962,-1.961071338e-07,-1.59164331e-07,,,Cen,1,67973,,46.98941086052154,,,
68027,68245.0,121743.0,5248.0,,Phi Cen,,13.971186,-42.100753,161.0306,-23.68,-19.82,6.0,3.83,-2.205,B2IV,-0.224,-103.91994,-58.957456,-107.960807,-4.06e-06,1.895e-05,-1.559e-05,3.657648026466054,-0.7347967637881212,-1.148038796e-07,-9.6090071e-08,Phi,,Cen,1,68027,,663.7430704019089,,,
68064,68282.0,121790.0,5249.0,,Ups1Cen,,13.977987,-44.803584,131.0616,-27.97,-21.69,5.0,3.87,-1.717,B2IV-V,-0.208,-80.799834,-46.030955,-92.356336,-3.51e-06,1.845e-05,-1.338e-05,3.6594285674791194,-0.7819700581157613,-1.356023865e-07,-1.05156087e-07,Ups-1,,Cen,1,68064,,423.4479161692077,,,
68302,68520.0,122408.0,5264.0,,93Tau Vir,,14.027443,1.544532,68.9655,17.41,-21.2,-2.0,4.23,0.037,A3V,0.121,-59.454971,-34.898261,1.858889,4.55e-06,-4.08e-06,-7.14e-06,3.672375875553041,0.0269571656706249,8.44060618e-08,-1.027805e-07,Tau,93.0,Vir,1,68302,,84.17827076608127,,,
68305,68523.0,122223.0,5260.0,,Ups2Cen,,14.028748,-45.603421,389.1051,3.89,-20.94,-1.0,4.34,-3.61,F6II,0.598,-234.7235,-137.883491,-278.02121,2.867e-05,8.33e-06,-2.69e-05,3.6727177350184568,-0.79592984129986,1.88592522e-08,-1.01519984e-07,Ups-2,,Cen,1,68305,,2421.0290467361774,,,
68483,68702.0,122451.0,5267.0,,Bet Cen,Hadar,14.063729,-60.373039,120.1923,-33.96,-25.06,6.0,0.61,-4.789,B1III,-0.231,-50.954051,-30.56287,-104.478695,-1.89e-06,2.194e-05,-1.255e-05,3.681875660376148,-1.053708314075195,-1.646427259e-07,-1.21494308e-07,Bet,,Cen,1,68483,,7171.33482657721,Bet,0.634,0.594
68537,68756.0,123299.0,5291.0,,11Alp Dra,Thuban,14.073165,64.37585,92.9368,-56.52,17.19,-13.0,3.67,-1.171,A0III SB,-0.049,-34.416017,-20.758849,83.796391,-2.25e-06,2.838e-05,-8.64e-06,3.684345906353943,1.1235705482203713,-2.740166922e-07,8.3339471e-08,Alp,11.0,Dra,1,68537,,256.09435171567696,,,
68642,68862.0,122980.0,5285.0,,Chi Cen,,14.10077,-41.179633,156.4945,-24.42,-21.63,12.0,4.36,-1.612,B2V,-0.198,-100.416272,-61.562968,-103.039485,-8.35e-06,1.661e-05,-2.043e-05,3.691572931074368,-0.7187201775704912,-1.183915008e-07,-1.04865199e-07,Chi,,Cen,1,68642,,384.4147117595778,Chi,4.373,4.353
68675,68895.0,123123.0,5287.0,Gl 538.1,49Pi  Hya,,14.106193,-26.682361,30.9598,43.05,-140.82,27.3,3.25,0.796,K2III,1.091,-23.563202,-14.492156,-13.902421,-9.78e-06,-1.36e-05,-3.142e-05,3.692992633232533,-0.46569505275296,2.087122895e-07,-6.82714624e-07,Pi,49.0,Hya,1,68675,,41.84080195674278,,,
68714,68933.0,123139.0,5288.0,Gl 539,5The Cen,Menkent,14.111395,-36.369954,18.0343,-519.29,-517.87,1.3,2.06,0.78,K0IIIb,1.011,-12.358808,-7.624204,-10.694288,-1.9e-06,5.217e-05,-3.724e-05,3.6943545480965847,-0.6347754526653112,-2.5175889618e-06,-2.510704607e-06,The,5.0,Cen,1,68714,,42.46195639463128,,,
68892,69112.0,124547.0,5321.0,,4    UMi,,14.147498,77.547514,140.056,-30.36,33.39,6.0,4.8,-0.932,K3III,1.368,-25.551841,-16.098449,136.761257,6.62e-06,2.854e-05,1.088e-05,3.7038062010924575,1.3534594484437612,-1.471894334e-07,1.61879287e-07,,4.0,UMi,1,68892,,205.49440413453036,,,
68971,69191.0,123569.0,5297.0,,,,14.165242,-53.438946,55.9284,-144.17,-90.54,-16.0,4.74,1.002,G8III,0.938,-28.104578,-17.889697,-44.922838,3.87e-06,4.88e-05,-1.48e-06,3.7084517751360218,-0.9326855528151776,-6.989558833e-07,-4.38950306e-07,,,Cen,1,68971,,34.60987254853528,,,
69004,69226.0,123999.0,5304.0,GJ 9470,12    Boo,,14.173315,25.091677,37.4251,-23.02,-60.07,10.8,4.82,1.954,F9IVw,0.541,-28.553661,-18.260634,15.870824,-1.457e-05,-4.36e-06,-5.19e-06,3.710565258464044,0.4379323757587012,-1.116041093e-07,-2.91227577e-07,,12.0,Boo,1,69004,,14.401243711755706,,,
69047,69269.0,123934.0,5301.0,,,,14.18069,-16.30203,141.2429,3.82,-10.87,18.0,4.93,-0.82,M1III,1.684,-114.065691,-73.257993,-39.647028,-1.17e-05,-1.062e-05,-1.231e-05,3.712496079048973,-0.2845240981184112,1.85198826e-08,-5.2699247e-08,,,Vir,1,69047,,185.35316234148124,ET,4.965,4.875
69167,69389.0,124224.0,5313.0,,,,14.20439,2.409433,79.1766,-44.67,-26.1,-2.0,4.99,0.497,B9p Si,-0.118,-66.294802,-43.160756,3.328595,-7.99e-06,1.525e-05,-1.009e-05,3.718700625045128,0.0420525328067625,-2.165662711e-07,-1.2653637e-07,,,Vir,1,69167,,55.10614111390659,CU,5.037,4.957
69205,69427.0,124294.0,5315.0,,98Kap Vir,Kang,14.214929,-10.273702,78.125,8.04,140.79,-4.0,4.18,-0.284,K3III,1.323,-64.306477,-42.119366,-13.933635,-2.92e-06,-5.55e-06,5.32e-05,3.721459797066424,-0.179309922519675,3.89790199e-08,6.8256918e-07,Kap,98.0,Vir,1,69205,,113.13578641195627,,,
69261,69483.0,124675.0,5329.0,,17Kap2Boo,,14.224718,51.789965,50.1002,61.39,-10.57,-17.0,4.53,1.031,A8IV,0.233,-25.879926,-17.045792,39.366041,1.55e-05,-7.65e-06,-1.525e-05,3.724022524237287,0.9039054066079476,2.976271185e-07,-5.1244806e-08,Kap-2,17.0,Boo,1,69261,,33.69767985844037,Kap-2,4.599,4.499
69451,69673.0,124897.0,5340.0,Gl 541,16Alp Boo,Arcturus,14.26103,19.18241,11.2575,-1093.45,-1999.4,-5.0,-0.05,-0.307,K2IIIp,1.239,-8.823448,-5.932531,3.698938,-5.905e-05,3.22e-05,-0.00010473,3.7335290285420872,0.3347962180586212,-5.30119519e-06,-9.693364729e-06,Alp,16.0,Boo,1,69451,,115.55799554021291,,,
69479,69701.0,124850.0,5338.0,GJ 9473,99Iot Vir,Syrma,14.266908,-6.000547,22.237,-25.84,-419.84,14.6,4.07,2.335,F7V,0.511,-18.333625,-12.367873,-2.324624,-9.95e-06,-3.35e-06,-4.657e-05,3.735067849836269,-0.104729295115365,-1.252758551e-07,-2.035441756e-06,Iot,99.0,Vir,1,69479,,10.139113857366794,,,
69491,69713.0,125161.0,5350.0,GJ 9474A,21Iot Boo,,14.269439,51.367231,29.0698,-149.98,89.42,-18.7,4.75,2.433,A9V,0.236,-15.038822,-10.159621,22.708137,6.22e-06,2.971e-05,-7.07e-06,3.735730506668866,0.8965273123034389,-7.271235581e-07,4.33520393e-07,Iot,21.0,Boo,1,69491,GJ 9474,9.264031007363991,Iot,4.762,4.742
69510,69732.0,125162.0,5351.0,GJ 3837,19Lam Boo,Xuange,14.273074,46.088305,30.3582,-187.42,159.01,-8.1,4.18,1.769,A0sh,0.087,-17.435524,-11.802923,21.870286,3.26e-06,3.551e-05,1.026e-05,3.7366820754192496,0.8043926743945388,-9.086378001e-07,7.70902233e-07,Lam,19.0,Boo,1,69510,,17.076544728138742,,,
69656,69879.0,125351.0,5361.0,,,,14.29995,35.509505,71.582,4.92,14.18,-26.0,4.8,0.526,K1III,1.057,-48.021385,-33.003256,41.577411,2.116e-05,1.247e-05,-1.144e-05,3.7437180737122895,0.6197577825325662,2.38528331e-08,6.8746579e-08,,,Boo,1,69656,,53.65373995198518,,,
69673,69896.0,123998.0,5303.0,,Eta Aps,,14.303877,-81.00776,42.337,-19.95,-65.39,-9.0,4.89,1.756,A2m...,0.243,-5.449691,-3.753584,-41.816579,9.78e-06,1.171e-05,6.99e-06,3.744746356697119,-1.413852136922069,-9.67203293e-08,-3.17019665e-07,Eta,,Aps,1,69673,,17.282238729497653,,,
69751,69974.0,125337.0,5359.0,,100Lam Vir,Khambalia,14.318498,-13.371095,57.1755,-17.12,29.39,-11.0,4.52,0.734,A1V,0.128,-45.689342,-31.728277,-13.222219,4.74e-06,9.07e-06,1.053e-05,3.748573936749106,-0.233369630241025,-8.30001021e-08,1.4248674e-07,Lam,100.0,Vir,1,69751,,44.29961991003636,,,
69773,69996.0,125238.0,5354.0,,Iot Lup,,14.323396,-46.058093,103.6269,-12.81,-3.79,22.0,3.55,-1.527,B2.5IV,-0.184,-59.012186,-41.092372,-74.616044,-1.537e-05,-2.86e-06,-1.752e-05,3.7498562745844657,-0.8038653707763325,-6.21046325e-08,-1.8374438e-08,Iot,,Lup,1,69773,,355.4675819990699,,,
69804,70027.0,125560.0,5370.0,,20    Boo,,14.329233,16.306948,57.3394,-140.91,60.31,-8.0,4.84,1.048,K3III,1.228,-45.113965,-31.517003,16.099914,-1.214e-05,3.93e-05,1.379e-05,3.751384408429124,0.2846099284223875,-6.831509573e-07,2.9239113e-07,,20.0,Boo,1,69804,,33.17416496945389,,,
69846,70069.0,125288.0,5358.0,,,,14.338763,-56.386497,375.9398,-9.29,-7.57,4.0,4.3,-3.576,B6Ib,0.082,-170.308593,-119.612433,-313.079238,-2.18e-06,1.916e-05,-1.104e-05,3.75387940790708,-0.9841300331284564,-4.50391909e-08,-3.6700395e-08,,,Cen,1,69846,,2346.3889244641323,,,
69867,70090.0,125473.0,5367.0,,Psi Cen,,14.342623,-37.885295,79.3651,-64.5,-11.39,-5.0,4.05,-0.448,A0IV,-0.03,-51.22272,-36.052443,-48.736704,-8.78e-06,2.416e-05,-3.2e-07,3.75488983183279,-0.6612231311774325,-3.12704824e-07,-5.5220278e-08,Psi,,Cen,1,69867,,131.58306550959193,,,
69881,70104.0,125442.0,5364.0,,,,14.345159,-45.18706,43.554,37.17,-73.61,0.0,4.78,1.585,F0IV,0.31,-25.090555,-17.684637,-30.897712,1.353e-05,-6e-08,-1.095e-05,3.7555538557958954,-0.7886629806243125,1.802052451e-07,-3.5687135e-07,,,Lup,1,69881,,20.23019178678272,,,
70041,70264.0,125628.0,5371.0,,,,14.376971,-58.459117,117.5088,-47.03,17.03,15.0,4.76,-0.59,G8/K1 + F/G,0.795,-49.947049,-35.830428,-100.149001,-2.885e-05,1.227e-05,-8e-06,3.763882122931103,-1.020304066567021,-2.28007874e-07,8.2563769e-08,,,Cen,1,70041,,149.96848355023724,,,
70077,70300.0,125823.0,5378.0,,,,14.383956,-39.511819,140.2525,-24.32,-21.81,8.0,4.41,-1.325,B2V,-0.185,-87.805198,-63.232405,-89.233929,-7.13e-06,1.524e-05,-1.665e-05,3.765710977316488,-0.6896113342063013,-1.179066871e-07,-1.05737863e-07,,,Cen,1,70077,,295.1209226666387,V761,4.439,4.379
70083,70306.0,125932.0,5381.0,,51    Hya,,14.384942,-27.754017,48.2625,-201.57,-116.63,20.0,4.78,1.362,K3III,1.3,-34.652085,-24.968032,-22.474799,-3.195e-05,3.511e-05,-3.367e-05,3.765968928159311,-0.4843989835842062,-9.772389359e-07,-5.65438195e-07,,51.0,Hya,1,70083,,24.84276893696803,,,
70104,70327.0,126128.0,5385.0,,,,14.389638,8.446617,65.9196,-75.28,-9.56,-18.0,4.86,0.765,A0V,0.01,-52.855263,-38.182948,9.682766,3.1e-07,2.99e-05,-5.73e-06,3.767198364532286,0.1474212794533637,-3.649677387e-07,-4.6348187e-08,,,Boo,1,70104,,43.05266104917108,,,
70274,70497.0,126660.0,5404.0,Gl 549A,23The Boo,,14.419967,51.850744,14.5307,-236.06,-399.07,-11.4,4.04,3.229,F7V,0.497,-7.233871,-5.313642,11.426925,-2.186e-05,4.58e-06,-2.653e-05,3.7751385590522246,0.9049661939729025,-1.1444511743e-06,-1.934745954e-06,The,23.0,Boo,1,70274,Gl 549,4.450409766495371,,,
70351,70574.0,126341.0,5395.0,,Tau1Lup,,14.435619,-45.221424,334.4482,-13.51,-14.02,-22.0,4.56,-3.062,B2IV,-0.147,-189.284544,-140.238457,-237.402618,1.266e-05,3.664e-05,-4e-08,3.779236120889628,-0.7892627407451825,-6.54983282e-08,-6.7970878e-08,Tau-1,,Lup,1,70351,,1461.5039720061643,Tau-1,4.581,4.541
70353,70576.0,126354.0,5396.0,,Tau2Lup,,14.436336,-45.379276,97.8474,13.55,-6.35,-1.0,4.33,-0.623,A7:+...,0.434,-55.216146,-40.925029,-69.645036,6.13e-06,-3.46e-06,-1.39e-06,3.77942391080722,-0.7920177833745949,6.56922537e-08,-3.0785668e-08,Tau-2,,Lup,1,70353,,154.59662193866745,,,
70415,70638.0,124882.0,5339.0,,Del Oct,,14.448801,-83.667884,91.659,-95.79,-12.91,5.0,4.31,-0.501,K2III,1.3,-8.102137,-6.04578,-91.09986,-2.134e-05,3.718e-05,-5.72e-06,3.782687342473535,-1.4602800596576526,-4.644030246e-07,-6.2589446e-08,Del,,Oct,1,70415,,138.16562311673286,,,
70470,70692.0,127700.0,5430.0,,5    UMi,,14.458758,75.695993,110.011,8.71,22.09,10.0,4.25,-0.957,K4III,1.431,-21.740786,-16.312428,106.600575,9.9e-06,1.62e-06,1.282e-05,3.7852938994886265,1.3211443050842424,4.22272716e-08,1.07095342e-07,,5.0,UMi,1,70470,,210.280983703774,,,
70530,70753.0,126769.0,5407.0,,52    Hya,,14.469564,-29.491638,120.6273,-24.87,-23.81,16.0,4.97,-0.437,B7/B8V,-0.074,-83.806756,-63.252607,-59.38447,-1.466e-05,7.16e-06,-2.017e-05,3.788122876984829,-0.5147261770486988,-1.205731624e-07,-1.15434137e-07,,52.0,Hya,1,70530,,130.256678613669,,,
70532,70755.0,126868.0,5409.0,Gl 550.2A,105Phi Vir,Elgafar,14.470038,-2.227957,36.2582,-140.94,-2.92,-10.1,4.81,2.013,G2III,0.693,-28.915866,-21.829712,-1.409548,-6.67e-06,2.6e-05,-1.1e-07,3.788247180156488,-0.0388851878698912,-6.832964014e-07,-1.4156559e-08,Phi,105.0,Vir,1,70532,Gl 550.2,13.639548675066385,,,
70666,70890.0,,,Gl 551,,Proxima Centauri,14.495985,-62.679485,1.2959,-3775.64,768.16,-16.0,11.01,15.447,M5Ve,1.807,-0.472264,-0.361451,-1.151219,-1.186e-05,2.079e-05,1.675e-05,3.795039916831576,-1.09396338473328,-1.83048192485e-05,3.724144768e-06,,,Cen,1,70666,,5.77032135333e-05,V645,11.079,10.939
70828,71053.0,127665.0,5429.0,,25Rho Boo,,14.5305,30.371437,49.0918,-100.44,120.22,-14.0,3.57,0.115,K3III,1.298,-33.395248,-26.051319,24.820934,6.44e-06,3.534e-05,1.744e-05,3.804075943214968,0.5300815758763024,-4.869468608e-07,5.82843006e-07,Rho,25.0,Boo,1,70828,,78.34296427662116,,,
70851,71075.0,127762.0,5435.0,,27Gam Boo,Seginus,14.534636,38.308253,26.6099,-115.55,151.87,-37.0,3.04,0.915,A7IIIvar,0.191,-16.449442,-12.860715,16.49506,2.378e-05,3.751e-05,-8.08e-06,3.805158858230681,0.66860513750719,-5.602022079e-07,7.36286536e-07,Gam,27.0,Boo,1,70851,,37.49730022454834,Gam,3.052,3.032
70895,71121.0,127381.0,5425.0,,Sig Lup,,14.543629,-50.457157,176.3668,-29.55,-14.85,-2.0,4.44,-1.792,B2III,-0.177,-88.295016,-69.367614,-136.005022,-6.89e-06,2.672e-05,-6.51e-06,3.807513295453627,-0.8806435269547712,-1.432624426e-07,-7.1994831e-08,Sig,,Lup,1,70895,,453.73261693794143,Sig,4.449,4.429
71058,71284.0,128167.0,5447.0,Gl 557,28Sig Boo,,14.578,29.74513,15.8328,188.32,132.72,0.9,4.47,3.472,F3Vwvar,0.364,-10.732826,-8.589414,7.855332,1.235e-05,-8.63e-06,9.3e-06,3.816511495759829,0.519150453141265,9.130011232e-07,6.43444716e-07,Sig,28.0,Boo,1,71058,,3.5579513055974274,,,
71125,71352.0,127972.0,5440.0,,Eta Cen,,14.591786,-42.157824,93.7207,-35.31,-32.44,0.0,2.33,-2.529,B1Vn + A,-0.157,-54.086167,-43.605833,-62.903,-2.37e-06,1.87e-05,-1.093e-05,3.820120736107532,-0.7357928411436238,-1.711877106e-07,-1.57273557e-07,Eta,,Cen,1,71125,,894.5404837788689,Eta,2.378,2.308
71310,71536.0,128345.0,5453.0,,Rho Lup,,14.631454,-49.425828,96.8992,-27.78,-29.05,8.0,4.05,-0.882,B5V,-0.152,-48.652444,-40.065743,-73.601256,-4.4e-06,1.328e-05,-1.509e-05,3.830505731539146,-0.8626434373357725,-1.346812405e-07,-1.40838374e-07,Rho,,Lup,1,71310,,196.24563241736897,,,
71453,71681.0,128621.0,5460.0,Gl 559B,Alp2Cen,Toliman,14.660346,-60.8383,1.3248,-3678.19,481.84,-26.2,1.35,5.739,K1V,0.9,-0.495181,-0.413973,-1.156674,-7.22e-06,2.476e-05,2.491e-05,3.838069570777228,-1.0618286487704176,-1.78323683168e-05,2.336026238e-06,Alp-2,,Cen,2,71456,Gl 559,0.4409608164506375,,,
71456,71683.0,128620.0,5459.0,Gl 559A,Alp1Cen,Rigil Kentaurus,14.660765,-60.833976,1.3248,-3678.19,481.84,-26.2,-0.01,4.379,G2V,0.71,-0.495203,-0.414084,-1.156625,-7.22e-06,2.476e-05,2.491e-05,3.838179211777228,-1.0617531757704175,-1.78323683168e-05,2.336026238e-06,Alp-1,,Cen,1,71456,Gl 559,1.543121065657792,,0.113,-0.087
71536,71762.0,129174.0,5475.0,,29Pi 1Boo,,14.678768,16.418324,93.7207,9.64,9.46,-1.0,4.49,-0.369,B9p MnHg,-0.002,-68.683281,-58.003926,26.48999,4.5e-06,-1.93e-06,3.83e-06,3.842892599940339,0.2865538153045225,4.67360388e-08,4.5863374e-08,Pi-1,29.0,Boo,1,71536,,122.3488805326814,,,
71569,71795.0,129246.0,5477.0,,30Zet Boo,,14.68582,13.7283,53.8793,52.36,-12.71,-6.0,3.78,0.123,A3IVn,0.044,-39.925583,-33.844144,12.786515,1.279e-05,-7.09e-06,-4.68e-06,3.844738600173877,0.2396040388265925,2.538484431e-07,-6.1619818e-08,Zet,30.0,Boo,1,71569,,77.76783344557053,,,
71606,71832.0,129312.0,5480.0,,31    Boo,,14.694097,8.161764,164.7446,-10.21,3.25,-22.0,4.86,-1.224,G8IIIvar,0.992,-124.167279,-105.717469,23.388495,1.195e-05,2.089e-05,-6.3e-07,3.846905691879578,0.142449653868885,-4.94994768e-08,1.5756444e-08,,31.0,Boo,1,71606,,268.9056950029252,,,
71634,71860.0,129056.0,5469.0,,Alp Lup,,14.698823,-47.3882,142.4501,-21.15,-24.22,5.0,2.3,-3.468,B1.5III,-0.154,-73.354913,-62.611867,-104.837277,-2.75e-06,1.685e-05,-1.509e-05,3.848142761791683,-0.8270801174413888,-1.025380934e-07,-1.17421873e-07,Alp,,Lup,1,71634,,2124.222477388697,Alp,2.311,2.281
71639,71865.0,129116.0,5471.0,,,,14.699332,-37.793498,103.9501,-29.56,-30.68,1.0,4.01,-1.074,B2.5V,-0.157,-62.472079,-53.33727,-63.702434,-3.08e-06,1.696e-05,-1.284e-05,3.848276137029415,-0.6596209834823238,-1.43310924e-07,-1.48740837e-07,,,Cen,1,71639,,234.2070694793824,,,
71682,71908.0,128898.0,5463.0,Gl 560A,Alp Cir,,14.708492,-64.975138,16.57,-192.64,-234.07,7.2,3.18,2.083,F1Vp,0.256,-5.319852,-4.563974,-15.014538,4.9e-07,2.081e-05,-1.463e-05,3.8506743019806007,-1.1340300965295926,-9.339450742e-07,-1.134803382e-06,Alp,,Cir,1,71682,Gl 560,12.78792262935846,Alp,3.184,3.174
71731,71957.0,129502.0,5487.0,GJ 9491,107Mu  Vir,,14.717673,-5.658207,18.2715,104.23,-319.9,4.7,3.87,2.561,F2III,0.385,-13.771311,-11.872446,-1.801463,4.52e-06,-8.29e-06,-2.867e-05,3.853077794561369,-0.0987543345409349,5.053212992e-07,-1.550918964e-06,Mu,107.0,Vir,1,71731,,8.233794052101345,,,
71769,71995.0,129712.0,5490.0,,34    Boo,,14.723712,26.52785,215.9827,-13.29,-16.68,6.0,4.8,-1.872,M3III,1.672,-146.161613,-126.411397,96.464975,-1.915e-05,1.83e-06,-1.288e-05,3.854658850222291,0.4629983294144412,-6.44317381e-08,-8.0866921e-08,,34.0,Boo,1,71769,,488.4273784229252,W,4.832,4.742
71783,72010.0,129456.0,5485.0,,,,14.727624,-35.173655,64.2261,-60.93,-176.82,-38.0,4.06,0.021,K3III,1.356,-39.672777,-34.383013,-36.997668,3.555e-05,5.591e-05,-2.261e-05,3.855683054276464,-0.6138960929160537,-2.953969756e-07,-8.57247549e-07,,,Cen,1,71783,,85.42795299048483,,,
71878,72104.0,129685.0,5489.0,,,,14.749778,-35.191826,65.703,10.04,-2.03,-5.0,4.92,0.832,A0V,0.013,-40.37152,-35.400729,-37.865647,5.53e-06,6e-07,2.42e-06,3.8614828549088185,-0.6142132261150238,4.86752935e-08,-9.841717e-09,,,Cen,1,71878,,40.47622486878734,,,
71879,72105.0,129988.0,5505.0,,36Eps Boo,Izar,14.749784,27.074222,62.1118,-50.65,20.0,-23.0,2.35,-1.616,A0,0.966,-41.582771,-36.462926,28.269741,7.75e-06,2.708e-05,-5.34e-06,3.8614843383663695,0.47253432342394,-2.455581292e-07,9.6962736e-08,Eps,36.0,Boo,1,71879,,385.8335599053513,,,
71899,72125.0,129972.0,5502.0,GJ 9493,35Omi Boo,,14.754017,16.96428,74.5156,-60.87,-50.69,-9.0,4.6,0.239,K0III,0.972,-53.536518,-47.049953,21.741799,-1.192e-05,1.88e-05,-2.02e-05,3.8625926488217353,0.2960825356695274,-2.951060874e-07,-2.45752054e-07,Omi,35.0,Boo,1,71899,,69.88757961347103,,,
71994,72220.0,130109.0,5511.0,,109    Vir,,14.770812,1.892885,41.2371,-116.04,-21.75,-6.0,3.73,0.654,A0V,-0.005,-30.838211,-27.343068,1.362104,-1.091e-05,2.133e-05,-4.55e-06,3.866989601444294,0.0330370823389687,-5.625777949e-07,-1.05446975e-07,,109.0,Vir,1,71994,,47.68699981017778,,,
72113,72339.0,130322.0,,,,Mönch,14.792424,-0.281476,31.7058,-129.6,-140.79,0.0,8.04,5.534,K0III,0.781,-23.603748,-21.168292,-0.15576,-1.322e-05,1.49e-05,-2.164e-05,3.8726475762128634,-0.004912682480325,-6.2831853e-07,-6.8256918e-07,,,Vir,1,72113,,0.5325985748490616,,,
72144,72370.0,129078.0,5470.0,,Alp Aps,,14.797701,-79.044751,136.9863,-5.67,-15.75,-1.0,3.83,-1.853,K5III,1.433,-19.356924,-17.40793,-134.489842,5.26e-06,9.8e-06,-9.8e-07,3.874029003471813,-1.3795911541338477,-2.74889357e-08,-7.6358154e-08,Alp,,Aps,1,72144,,479.95442493194446,,,
72261,72487.0,130945.0,5533.0,,38    Boo,Merga,14.821853,46.116205,48.9956,-7.35,-77.32,-5.0,5.76,2.309,F7IVw,0.482,-25.109461,-22.870123,35.313409,-8.34e-06,-5.24e-06,-1.642e-05,3.8803520622042016,0.8048796219930513,-3.56338055e-08,-3.74857937e-07,,38.0,Boo,1,72261,,10.384844550082734,,,
72345,72571.0,130694.0,5526.0,,58    Hya,,14.838147,-27.960371,101.5228,-237.37,-62.37,-10.0,4.42,-0.613,K3III,1.366,-66.036951,-60.664821,-47.600014,-6.178e-05,0.00010188,-2.232e-05,3.884617724480457,-0.488000529810055,-1.1508022335e-06,-3.02378292e-07,,58.0,Hya,1,72345,,153.1792715893416,,,
72380,72607.0,131873.0,5563.0,,7Bet UMi,Kochab,14.845105,74.155505,40.1445,-32.29,11.91,17.0,2.07,-0.948,K4IIIvar,1.465,-8.058164,-7.429707,38.619407,-6.11e-06,2.91e-06,1.736e-05,3.8864392902195473,1.2942577172364538,-1.565463375e-07,5.7741309e-08,Bet,7.0,UMi,1,72380,,208.54510476931685,,,
72396,72622.0,130841.0,5531.0,Gl 564.1,9Alp2Lib,Zubenelgenubi,14.847977,-16.041778,23.2396,-105.69,-69.0,-46.7,2.75,0.919,A3IV,0.147,-16.408581,-15.151818,-6.421874,2.722e-05,4.135e-05,5.73e-06,3.887191169503684,-0.2799818460625912,-5.12399579e-07,-3.34521439e-07,Alp-2,9.0,Lib,1,72396,,37.35940922587999,,,
72404,72631.0,130952.0,5535.0,,11    Lib,,14.850298,-2.29915,67.0241,87.63,-123.64,83.0,4.93,0.799,G8...,0.988,-49.174688,-45.463719,-2.688834,-4.177e-05,-7.739e-05,-4.354e-05,3.8877988043694978,-0.0401277449567974,4.248422283e-07,-5.99423634e-07,,11.0,Lib,1,72404,,41.72535112317937,,,
72432,72659.0,131156.0,5544.0,Gl 566A,37Xi  Boo,,14.856493,19.10046,6.7123,152.81,-71.28,2.2,4.54,5.406,G8V + K4V,0.72,-4.650321,-4.313397,2.196442,1.27e-06,-5.61e-06,-1.46e-06,3.889420660383121,0.3333659152170787,7.408437853e-07,-3.45575191e-07,Xi,37.0,Boo,1,72432,Gl 566,0.5992389025834781,Xi,4.57,4.52
72456,72683.0,130807.0,5528.0,,Omi Lup,,14.860641,-43.575359,123.9157,-24.79,-26.8,7.0,4.32,-1.146,B5IV,-0.154,-65.752375,-61.121404,-85.416131,-5.81e-06,1.493e-05,-1.66e-05,3.890506801378525,-0.7605334848880775,-1.201853114e-07,-1.29930066e-07,Omi,,Lup,1,72456,,250.264932573108,,,
72619,72845.0,131496.0,,,,Arcalís,14.88973,18.235401,110.011,44.44,-36.46,0.0,7.8,2.593,K0,1.039,-75.984659,-71.719466,34.424841,1.184e-05,-2.141e-05,-1.847e-05,3.8981221411979967,0.3182677903231637,2.154511996e-07,-1.76763067e-07,,,Boo,1,72619,,7.99466002520316,,,
72910,73136.0,133086.0,,,,Baekdu,14.946759,74.900927,160.0,13.5,5.65,0.0,6.83,0.809,K0,0.985,-29.878814,-29.05737,154.476295,1.033e-05,-4.56e-06,1.14e-06,3.913052242686161,1.307267787679755,6.54498469e-08,2.7391972e-08,,8.0,UMi,1,72910,,41.34281080471344,,,
72938,73165.0,132052.0,5570.0,GJ 9503,16    Lib,,14.953055,-4.346462,26.9034,-97.83,-154.56,21.7,4.47,2.321,F0V,0.318,-19.200694,-18.734445,-2.038952,-2.366e-05,-5.26e-06,-2.178e-05,3.914700764934293,-0.07586007262021,-4.742932237e-07,-7.49328024e-07,,16.0,Lib,1,72938,,10.270698960262813,,,
72972,73199.0,132813.0,5589.0,,,,14.959743,65.93246,140.8451,-78.26,32.48,7.0,4.63,-1.114,M5III,1.59,-41.041157,-40.184665,128.600839,-2.5e-05,5.03e-05,1.558e-05,3.916451457117119,1.150738512840476,-3.794151864e-07,1.57467483e-07,,,UMi,1,72972,,242.9964897703228,RR,4.75,4.49
73046,73273.0,132058.0,5571.0,,Bet Lup,,14.975537,-43.13396,117.3709,-34.06,-38.3,-0.8,2.68,-2.668,B2III,-0.184,-60.951955,-60.176134,-80.247234,-2.59e-06,2.468e-05,-1.534e-05,3.920586484134029,-0.7528296217318413,-1.651275396e-07,-1.85683639e-07,Bet,,Lup,1,73046,,1016.716800466376,,,
73107,73334.0,132200.0,5576.0,,Kap Cen,,14.986025,-42.104194,117.5088,-17.76,-21.33,8.0,3.13,-2.22,B2IV,-0.208,-61.87283,-61.421692,-78.787457,-5.65e-06,8.64e-06,-1.45e-05,3.923332066599541,-0.7348568098441325,-8.61029097e-08,-1.03410758e-07,Kap,,Cen,1,73107,,672.9766562843175,,,
73246,73473.0,132742.0,5586.0,,19Del Lib,,15.016208,-8.518943,90.009,-66.2,-3.4,-39.0,4.91,0.139,B9.5V,0.0,-62.675871,-63.210037,-13.333557,7.42e-06,4.851e-05,4.44e-06,3.931234072716755,-0.1486836062320687,-3.209466565e-07,-1.6483665e-08,Del,19.0,Lib,1,73246,,76.63020722739192,Del,5.781,4.891
73327,73555.0,133208.0,5602.0,,42Bet Boo,Nekkar,15.032436,40.390566,69.0608,-40.2,-29.22,-20.0,3.49,-0.706,G8III,0.956,-36.876434,-37.508062,44.750903,-3.12e-06,1.602e-05,-2.071e-05,3.935482540667879,0.7049483564526262,-1.948950996e-07,-1.41662557e-07,Bet,42.0,Boo,1,73327,,166.87835113653907,,,
73340,73568.0,133124.0,5600.0,,41Ome Boo,,15.035141,25.008138,113.8952,-5.88,-48.6,14.0,4.8,-0.483,K4III,1.506,-72.311167,-73.654077,48.148906,-1.935e-05,-1.508e-05,-1.826e-05,3.9361907845633617,0.43647435232983,-2.85070444e-08,-2.35619448e-07,Ome,41.0,Boo,1,73340,,135.89391171008015,,,
73392,73620.0,133165.0,5601.0,,110    Vir,,15.048344,2.091303,59.9161,-55.93,12.94,-16.0,4.39,0.502,K0III,1.026,-41.79953,-42.871209,2.186454,-1.2e-07,2.315e-05,3.16e-06,3.939647165382449,0.0365001179302875,-2.711562915e-07,6.273489e-08,,110.0,Vir,1,73392,,54.852951394120325,,,
73467,73695.0,133640.0,5618.0,Gl 575A,44    Boo,,15.063174,47.65406,12.5078,-436.24,18.94,-29.7,4.83,4.344,G2V + G2V,0.647,-5.858189,-6.055134,9.244209,-4.19e-06,3.371e-05,-2.168e-05,3.943529793177,0.8317202494574713,-2.1149512001e-06,9.1823711e-08,,44.0,Boo,1,73467,Gl 575,1.593675881028766,I,4.943,4.793
73486,73714.0,133216.0,5603.0,,20Sig Lib,Brachium,15.067839,-25.281965,88.4173,-71.85,-44.69,-4.0,3.25,-1.483,M3/M4III,1.674,-55.51919,-57.527085,-37.760649,-1.391e-05,2.993e-05,-1.557e-05,3.944750989036992,-0.4412535238032887,-3.483386295e-07,-2.16663233e-07,Sig,20.0,Lib,1,73486,,341.3500729493114,Sig,3.351,3.181
73517,73745.0,133582.0,5616.0,,43Psi Boo,,15.074098,26.947649,75.4148,-176.31,-4.52,-26.0,4.52,0.133,K2III,1.24,-46.60506,-48.449153,34.176087,-3.054e-05,6.123e-05,-1.352e-05,3.946389727718748,0.4703251962561925,-8.547750002e-07,-2.1913578e-08,Psi,43.0,Boo,1,73517,,77.05485366297151,,,
73579,73807.0,133242.0,5605.0,,Pi  Lup,,15.085303,-47.051245,135.8696,-23.39,-21.11,5.0,3.91,-1.756,B5,-0.144,-63.981638,-66.905071,-99.451605,-6.51e-06,1.549e-05,-1.322e-05,3.949323173768201,-0.8211991435114612,-1.133979199e-07,-1.02344167e-07,Pi,,Lup,1,73579,,438.9347855347174,,,
73768,73996.0,134083.0,5634.0,Gl 578,45    Boo,,15.121682,24.869195,19.5542,184.81,-163.51,-9.8,4.93,3.474,F5V,0.429,-12.138752,-12.937889,8.223444,1.454e-05,-1.011e-05,-1.828e-05,3.9588470608614266,0.4340493427100712,8.95984163e-07,-7.92718849e-07,,45.0,Boo,1,73768,,3.551403349828821,,,
73889,74117.0,133955.0,5626.0,,Lam Lup,,15.147394,-45.279857,238.0952,-17.32,-26.11,10.0,4.07,-2.814,B3V,-0.162,-113.806447,-122.946676,-169.179119,-5.01e-06,2.401e-05,-2.847e-05,3.965578547264868,-0.7902825976174462,-8.39697295e-08,-1.26584851e-07,Lam,,Lup,1,73889,,1163.054323328467,,,
74148,74376.0,134481.0,5646.0,,Kap1Lup,,15.198918,-48.737819,55.1876,-96.52,-47.97,-6.0,3.88,0.171,B9V,-0.029,-24.36173,-27.040918,-41.484457,-1.002e-05,2.746e-05,-3.85e-06,3.979067417506061,-0.8506354049448176,-4.679421645e-07,-2.32565122e-07,Kap-1,,Lup,1,74148,,74.40463661919195,,,
74164,74392.0,134759.0,5652.0,,24Iot1Lib,,15.203692,-19.79171,116.4144,-35.59,-32.55,-12.0,4.54,-0.79,Asp...,-0.071,-73.216302,-81.473155,-39.418088,-3.06e-06,2.664e-05,-1.313e-05,3.980317267229597,-0.3454305128099638,-1.725451889e-07,-1.57806853e-07,Iot-1,24.0,Lib,1,74164,,180.3017740859568,,,
74167,74395.0,134505.0,5649.0,GJ 9512A,Zet Lup,,15.20476,-52.099247,35.9712,-113.94,-71.0,-10.0,3.41,0.63,G8III,0.918,-14.765283,-16.43956,-28.383941,-4.06e-06,2.522e-05,4.6e-07,3.980596903528809,-0.9093033999049888,-5.523967076e-07,-3.44217713e-07,Zet,,Lup,1,74167,GJ 9512,48.75284901033863,,,
74221,74449.0,134687.0,5651.0,,,,15.213776,-44.500414,154.5595,-20.49,-22.2,14.0,4.83,-1.115,B3IV,-0.177,-73.468343,-82.188968,-108.333069,-1.048e-05,1.131e-05,-2.19e-05,3.982957177789672,-0.7766787347505737,-9.93383231e-08,-1.07628637e-07,,,Lup,1,74221,,243.2204009073816,,,
74376,74604.0,135153.0,5660.0,,1    Lup,,15.2437,-31.519121,598.8024,-9.72,1.83,-23.0,4.91,-3.976,F3III,0.374,-337.201135,-383.227256,-313.043658,-9.77e-06,3.161e-05,1.683e-05,3.9907913366659646,-0.5501124413692126,-4.71238898e-08,8.87209e-09,,1.0,Lup,1,74376,,3391.56386905822,,,
74438,74666.0,135722.0,5681.0,,49Del Boo,,15.258376,33.314833,37.3413,84.84,-110.57,-12.0,3.46,0.599,G8III,0.961,-20.5232,-23.506036,20.509246,1.108e-05,-1.066e-05,-2.347e-05,3.9946334660143576,0.5814535324882476,4.113159266e-07,-5.36058486e-07,Del,49.0,Boo,1,74438,,50.164905677322295,,,
74556,74785.0,135742.0,5685.0,,27Bet Lib,Zubeneschamali,15.283449,-9.382917,56.7537,-96.39,-20.76,-35.0,2.61,-1.16,B8V,-0.071,-36.549398,-42.420251,-9.252607,3.57e-06,4.477e-05,2e-07,4.001197527020817,-0.16376280166405,-4.673119067e-07,-1.0064732e-07,Bet,27.0,Lib,1,74556,,253.51286304979072,,,
74595,74824.0,135379.0,5670.0,Gl 580.1,Bet Cir,,15.291917,-58.801208,30.553,-98.39,-135.46,9.6,4.07,1.645,A3V,0.088,-10.304156,-12.012956,-26.134351,-3.2e-06,1.865e-05,-1.879e-05,4.003414621178423,-1.0262746833753462,-4.770081803e-07,-6.56728611e-07,Bet,,Cir,1,74595,,19.14255925021086,,,
74608,74837.0,135291.0,5666.0,,Eps Cir,,15.294136,-63.610465,125.0,2.12,8.66,-5.0,4.85,-0.635,K2.5III,1.26,-36.147448,-42.191897,-111.974081,-6e-07,-2.68e-06,6.91e-06,4.003995395932938,-1.11021206163244,1.027805e-08,4.1984864e-08,Eps,,Cir,1,74608,,156.3147642640954,,,
74628,74857.0,135758.0,5686.0,,2    Lup,,15.297178,-30.148673,99.9001,-8.71,-4.47,-4.0,4.35,-0.648,K1II/III,1.1,-56.151802,-65.647023,-50.174358,-2e-07,6.26e-06,1.8e-07,4.0047917565113735,-0.5261936116227462,-4.22272716e-08,-2.1671171e-08,,2.0,Lup,1,74628,,158.1976398601154,,,
74682,74911.0,135734.0,5683.0,,Mu  Lup,,15.308897,-47.875272,102.8807,-31.74,-32.82,15.0,4.27,-0.792,B8V,-0.086,-44.694142,-52.577545,-76.305318,-1.086e-05,1.166e-05,-2.236e-05,4.007859921551206,-0.8355811212636788,-1.538798622e-07,-1.59115849e-07,Mu,,Lup,1,74682,,180.63420831699756,,,
74717,74946.0,135382.0,5671.0,,Gam TrA,,15.315181,-68.679545,56.3698,-66.48,-32.0,-3.0,2.87,-0.885,A1V,0.014,-13.248562,-15.637336,-52.51191,-7.87e-06,1.881e-05,-3.2e-07,4.00950488883882,-1.1986841874782987,-3.223041348e-07,-1.55140377e-07,Gam,,TrA,1,74717,,196.7886289706845,,,
74732,74961.0,136418.0,,,,Nikawiy,15.318385,41.733207,98.2318,-19.72,-181.65,0.0,7.88,2.919,G5,0.93,-47.33943,-55.9706,65.389271,-4.435e-05,-3.79e-05,-6.455e-05,4.010343816453994,0.7283818631895624,-9.56052578e-08,-8.8066405e-07,,,Boo,1,74732,,5.92106733564661,,,
74868,75097.0,137422.0,5735.0,,13Gam UMi,Pherkad,15.345483,71.834016,149.2537,-18.03,17.68,-4.0,3.0,-2.87,A3II-III,0.058,-29.797327,-35.741213,141.814461,-1.42e-06,1.867e-05,1e-07,4.017438041145818,1.2537400930067577,-8.74119066e-08,8.5715058e-08,Gam,13.0,UMi,1,74868,,1224.6161992650489,Gam,3.016,2.996
74912,75141.0,136298.0,5695.0,,Del Lup,,15.356201,-40.647518,271.0027,-19.11,-24.05,-2.4,3.22,-3.945,B1.5IV,-0.227,-131.223518,-158.301112,-176.532145,-5e-06,3.33e-05,-2.237e-05,4.020244134330924,-0.7094330192297875,-9.26478944e-08,-1.1659769e-07,Del,,Lup,1,74912,,3296.09712177458,Del,3.239,3.209
74948,75177.0,136422.0,5705.0,,Phi1Lup,,15.36344,-36.261376,84.317,-91.85,-86.03,-29.0,3.57,-1.06,K5III,1.534,-43.289327,-52.423754,-49.870803,-4.8e-07,5.838e-05,-1.081e-05,4.022139099613051,-0.6328804084955787,-4.453013656e-07,-4.17085209e-07,Phi-1,,Lup,1,74948,,231.20647901755964,,,
74977,75206.0,136351.0,5698.0,GJ 3901,Nu 1Lup,,15.368975,-47.927792,35.8551,-141.44,-132.58,-11.2,4.99,2.217,F8V,0.515,-15.270778,-18.547654,-26.615201,-3.23e-06,3.476e-05,-6.94e-06,4.02358835394589,-0.8364977702022988,-6.857204698e-07,-6.42765977e-07,Nu-1,,Lup,1,74977,,11.303163247386966,,,
75035,75264.0,136504.0,5708.0,,Eps Lup,,15.378021,-44.689622,156.9859,-20.25,-20.13,8.0,3.37,-2.609,B2IV-V,-0.191,-70.733584,-86.328198,-110.402888,-8.78e-06,1.36e-05,-1.664e-05,4.02595648597076,-0.7799810449386888,-9.81747703e-08,-9.7592993e-08,Eps,,Lup,1,75035,,962.941712971556,,,
75075,75304.0,136664.0,5712.0,,Phi2Lup,,15.385931,-36.858489,159.2357,-18.05,-21.53,2.0,4.54,-1.47,B4V,-0.155,-80.54436,-98.718294,-95.516062,-5.53e-06,1.526e-05,-1.452e-05,4.028027394297393,-0.6433019823283687,-8.75088693e-08,-1.04380385e-07,Phi-2,,Lup,1,75075,,337.2873086588689,,,
75083,75312.0,137107.0,5727.0,Gl 584A,2Eta CrB,,15.38675,30.287812,17.8635,125.77,-176.48,-7.3,4.99,3.73,G2V,0.577,-9.748862,-11.953838,9.009316,7.64e-06,-7.86e-06,-1.696e-05,4.028241698313953,0.5286220445071488,6.09750166e-07,-8.55599183e-07,Eta,2.0,CrB,1,75083,Gl 584,2.805433637951713,,,
75094,75323.0,136415.0,5704.0,,Gam Cir,,15.389625,-59.320787,137.5516,-10.29,-36.57,-17.0,4.48,-1.212,B5III + F8,0.169,-44.315595,-54.422257,-118.299395,1.352e-05,2.747e-05,2.51e-06,4.028994524485883,-1.0353430513431674,-4.98873277e-08,-1.77296362e-07,Gam,,Cir,1,75094,,265.9500032721518,Gam,4.503,4.443
75150,75379.0,137052.0,5723.0,,31Eps Lib,,15.403303,-10.322266,31.2305,-68.52,-152.65,-10.0,4.92,2.447,F5IV,0.453,-19.315192,-23.894489,-5.596007,8.6e-07,1.757e-05,-2.09e-05,4.032575242299578,-0.1801575235957262,-3.321943339e-07,-7.40068083e-07,Eps,31.0,Lib,1,75150,,9.145343031204598,,,
75182,75411.0,137391.0,5733.0,GJ 3903A,51Mu 1Boo,Alkalurops,15.408181,37.377167,34.6861,-147.68,84.69,-8.6,4.31,1.609,F0V,0.309,-17.300377,-21.457918,21.056469,-9.52e-06,2.776e-05,5.98e-06,4.03385223523762,0.6523546236511776,-7.159728434e-07,4.10588706e-07,Mu-1,51.0,Boo,1,75182,GJ 3903,19.787913352337373,,,
75187,75415.0,137392.0,5734.0,GJ 3904B,51Mu 2Boo,Alkalurops B,15.40858,37.3473,36.062,-140.95,84.97,-8.6,6.51,3.725,G1V,0.6,-17.991461,-22.319858,21.876782,-9.14e-06,2.792e-05,6.47e-06,4.033956771732276,0.65183334852911,-6.833448827e-07,4.11946184e-07,Mu-2,51.0,Boo,2,75187,GJ 3904,2.818382931264453,,,
75229,75458.0,137759.0,5744.0,,12Iot Dra,Edasich,15.415494,58.966065,31.027,-8.27,17.3,-11.0,3.29,0.831,K2III,1.166,-10.015969,-12.471787,26.585776,4.06e-06,7.04e-06,-8.3e-06,4.0357669491767005,1.0291519898867023,-4.00940914e-08,8.3872766e-08,Iot,12.0,Dra,1,75229,,40.5135220229264,,,
75272,75501.0,137058.0,5724.0,,,,15.422285,-38.73362,120.3369,-46.05,-13.35,-3.0,4.6,-0.802,A0V,0.0,-58.64798,-73.294368,-75.294841,-1.644e-05,2.246e-05,-4.16e-06,4.037544734503876,-0.6760292083229775,-2.232566999e-07,-6.4722626e-08,,,Lup,1,75272,,182.3055960681068,,,
75466,75695.0,137909.0,5747.0,,3Bet CrB,Nusakan,15.463818,29.105703,34.2818,-181.39,86.84,-19.0,3.66,0.985,F0p,0.319,-18.45833,-23.589253,16.675351,-8.95e-06,3.748e-05,3.16e-06,4.048418174219068,0.50799034185675,-8.794035352e-07,4.210122e-07,Bet,3.0,CrB,1,75466,,35.15604405282981,Bet,3.683,3.653
75777,76008.0,139669.0,5826.0,,15The UMi,,15.523619,77.349352,262.4672,-46.89,5.31,-25.0,5.0,-2.095,K5III,1.545,-34.710382,-45.818632,256.095209,-4.019e-05,4.574e-05,-2.347e-05,4.064073830870071,1.3500008622565525,-2.273291348e-07,2.5743606e-08,The,15.0,UMi,1,75777,,599.7910762555094,,,
75811,76041.0,138629.0,5774.0,,53Nu 2Boo,,15.529718,40.899332,119.0476,-13.73,-14.92,-17.0,4.98,-0.399,A5V,0.086,-54.221334,-71.812586,77.944174,-1.8e-06,1.076e-05,-1.789e-05,4.065670624556965,0.7138280130757412,-6.65649183e-08,-7.2334201e-08,Nu-2,53.0,Boo,1,75811,,125.77664324512544,,,
75895,76127.0,138749.0,5778.0,,4The CrB,,15.548829,31.359133,115.0748,-19.62,-8.94,-25.0,4.14,-1.165,B6Vnn,-0.127,-58.818354,-78.716957,59.88489,2.75e-06,2.196e-05,-1.756e-05,4.070673913696114,0.5473201277544988,-9.51204441e-08,-4.3342343e-08,The,4.0,CrB,1,75895,,254.6830252585042,The,4.148,4.128
75987,76219.0,138716.0,5777.0,,37    Lib,,15.569638,-10.064529,28.9268,305.62,-234.12,48.0,4.61,2.303,K1IV,1.0,-16.923971,-22.908696,-5.055242,9.16e-06,-5.973e-05,-4.09e-05,4.076121778766242,-0.175659161650645,1.4816875705e-06,-1.135045788e-06,,37.0,Lib,1,75987,,10.44239218543174,,,
76035,76267.0,139006.0,5793.0,,5Alp CrB,Alphecca,15.578128,26.714693,23.0097,120.38,-89.44,2.0,2.22,0.41,A0V,0.032,-12.176093,-16.558746,10.343974,7.08e-06,-1.304e-05,-7.99e-06,4.0783442886637005,0.4662593508481437,5.836187087e-07,-4.33617355e-07,Alp,5.0,CrB,1,76035,,59.70352865838366,Alp,2.289,2.209
76044,76276.0,138917.0,5788.0,,13Del Ser,,15.580041,10.538867,69.9301,-72.63,3.17,-38.0,3.8,-0.423,F0IV,0.268,-40.700384,-55.408101,12.790326,2.89e-06,4.553e-05,-6.05e-06,4.078845208948458,0.1839379254751887,-3.521201762e-07,1.5368593e-08,Del,13.0,Ser,1,76044,,128.58786926343993,Del,3.823,3.783
76065,76297.0,138690.0,5776.0,,Gam Lup,,15.585681,-41.166757,129.0323,-16.05,-25.52,2.0,2.8,-2.753,B2IV,-0.216,-57.388809,-78.369378,-84.935884,-2.8e-06,1.317e-05,-1.336e-05,4.080321694139787,-0.7184954505889463,-7.78125957e-08,-1.23724451e-07,Gam,,Lup,1,76065,,1099.5120668793495,,,
76100,76333.0,138905.0,5787.0,GJ 3912,38Gam Lib,Zubenelhakrabi,15.592105,-14.789537,50.025,65.67,6.93,-28.2,3.91,0.414,K0III,1.007,-28.510476,-39.071229,-12.769777,2.905e-05,1.279e-05,8.99e-06,4.08200351280001,-0.258126111021105,3.18377144e-07,3.3597588e-08,Gam,38.0,Lib,1,76100,,59.48397740692212,,,
76118,76351.0,137388.0,,,,Karaka,15.594462,-80.204587,39.2311,-47.57,44.04,0.0,8.71,5.742,K0/K1V,0.891,-3.930997,-5.39398,-38.659171,-1.217e-05,-1.34e-06,1.42e-06,4.0826206710236566,-1.39983411377049,-2.306258678e-07,2.13511944e-07,,,Aps,1,76118,,0.4397440784473685,,8.764,8.644
76137,76371.0,138769.0,5781.0,,,,15.598126,-44.958389,131.2336,-20.42,-21.48,7.0,4.55,-1.04,B3IVp,-0.175,-54.620726,-75.101405,-92.728795,-7.81e-06,1.135e-05,-1.473e-05,4.0835797937591565,-0.7846719142073075,-9.89989536e-08,-1.04137978e-07,,,Lup,1,76137,,226.9864851883821,,,
76206,76440.0,138538.0,5771.0,,Eps TrA,,15.612,-66.317037,61.8429,24.51,-54.66,-16.0,4.11,0.154,K0III,1.161,-14.537768,-20.142359,-56.634489,1.859e-05,1.32e-05,8.4e-06,4.087212123743539,-1.1574506537426237,1.188278331e-07,-2.64999157e-07,Eps,,TrA,1,76206,,75.5788013680452,,,
76235,76470.0,139063.0,5794.0,,39Ups Lib,,15.61707,-28.135079,68.5871,-13.26,-3.48,-25.0,3.6,-0.581,K3III,1.361,-35.331726,-49.089777,-32.34227,9.91e-06,2.132e-05,1.104e-05,4.088539276494927,-0.491049770625765,-6.4286294e-08,-1.6871516e-08,Ups,39.0,Lib,1,76235,,148.73048700465293,,,
76317,76552.0,139127.0,5797.0,,Ome Lup,,15.634232,-42.567348,67.0241,-147.6,56.35,-7.0,4.34,0.209,K4.5III,1.412,-28.655317,-40.193087,-45.338837,-4.318e-05,2.205e-05,1.833e-05,4.093032432631316,-0.742940374565555,-7.155849925e-07,2.73192508e-07,Ome,,Lup,1,76317,,71.84557087925968,,,
76365,76600.0,139365.0,5812.0,,40Tau Lib,,15.64427,-29.777754,112.4859,-22.1,-26.54,3.0,3.66,-1.595,B2.5V,-0.177,-56.468031,-79.646617,-55.864673,-7.21e-06,1.066e-05,-1.409e-05,4.0956602634915455,-0.5197198478585625,-1.071438234e-07,-1.2866955e-07,Tau,40.0,Lib,1,76365,,378.4425847170932,,,
76433,76669.0,139891.0,5833.0,,7Zet1CrB,,15.656299,36.635812,145.1379,-15.29,-6.51,-19.0,4.64,-1.169,B7V+...,-0.103,-67.060303,-95.220854,86.607536,-1.39e-06,1.671e-05,-1.527e-05,4.098809376379897,0.6394155388380125,-7.41280118e-08,-3.156137e-08,Zet-1,7.0,CrB,1,76433,,255.6230427112548,,,
76469,76705.0,139521.0,5820.0,,3Psi1Lup,,15.662772,-34.411926,67.3401,5.65,-13.7,-23.0,4.66,0.519,G8/K0III,0.964,-31.911503,-45.475588,-38.056383,1.411e-05,1.689e-05,9.6e-06,4.100504038679763,-0.6006014101703975,2.7391973e-08,-6.6419474e-08,Psi-1,3.0,Lup,1,76469,,54.000775906659264,,,
76506,76742.0,139663.0,5824.0,,42    Lib,,15.67136,-23.818078,117.2333,-15.62,-8.18,-22.0,4.97,-0.375,K3III,1.302,-61.407298,-87.928448,-47.34271,5.58e-06,2.35e-05,4.83e-06,4.1027524643809015,-0.4157038870053912,-7.57278969e-08,-3.9657759e-08,,42.0,Lib,1,76506,,123.02687708123813,,,
76593,76829.0,139664.0,5825.0,Gl 594,,,15.686505,-44.661205,17.4368,-168.7,-265.69,-5.4,4.64,3.433,F5IV-V,0.413,-7.060857,-10.196187,-12.256524,-5e-07,2.433e-05,-1.209e-05,4.106717351544058,-0.7794850738878363,-8.178806791e-07,-1.288101467e-06,,,Lup,1,76593,,3.688077172261544,,,
76616,76852.0,140159.0,5842.0,,21Iot Ser,,15.692516,19.670401,58.2751,-59.86,-43.23,-17.0,4.51,0.683,A1V,0.062,-31.169694,-45.162348,19.615863,-6.95e-06,1.97e-05,-1.735e-05,4.108291060667145,0.3433132541316525,-2.902094692e-07,-2.09584954e-07,Iot,21.0,Ser,1,76616,,46.43014072818033,,,
76644,76880.0,139997.0,5838.0,,43Kap Lib,,15.699111,-19.678828,94.6074,-33.21,-104.33,-4.0,4.75,-0.13,K5III,1.574,-50.473595,-73.402915,-31.858778,-1.24e-06,2.508e-05,-4.368e-05,4.110017620192046,-0.34346034180348,-1.610066233e-07,-5.05806112e-07,Kap,43.0,Lib,1,76644,,98.17479430199845,,,
76709,76945.0,140008.0,5839.0,,4Psi2Lup,,15.711395,-34.710407,111.4827,-23.96,-30.43,4.0,4.75,-0.486,B5V,-0.151,-51.68183,-75.680182,-63.481486,-7.31e-06,1.226e-05,-1.585e-05,4.113233670588119,-0.6058108888770175,-1.161613579e-07,-1.47528802e-07,Psi-2,4.0,Lup,1,76709,,136.26991969948688,,,
76716,76952.0,140436.0,5849.0,,8Gam CrB,,15.712381,26.295637,44.7828,-112.52,50.7,-11.0,3.81,0.554,A1Vs,0.02,-22.633064,-33.161033,19.838868,-1.174e-05,2.613e-05,4.88e-06,4.113491793766908,0.45894545075469,-5.455123534e-07,2.45800536e-07,Gam,8.0,CrB,1,76716,,52.28775553134414,Gam,3.827,3.797
76819,77055.0,142105.0,5903.0,,16Zet UMi,,15.734299,77.794493,113.1222,20.07,-2.5,-13.0,4.29,-0.978,A3Vn,0.038,-13.368655,-19.830791,110.565025,9.95e-06,-4.93e-06,-1.328e-05,4.119229786393425,1.3577700399470074,9.73021057e-08,-1.2120342e-08,Zet,16.0,UMi,1,76819,,214.3877665973507,,,
76835,77070.0,140573.0,5854.0,Gl 596.2,24Alp Ser,Unukalhai,15.737798,6.425627,22.6757,134.66,44.14,2.7,2.63,0.852,K2III,1.167,-12.5786,-18.695648,2.537718,1.105e-05,-1.009e-05,5.13e-06,4.120145986438394,0.1121483464716324,6.528501022e-07,2.13996758e-07,Alp,24.0,Ser,1,76835,,39.73745050614631,,,
76997,77233.0,141003.0,5867.0,,28Bet Ser,,15.769793,15.421826,47.5511,68.54,-41.31,-1.0,3.65,0.264,A3V,0.073,-25.268927,-38.245168,12.644945,1.233e-05,-1e-05,-9.45e-06,4.128522152548846,0.2691616325803537,3.322912967e-07,-2.00276531e-07,Bet,28.0,Ser,1,76997,,68.29674408079636,,,
77022,77257.0,141004.0,5868.0,Gl 598,27Lam Ser,,15.77406,7.353073,12.1242,-225.51,-68.52,-68.5,4.42,4.002,G0Vvar,0.604,-6.61701,-10.039373,1.551618,2.689e-05,6.488e-05,-1.296e-05,4.129639125595854,0.1283353362995862,-1.093303331e-06,-3.32194333e-07,Lam,27.0,Ser,1,77022,,2.1837353276021747,,,
77214,77450.0,141477.0,5879.0,,35Kap Ser,Gudja,15.812327,18.141564,117.096,-51.78,-88.72,-39.0,4.09,-1.253,M1III,1.616,-60.303137,-93.518027,36.45959,-1.266e-05,3.461e-05,-6.028e-05,4.139657609430417,0.3166300163914012,-2.510365238e-07,-4.30126697e-07,Kap,35.0,Ser,1,77214,,276.18494420752944,,,
77276,77512.0,141714.0,5889.0,,10Del CrB,,15.82657,26.068394,52.1376,-79.85,-63.78,-19.0,4.59,1.004,G5III-IV,0.794,-25.233535,-39.454341,22.911467,-1.141e-05,1.961e-05,-2.302e-05,4.143386290667416,0.4549793113760562,-3.871237239e-07,-3.09214165e-07,Del,10.0,CrB,1,77276,,34.54617749058202,Del,4.612,4.582
77280,77516.0,141513.0,5881.0,,32Mu  Ser,,15.827002,-3.430208,52.0021,-98.07,-27.41,-9.0,3.54,-0.04,A0V,-0.036,-27.963131,-43.733196,-3.11142,-1.566e-05,2.141e-05,-6.35e-06,4.143499522753205,-0.0598684187650037,-4.754567765e-07,-1.32887429e-07,Mu,32.0,Ser,1,77280,,90.36494737223012,,,
77386,77622.0,141795.0,5892.0,GJ 3921,37Eps Ser,,15.846935,4.47773,21.5983,127.98,61.87,-9.1,3.71,2.038,A2m,0.147,-11.504554,-18.201236,1.686207,1.655e-05,1.11e-06,5.73e-06,4.148717865064799,0.07815113359946,6.204645484e-07,2.99954224e-07,Eps,37.0,Ser,1,77386,,13.32907464231338,,,
77398,77634.0,141556.0,5883.0,,5Chi Lup,,15.849316,-33.627165,59.8444,-5.92,-24.91,5.0,3.97,0.085,B9.5III-IV,-0.045,-26.597559,-42.137857,-33.141039,-1.59e-06,7e-07,-8.85e-06,4.149341270866514,-0.5869047537120112,-2.87009699e-08,-1.20767087e-07,Chi,5.0,Lup,1,77398,,80.53784411990665,,,
77399,77635.0,141637.0,5885.0,,1    Sco,,15.849652,-25.751295,151.7451,-13.64,-24.91,3.0,4.63,-1.276,B1.5Vn,-0.072,-72.942357,-115.583258,-65.928041,-5.71e-06,9.75e-06,-1.784e-05,4.149429072374873,-0.4494448907120112,-6.6128586e-08,-1.20767087e-07,,1.0,Sco,1,77399,,282.09799536634296,,,
77420,77655.0,142091.0,5901.0,,11Kap CrB,,15.85387,35.657382,30.4971,-8.07,-347.41,-24.0,4.79,2.369,K0III-IV,0.996,-13.201328,-20.969886,17.777763,-6.34e-06,-7.83e-06,-5.604e-05,4.15053349966094,0.6223387174519388,-3.9124464e-08,-1.684291207e-06,Kap,11.0,CrB,1,77420,,9.826525828295315,,,
77426,77661.0,141992.0,5899.0,,38Rho Ser,,15.85442,20.977919,114.9425,-54.7,17.99,-62.0,4.74,-0.562,K5III,1.534,-57.164285,-90.832595,41.150151,7.65e-06,6.938e-05,-1.334e-05,4.1506773885605215,0.3661337591573337,-2.651930833e-07,8.7217981e-08,Rho,38.0,Ser,1,77426,,146.15039720061645,,,
77524,77760.0,142373.0,5914.0,Gl 602,1Chi Her,,15.877903,42.451518,15.8932,438.97,629.52,-56.4,4.6,3.594,F9V,0.563,-6.184702,-9.962833,10.727031,6.845e-05,4.613e-05,-3.14e-06,4.156825255632868,0.7409187609919587,2.1281866135e-06,3.051999081e-06,Chi,1.0,Her,1,77524,,3.179801427691526,,,
77604,77840.0,142114.0,5904.0,,2    Sco,,15.893533,-25.327142,154.0832,-14.42,-25.4,-10.0,4.59,-1.349,B2.5Vn,-0.073,-72.9707,-118.626076,-65.914612,-8e-08,2.043e-05,-1.277e-05,4.160917288286339,-0.4420420154983975,-6.99101327e-08,-1.23142674e-07,,2.0,Sco,1,77604,,301.7171522601772,,,
77617,77853.0,142198.0,5908.0,,46The Lib,,15.897093,-16.729293,51.6529,100.12,135.27,3.0,4.13,0.565,K0III,1.003,-25.878383,-42.157652,-14.868305,1.473e-05,-2.393e-05,3.155e-05,4.161849255210249,-0.2919812526846812,4.85395457e-07,6.55807465e-07,The,46.0,Lib,1,77617,,51.76068319505679,,,
77716,77952.0,141891.0,5897.0,Gl 601A,Bet TrA,,15.919083,-63.430727,12.3778,-188.45,-401.92,0.4,2.83,2.367,F2III,0.315,-2.869157,-4.734869,-11.070637,1.41e-06,2.415e-05,-1.115e-05,4.167606126725416,-1.10707502492751,-9.13631381e-07,-1.948563144e-06,Bet,,TrA,1,77716,Gl 601,9.84464363980378,,,
77836,78072.0,142860.0,5933.0,Gl 603,41Gam Ser,,15.940882,15.661617,11.2537,311.2,-1282.17,6.6,3.85,3.594,F6V,0.478,-5.56255,-9.299226,3.038014,1.54e-06,-3.05e-05,-6.553e-05,4.173313184476521,0.2733467798137887,1.5087401739e-06,-6.216135567e-06,Gam,41.0,Ser,1,77836,,3.179801427691526,,,
77868,78104.0,142669.0,5928.0,,5Rho Sco,Iklil,15.948077,-29.214073,144.7178,-15.2,-25.1,3.3,3.87,-1.933,B2IV/V,-0.199,-64.636099,-108.519131,-70.633018,-6.27e-06,1.031e-05,-1.702e-05,4.175196831197805,-0.5098817647720387,-7.36916794e-08,-1.21688233e-07,Rho,5.0,Sco,1,77868,,516.6542425669502,,,
77923,78159.0,143107.0,5947.0,,13Eps CrB,,15.959794,26.87788,67.8887,-76.55,-60.24,-31.0,4.14,-0.019,K3III,1.231,-30.827626,-52.120195,30.691703,-1.185e-05,2.945e-05,-3.202e-05,4.178264208657367,0.4691074995470913,-3.711248725e-07,-2.92051761e-07,Eps,13.0,CrB,1,77923,,88.63392873279338,,,
77944,78180.0,143466.0,5960.0,,,,15.963196,54.749762,33.5796,-150.18,106.47,-11.0,4.96,2.33,F0IV,0.269,-9.851524,-16.689694,27.422336,-1.056e-05,3.021e-05,8.2e-07,4.179154912184627,0.9555636165848438,-7.280931855e-07,5.16181125e-07,,,Dra,1,77944,,10.185913880541165,CL,4.971,4.951
77971,78207.0,142983.0,5941.0,,48    Lib,,15.969825,-14.279358,143.472,-12.29,-16.77,-6.0,4.95,-0.834,B8Ia/Iab,-0.08,-70.468723,-119.858644,-35.387341,-2.9e-06,1.194e-05,-9.79e-06,4.180890337643488,-0.2492218204034725,-5.95836013e-08,-8.1303254e-08,,48.0,Lib,1,77971,,187.75866989193483,FX,4.976,4.926
78029,78265.0,143018.0,5944.0,,6Pi  Sco,Fang,15.980865,-26.114105,179.5332,-12.0,-25.71,-3.0,2.89,-3.381,B1V + B2V,-0.18,-81.301517,-139.203202,-79.023364,-2.66e-06,1.615e-05,-1.874e-05,4.183780643945635,-0.4557771176489737,-5.81776417e-08,-1.24645597e-07,Pi,6.0,Sco,1,78029,,1960.6496672266007,Pi,2.913,2.873
78087,78323.0,143009.0,5943.0,,,,15.991743,-41.744436,133.6898,-37.76,-16.51,-27.0,4.99,-0.64,G8III,0.988,-50.061036,-86.276885,-89.01174,-7.25e-06,3.626e-05,1.04e-05,4.1866284491756,-0.7285778533739575,-1.830656458e-07,-8.0042738e-08,,,Lup,1,78087,,157.03628043335516,,,
78148,78384.0,143118.0,5948.0,,Eta Lup,,16.002036,-38.396706,135.5014,-16.58,-27.06,8.0,3.42,-2.24,B2.5IV,-0.206,-53.049208,-91.997111,-84.160334,-7.12e-06,9.45e-06,-1.901e-05,4.189323310656553,-0.6701489499175838,-8.03821082e-08,-1.31190581e-07,Eta,,Lup,1,78148,,685.488226452662,,,
78165,78401.0,143275.0,5953.0,,7Del Sco,Dschubba,16.005557,-22.62171,150.6024,-8.67,-36.9,-7.0,2.29,-3.599,B0.2IV,-0.117,-69.332609,-120.492107,-57.928452,2.98e-06,1.787e-05,-2.211e-05,4.190245125208222,-0.39482331934217,-4.20333461e-08,-1.78896248e-07,Del,7.0,Sco,1,78165,,2396.624529408638,Del,2.299,2.279
78256,78493.0,143807.0,5971.0,,14Iot CrB,,16.024047,29.851061,95.6023,-38.2,-6.9,-19.0,4.98,0.078,A0p...,-0.05,-41.006057,-72.068531,47.585683,-7.84e-06,2.202e-05,-1.245e-05,4.195085626510273,0.5209993062937488,-1.85198826e-07,-3.3452143e-08,Iot,14.0,CrB,1,78256,,81.0587682464737,,,
78290,78527.0,144284.0,5986.0,Gl 609.1,13The Dra,,16.031532,58.565251,21.0349,-320.07,334.96,-7.7,4.01,2.395,F8IV-V,0.528,-5.406623,-9.545392,17.947647,-1.201e-05,4.502e-05,1.109e-05,4.197045390247461,1.02215646440416,-1.5517431474e-06,1.623931904e-06,The,13.0,Dra,1,78290,,9.594006315159328,,,
78316,78554.0,143894.0,5972.0,,44Pi  Ser,,16.038248,22.804454,54.8847,4.57,24.04,-28.0,4.82,1.123,A3V,0.066,-24.857149,-44.067053,21.272513,1.525e-05,2.455e-05,-5.2e-06,4.198803423864871,0.39801280280557,2.21559852e-08,1.16549208e-07,Pi,44.0,Ser,1,78316,,30.959932133091723,,,
78354,78592.0,144206.0,5982.0,,6Ups Her,,16.046634,46.036705,113.8952,56.01,-61.25,3.0,4.72,-0.563,B9III,-0.094,-38.693912,-68.950542,81.980038,1.401e-05,-3.822e-05,-2.127e-05,4.200999050011246,0.8034920757016837,2.715441425e-07,-2.96948379e-07,Ups,6.0,Her,1,78354,,146.28506869998537,,,
78400,78639.0,143546.0,5962.0,,Eta Nor,,16.053579,-49.229695,67.2948,41.18,10.39,-0.3,4.65,0.51,G8III,0.902,-21.436686,-38.362307,-50.964612,1.057e-05,-8.62e-06,2.45e-06,4.202817133904895,-0.8592202742437662,1.996462737e-07,5.0372141e-08,Eta,,Nor,1,78400,,54.450265284242114,,,
78411,78650.0,143787.0,5969.0,,,,16.05573,-25.86524,63.6537,-67.89,-37.57,-39.0,4.96,0.941,K3III,1.234,-27.911645,-50.01563,-27.769154,1.66e-06,4.597e-05,6.97e-06,4.203380232024933,-0.4514336027643663,-3.291400077e-07,-1.82144499e-07,,,Sco,1,78411,,36.610022854654304,,,
78416,78655.0,143699.0,5967.0,,,,16.05672,-38.602541,122.549,-17.68,-28.54,-2.0,4.9,-0.542,B6III/IV,-0.146,-46.648755,-83.642133,-76.460056,-3.24e-06,1.575e-05,-1.197e-05,4.203639477993236,-0.67374143170096,-8.57150587e-08,-1.38365824e-07,,,Lup,1,78416,,143.4828518232589,,,
78423,78662.0,143474.0,5961.0,,Iot1Nor,,16.058931,-57.775064,39.3856,-118.32,-78.34,-14.0,4.63,1.653,A7IV,0.252,-10.219274,-18.348137,-33.318582,-9.86e-06,2.872e-05,4.14e-06,4.2042183297239655,-1.0083650892765736,-5.736315468e-07,-3.79803037e-07,Iot-1,,Nor,1,78423,,19.00203002577232,,,
78580,78820.0,144217.0,5984.0,,8Bet1Sco,Acrab,16.09062,-19.805453,123.9157,-6.75,-24.89,-1.0,2.56,-2.906,B0.5V,-0.065,-55.881427,-102.320756,-41.98604,-6.7e-07,7.23e-06,-1.372e-05,4.21251438265692,-0.3456703698635937,-3.27249234e-08,-1.20670125e-07,Bet-1,8.0,Sco,1,78580,,1265.9017493002452,,,
78581,78821.0,144218.0,5985.0,,8Bet2Sco,Acrab B,16.09071,-19.80186,122.1001,-34.59,-7.47,-4.0,4.9,-0.534,B2V,-0.024,-55.06152,-100.825111,-41.363651,-1.541e-05,1.451e-05,-2.77e-06,4.212537952650794,-0.3456076548863337,-1.676970521e-07,-3.6215581e-08,Bet-2,8.0,Sco,1,78581,,142.42951649732905,,,
78673,78914.0,144197.0,5980.0,GJ 3938,Del Nor,,16.108176,-45.173185,37.5094,17.47,37.03,-15.5,4.73,1.859,Am,0.23,-12.567618,-23.26531,-26.603102,5.84e-06,4.12e-06,1.599e-05,4.217110623098312,-0.7884208131430812,8.469695e-08,1.79526505e-07,Del,,Nor,1,78673,,15.71809828203918,,,
78678,78918.0,144294.0,5987.0,,The Lup,,16.109874,-36.802288,127.0648,-15.84,-31.06,15.0,4.22,-1.3,B2.5Vn,-0.184,-48.315728,-89.537659,-76.118957,-8.98e-06,3.91e-06,-2.451e-05,4.217555193048239,-0.6423211046023788,-7.6794487e-08,-1.50583129e-07,The,,Lup,1,78678,,288.40315031266056,,,
78693,78933.0,144470.0,5993.0,,9Ome1Sco,,16.113452,-20.669192,144.5087,-10.55,-23.73,-3.0,3.93,-1.869,B1V,-0.046,-64.096463,-119.048882,-51.007488,-2.36e-06,1.12e-05,-1.447e-05,4.218491798456372,-0.3607454616550025,-5.11478433e-08,-1.15046286e-07,Ome-1,9.0,Sco,1,78693,,487.0796664925367,,,
78750,78990.0,144608.0,5997.0,,10Ome2Sco,,16.123424,-20.868764,89.1266,43.68,-45.3,-5.0,4.31,-0.44,G6/G8III,0.831,-39.288097,-73.429979,-31.749432,2.218e-05,1.46e-06,-1.647e-05,4.221102468957887,-0.3642286456802237,2.117666157e-07,-2.19620597e-07,Ome-2,10.0,Sco,1,78750,,130.61708881318404,,,
78804,79043.0,145001.0,6008.0,,7Kap Her,Marsic,16.134591,17.04698,112.7396,-34.29,-5.46,-11.0,5.0,-0.26,G8III,0.931,-50.571259,-95.186266,33.050231,-1.191e-05,1.752e-05,-6.15e-06,4.224025958377153,0.2975259313802725,-1.662426111e-07,-2.6470826e-08,Kap,7.0,Her,1,78804,,110.66237839776664,,,
78805,79045.0,145000.0,6009.0,,7Kap Her,Marsic B,16.13471,17.054382,645.1613,-20.63,-29.4,38.0,6.25,-2.798,K1III,1.14,-289.369888,-544.699215,189.212514,-8.706e-05,-2.636e-05,-7.651e-05,4.224057316850705,0.2976551098168075,-1.000170623e-07,-1.42535222e-07,Kap,7.0,Her,1,78805,,1146.040591136603,,,
78861,79101.0,145389.0,6023.0,,11Phi Her,,16.146162,44.934906,62.5391,-25.98,35.86,-16.0,4.23,0.249,B9MNp...,-0.045,-20.653027,-39.159373,44.171451,2.02e-06,2.071e-05,-3.86e-06,4.227055389897301,0.7842620572241188,-1.259545942e-07,1.73854185e-07,Phi,11.0,Her,1,78861,,69.24684643226364,,,
78879,79119.0,145328.0,6018.0,,16Tau CrB,,16.149529,36.490944,35.7782,-40.71,343.47,-19.0,4.73,1.962,K0III-IV,1.015,-13.395982,-25.453931,21.277041,1.753e-05,4.846e-05,3.634e-05,4.227936830033068,0.636887121408545,-1.973676494e-07,1.665189548e-06,Tau,16.0,CrB,1,78879,,14.295521400370353,,,
78979,79219.0,145457.0,,,,Kamuy,16.167754,26.74275,125.3133,-18.35,37.66,-4.6,6.57,1.08,K0III,1.037,-51.645678,-99.279411,56.389141,-3.2e-06,1.8e-05,1.831e-05,4.232708179571034,0.46674903358228,-8.89633104e-08,1.82580832e-07,,,CrB,1,78979,,32.210687912834345,,,
79134,79374.0,145502.0,6027.0,,14Nu  Sco,Jabbah,16.199926,-19.460708,145.3488,-9.7,-25.25,2.0,4.0,-1.812,B2IV,0.076,-62.219516,-122.106847,-48.424462,-4.27e-06,6.67e-06,-1.746e-05,4.241130792514388,-0.3396534321352225,-4.7026927e-08,-1.22415454e-07,Nu,14.0,Sco,1,79134,,462.1681360922447,,,
79135,79375.0,145570.0,6031.0,,15Psi Sco,,16.199997,-10.064253,47.7099,-21.92,-27.95,-6.0,4.93,1.537,A3IV,0.087,-21.326559,-41.855643,-8.337413,-1.26e-06,8.69e-06,-5.29e-06,4.241149260127361,-0.1756543526724512,-1.062711588e-07,-1.35505423e-07,Psi,15.0,Sco,1,79135,,21.144625616525904,,,
79164,79404.0,145482.0,6028.0,,13    Sco,,16.205057,-27.926372,146.8429,-10.31,-23.17,10.0,4.58,-1.254,B2V,-0.172,-58.749059,-115.679869,-68.771937,-7.14e-06,2.15e-06,-1.936e-05,4.242474032637459,-0.4874071378991287,-4.99842905e-08,-1.12331329e-07,,13.0,Sco,1,79164,,276.43943712203344,,,
79191,79431.0,,,,,Sharjah,16.211604,-18.875503,14.3968,24.12,-210.89,0.0,11.34,10.549,,1.486,-6.147626,-12.156552,-4.657551,3.65e-06,3.49e-06,-1.393e-05,4.2441879411992725,-0.3294396812062374,1.169370598e-07,-1.02242357e-06,,,Sco,1,79191,,0.0052529104845004,,11.396,11.286
79270,79509.0,145397.0,6024.0,,Kap Nor,,16.224648,-54.630467,131.2336,-5.33,-22.48,-14.0,4.95,-0.64,G4III,1.017,-34.049566,-67.905705,-107.012462,5.91e-06,1.935e-05,3.4e-06,4.24760279189502,-0.9534815286285064,-2.58405692e-08,-1.08986115e-07,Kap,,Nor,1,79270,,157.03628043335516,,,
79352,79593.0,146051.0,6056.0,,1Del Oph,Yed Prior,16.239094,-3.694323,52.4659,-45.83,-142.91,-20.0,2.73,-0.869,M1III,1.584,-23.290749,-46.890988,-3.380547,-3.2e-07,2.556e-05,-3.495e-05,4.251384941836539,-0.0644780984132624,-2.221901098e-07,-6.9284723e-07,Del,1.0,Oph,1,79352,,193.9099078614849,,,
79423,79664.0,145544.0,6030.0,,Del TrA,,16.257297,-63.685682,186.2197,3.51,-13.49,-5.0,3.86,-2.49,G5II,1.105,-36.369544,-74.106715,-166.92277,8.65e-06,1.044e-05,-8.1e-07,4.256150322898402,-1.111524831261944,1.70169602e-08,-6.5401365e-08,Del,,TrA,1,79423,,862.9785477669702,,,
79548,79790.0,146143.0,6058.0,,Gam1Nor,,16.283593,-50.068122,450.4505,-2.24,-3.96,-17.0,4.97,-3.298,F9Ia,0.788,-125.594972,-260.4305,-345.408995,3.32e-06,1.815e-05,7.78e-06,4.263034627976518,-0.8738535749879338,-1.08598264e-08,-1.9198621e-08,Gam-1,,Nor,1,79548,,1816.3519311765112,,,
79580,79822.0,148048.0,6116.0,GJ 3950A,21Eta UMi,,16.291791,75.75533,29.7354,-89.94,257.8,-9.5,4.95,2.584,F5V,0.393,-3.16421,-6.597182,28.821068,4.92e-06,4.024e-05,-2.7e-07,4.265180974637538,1.322179940184595,-4.360414243e-07,1.249849668e-06,Eta,21.0,UMi,1,79580,GJ 3950,8.061205638638908,,,
79639,79881.0,146624.0,6070.0,,,,16.304973,-28.61402,41.2882,-33.79,-100.59,-13.0,4.8,1.721,A0V:,0.008,-15.561451,-32.734844,-19.773139,3.04e-06,2.215e-05,-1.131e-05,4.268631822587752,-0.4994088681482087,-1.638185427e-07,-4.87674081e-07,,,Sco,1,79639,,17.848429164980065,,,
79640,79882.0,146791.0,6075.0,GJ 3949,2Eps Oph,Yed Posterior,16.305358,-4.692511,32.6371,82.39,40.08,-7.7,3.23,0.661,G8III,0.966,-13.962311,-29.378579,-2.669978,1.492e-05,1.02e-06,6.96e-06,4.2687327390824255,-0.0818997607584237,3.994379914e-07,1.94313323e-07,Eps,2.0,Oph,1,79640,,47.38053933388255,,,
79750,79992.0,147394.0,6092.0,,22Tau Her,,16.329011,46.313366,94.2507,-13.15,39.31,-14.0,3.91,-0.961,B5IV,-0.151,-27.579279,-58.969611,68.155258,4.25e-06,2.327e-05,2.05e-06,4.2749251221612585,0.8083207295772488,-6.3752999e-08,1.90580257e-07,Tau,22.0,Her,1,79750,,211.0571162884348,,,
79759,80000.0,146686.0,6072.0,GJ 9554,Gam2Nor,,16.330687,-50.155508,39.4789,-159.36,-52.84,-28.9,4.01,1.028,G8III,1.08,-10.705758,-22.916885,-30.311157,-1.633e-05,3.71e-05,1.621e-05,4.275363957758038,-0.875378745536045,-7.725990813e-07,-2.56175548e-07,Gam-2,,Nor,1,79759,,33.7909187437723,,,
79805,80047.0,145366.0,6020.0,,Del1Aps,,16.339119,-78.695745,233.6449,-9.91,-36.59,-12.0,4.68,-2.163,M5III,1.68,-19.292589,-41.537057,-229.112108,7.95e-06,4.377e-05,3.91e-06,4.277571409605938,-1.3734998561915936,-4.80450357e-08,-1.77393325e-07,Del-1,,Aps,1,79805,,638.5574850788397,Del-1,4.772,4.572
79834,80076.0,147506.0,,,,Hunor,16.343433,41.048084,114.4165,-10.64,-29.7,0.0,8.72,3.428,F8,0.463,-36.260076,-78.299814,75.136419,-9.9e-06,-7.34e-06,-1.242e-05,4.278700776638464,0.7164242110904487,-5.15841756e-08,-1.43989663e-07,,,Her,1,79834,,3.705100563019239,,,
79837,80079.0,147084.0,6081.0,,19Omi Sco,,16.343939,-24.16932,269.5418,-4.23,-14.71,-8.0,4.55,-2.603,A4II/III,0.758,-103.308338,-223.161079,-110.3597,1.43e-06,1.624e-05,-1.419e-05,4.278833256558337,-0.421834211015805,-2.05076187e-08,-7.1316092e-08,Omi,19.0,Sco,1,79837,,957.6349769692685,,,
79870,80112.0,147165.0,6084.0,,20Sig Sco,Alniyat,16.353143,-25.592796,213.6752,-10.03,-18.03,3.0,2.9,-3.749,B1III,0.299,-80.536239,-175.075401,-92.301792,-7.22e-06,9.16e-06,-1.817e-05,4.281242955515394,-0.4466785608541775,-4.86268122e-08,-8.7411906e-08,Sig,20.0,Sco,1,79870,,2751.693132808793,Sig,2.928,2.868
79928,80170.0,147547.0,6095.0,,20Gam Her,,16.365338,19.15313,59.0667,-47.44,44.61,-35.0,3.74,-0.117,A9III,0.299,-23.156213,-50.764845,19.379328,3.41e-06,4.021e-05,3.2e-07,4.284435404538413,0.3342851844095925,-2.299956101e-07,2.16275382e-07,Gam,20.0,Her,1,79928,,97.00631337839567,Gam,3.758,3.738
79938,80179.0,147449.0,6093.0,GJ 3952,50Sig Ser,,16.367875,1.029039,27.2702,-156.01,48.09,-45.5,4.82,2.642,F0V,0.338,-11.298928,-24.814028,0.489742,5.6e-07,5.099e-05,5.52e-06,4.285099575869048,0.0179601190353574,-7.56357823e-07,2.33146898e-07,Sig,50.0,Ser,1,79938,,7.641876239634676,,,
79939,80181.0,147677.0,6103.0,,19Xi  CrB,,16.368287,30.891996,56.243,-97.35,107.68,-29.0,4.86,1.11,K0III,0.97,-19.996134,-43.926804,28.876225,-7.37e-06,4.788e-05,9.97e-06,4.285207520296467,0.5391670409144962,-4.71966118e-07,5.22047371e-07,Xi,19.0,CrB,1,79939,,31.33285724315584,,,
80089,80331.0,148387.0,6132.0,Gl 624.1A,14Eta Dra,Athebyne,16.39986,61.514213,28.2326,-16.98,56.68,-13.7,2.73,0.476,G8III,0.91,-5.477258,-12.300885,24.814526,3.37e-06,1.328e-05,-8.62e-06,4.2934733706880746,1.0736255544334474,-8.2321363e-08,2.74792394e-07,Eta,14.0,Dra,1,80089,Gl 624.1,56.18236281342279,,,
80101,80343.0,147700.0,6104.0,,4Psi Oph,,16.401718,-20.037327,61.1621,-21.48,-47.53,0.6,4.48,0.548,K0III,0.996,-23.347455,-52.502771,-20.956111,-4.09e-06,6.47e-06,-1.345e-05,4.293959720792688,-0.3497173262794925,-1.041379786e-07,-2.30431942e-07,Psi,4.0,Oph,1,80101,,52.57750822566941,,,
80221,80463.0,148112.0,6117.0,,24Ome Her,Cujam,16.423598,14.03327,76.6871,39.39,-59.89,-6.0,4.57,0.146,B9p Cr,0.002,-29.840058,-68.151905,18.595479,1.364e-05,-5.37e-06,-2.309e-05,4.299687875970952,0.2449267583945112,1.909681088e-07,-2.90354913e-07,Ome,24.0,Her,1,80221,,76.13774324561511,Ome,4.588,4.558
80232,80473.0,147933.0,6112.0,,5Rho Oph,,16.426422,-23.447178,110.742,-5.61,-25.04,-10.0,4.57,-0.652,B2V,0.227,-40.680497,-93.09769,-44.064588,3.14e-06,1.471e-05,-8.26e-06,4.300427121017085,-0.4092304642267688,-2.71980475e-08,-1.21397345e-07,Rho,5.0,Oph,1,80232,,158.78153642056157,,,
80327,80569.0,148184.0,6118.0,,7Chi Oph,,16.450399,-18.456251,161.0306,-5.58,-22.22,-3.0,4.22,-1.815,B2Vne,0.217,-60.281719,-140.349876,-50.979132,-6.9e-07,9.44e-06,-1.548e-05,4.30670428128972,-0.3221223465989912,-2.70526034e-08,-1.07725599e-07,Chi,7.0,Oph,1,80327,,463.446919736288,Chi,4.333,4.183
80339,80582.0,147971.0,6115.0,,Eps Nor,,16.453067,-47.554786,162.6016,-13.72,-20.63,-12.0,4.46,-1.596,B4V,-0.07,-43.237191,-100.860395,-119.987381,-1.95e-06,2.29e-05,-1.92e-06,4.307402759981176,-0.8299875901492925,-6.6516437e-08,-1.00017062e-07,Eps,,Nor,1,80339,,378.7913037851569,,,
80385,80628.0,148367.0,6129.0,,3Ups Oph,,16.463385,-8.371731,40.95,-67.26,-12.6,-31.0,4.62,1.559,A3m,0.185,-15.861867,-37.279145,-5.962071,1.4e-07,3.443e-05,2.14e-06,4.310104231750287,-0.1461142725070762,-3.260856815e-07,-6.1086523e-08,Ups,3.0,Oph,1,80385,,20.72048897759003,,,
80406,80650.0,149212.0,6161.0,,15    Dra,,16.4664,68.768137,149.2537,-24.53,33.82,-7.0,4.94,-0.93,A0III,-0.051,-21.123039,-49.752839,139.122681,-6.41e-06,3.032e-05,2.19e-06,4.310893348408037,1.2002304116848777,-1.189247958e-07,1.63963986e-07,,15.0,Dra,1,80406,,205.11621788255647,,,
80442,80686.0,147584.0,6098.0,Gl 624,Zet TrA,,16.474422,-70.084401,12.1168,199.89,110.77,7.6,4.9,4.483,F9V,0.555,-1.604938,-3.802618,-11.392224,7.41e-06,-1.264e-05,-5.09e-06,4.312993488573079,-1.223203548004011,9.690940661e-07,5.37028113e-07,Zet,,TrA,1,80442,,1.4021678337057588,,,
80443,80687.0,148427.0,,,,Timir,16.474487,-13.39964,59.0319,-37.09,1.45,0.0,6.89,3.035,K0III/IV,0.95,-22.329431,-52.905718,-13.680158,-9.82e-06,4.04e-06,4e-07,4.313010513597801,-0.2338678374892674,-1.798173941e-07,7.029798e-09,,,Oph,1,80443,,5.321082592667941,,,
80460,80704.0,148783.0,6146.0,,30    Her,,16.477373,41.881677,108.5776,29.15,-5.51,3.0,4.83,-0.349,M6III:var,1.289,-31.377501,-74.500728,72.485826,1.25e-05,-9.85e-06,-1.1e-07,4.313766093577894,0.7309731632592112,1.413231879e-07,-2.6713233e-08,,30.0,Her,1,80460,,120.1157617937579,G,5.066,4.586
80519,80763.0,148478.0,6134.0,,21Alp Sco,Antares,16.490128,-26.432002,169.7793,-10.16,-23.21,-3.0,1.06,-5.089,M1Ib + B2.5V,1.865,-58.542602,-140.307591,-75.574766,-3.38e-06,1.36e-05,-1.574e-05,4.317105466000638,-0.4613254705959812,-4.92570699e-08,-1.12525255e-07,Alp,21.0,Sco,1,80519,,9453.660459579653,Alp,1.155,0.995
80570,80815.0,148605.0,6141.0,,22    Sco,,16.503466,-25.115224,126.7427,-3.42,-26.52,4.0,4.79,-0.725,B3V,-0.116,-43.820533,-106.064194,-53.794689,-7.2e-07,3.77e-06,-1.649e-05,4.320597165919506,-0.438343347010145,-1.65806279e-08,-1.28572588e-07,,22.0,Sco,1,80570,,169.82436524617444,,,
80571,80816.0,148856.0,6148.0,,27Bet Her,Kornephoros,16.503668,21.489613,42.6621,-98.43,-14.49,-26.0,2.78,-0.37,G8III,0.947,-15.155861,-36.689058,15.62843,-9.79e-06,2.963e-05,-1.253e-05,4.320650131481575,0.3750645053168575,-4.772021058e-07,-7.0249502e-08,Bet,27.0,Her,1,80571,,122.4616199265049,,,
80579,80824.0,,,Gl 628,,Wolf 1061,16.505017,-12.662594,4.2922,-93.61,-1184.9,-13.0,10.1,11.937,M4,1.604,-1.597477,-3.871023,-0.940865,5.21e-06,1.773e-05,-2.114e-05,4.321003264951744,-0.221003949876375,-4.538340864e-07,-5.7445573e-06,,,Oph,1,80579,,0.0014628506869998,V2306,10.143,10.063
80593,80838.0,149026.0,,,,Ogma,16.508231,38.34731,79.4281,-77.12,53.34,0.0,8.15,3.65,G0,0.611,-23.714339,-57.602097,49.279323,-2.261e-05,2.309e-05,1.611e-05,4.321844762477284,0.6692868107466488,-3.738883104e-07,2.58599617e-07,,,Her,1,80593,,3.019951720402016,,,
80637,80883.0,148857.0,6149.0,,10Lam Oph,Marfik,16.515229,1.983923,53.0786,-31.37,-73.0,-14.0,3.82,0.195,A2V,0.022,-20.104527,-49.089266,1.837527,-2.29e-06,1.57e-05,-1.927e-05,4.323676728247048,0.0346259902526225,-1.520860516e-07,-3.53913986e-07,Lam,10.0,Oph,1,80637,,72.77798045368239,,,
80648,80894.0,148786.0,6147.0,,8Phi Oph,,16.518991,-16.612733,74.6826,-44.57,-38.04,-34.0,4.29,-0.076,G8/K0III,0.924,-27.057672,-66.252771,-21.351768,-8.5e-07,4.059e-05,-3.26e-06,4.324661821287248,-0.289946880702335,-2.160814574e-07,-1.84423124e-07,Phi,8.0,Oph,1,80648,,93.41142557364785,,,
80665,80911.0,148703.0,6143.0,,,,16.523037,-34.704366,170.068,-11.51,-18.56,1.0,4.24,-1.913,B2III-IV,-0.168,-52.724123,-129.490726,-96.826889,-5.82e-06,1.087e-05,-1.316e-05,4.325721079732022,-0.6057054503374163,-5.58020546e-08,-8.9981419e-08,,,Sco,1,80665,,507.2242398926514,,,
80729,80975.0,148898.0,6153.0,,9Ome Oph,,16.535611,-21.46639,51.7063,20.21,36.23,3.0,4.45,0.882,Ap,0.13,-17.999307,-44.626441,-18.922208,2.39e-06,-7.63e-06,7.33e-06,4.329012741332392,-0.374659179080035,9.79808448e-08,1.75647996e-07,Ome,9.0,Oph,1,80729,,38.65449465982838,Ome,4.465,4.445
80762,81008.0,149161.0,6159.0,,29    Her,,16.543415,11.488041,107.6426,-178.38,-79.16,3.0,4.84,-0.32,K4III,1.495,-39.257539,-97.909002,21.438472,-9.058e-05,2.421e-05,-3.987e-05,4.331055927906871,0.2005041479380462,-8.648106434e-07,-3.83778509e-07,,29.0,Her,1,80762,,116.94993910198713,,,
80776,81022.0,149143.0,,,,Rosalíadecastro,16.547514,2.084832,62.0347,-10.06,-85.03,0.0,7.89,3.927,G0,0.68,-23.009677,-57.565318,2.256769,-3.15e-06,2.6e-07,-2.555e-05,4.332128982242758,0.03638717992562,-4.87722563e-08,-4.12237072e-07,,,Oph,1,80776,,2.3399145610550987,,,
80819,81065.0,147675.0,6102.0,Gl 626.1,Gam Aps,,16.557609,-78.897148,47.9157,-125.68,-77.59,5.4,3.86,0.458,K0IV SB,0.923,-3.402312,-8.577006,-47.018913,-2.101e-05,2.621e-05,-8.89e-06,4.334771780503956,-1.3770149964606724,-6.093138337e-07,-3.76166934e-07,Gam,,Aps,1,80819,,57.12155216230428,,,
80876,81122.0,149038.0,6155.0,,Mu  Nor,,16.568061,-44.045315,100000.0,0.52,-2.53,9.0,4.86,-15.14,B0Ia,0.045,-26319.328919,-66887.114646,-69522.707339,0.00054437,0.000695,-0.00088798,4.337508290059022,-0.7687357623256275,2.5210311e-09,-1.2265786e-08,Mu,,Nor,1,80876,,99083194.48927706,Mu,4.88,4.84
80880,81126.0,149630.0,6168.0,,35Sig Her,,16.568384,42.437041,96.5251,-9.03,59.8,-11.0,4.2,-0.723,B9Vvar,-0.013,-26.078761,-66.292176,65.133106,6.02e-06,2.684e-05,1.306e-05,4.337592896936591,0.740666088787575,-4.37786754e-08,2.8991858e-07,Sig,35.0,Her,1,80880,,169.51182515314002,,,
81020,81266.0,149438.0,6165.0,,23Tau Sco,Paikauhale,16.598043,-28.216016,145.3488,-8.59,-22.5,2.0,2.82,-2.992,B0V,-0.206,-45.960032,-119.546841,-68.7205,-3.61e-06,7.49e-06,-1.494e-05,4.3453574616019175,-0.4924623844769324,-4.16454952e-08,-1.09083078e-07,Tau,23.0,Sco,1,81020,,1370.2505971242451,,,
81058,81304.0,149447.0,6166.0,,,,16.606242,-35.255326,105.042,14.72,12.14,-2.0,4.18,-0.927,K5III,1.535,-30.608471,-80.128932,-60.632448,6.32e-06,-4.45e-06,6.23e-06,4.34750385944002,-0.615321517006675,7.13645738e-08,5.885638e-08,,,Sco,1,81058,,204.5502431109354,,,
81130,81377.0,149757.0,6175.0,,13Zet Oph,,16.619316,-10.56709,112.2334,13.07,25.44,-15.0,2.54,-2.711,O9.5V,0.038,-39.017319,-103.200447,-20.582092,1.109e-05,9.22e-06,1.642e-05,4.350926751445045,-0.18443051180475,6.3365148e-08,1.233366e-07,Zet,13.0,Oph,1,81130,,1057.791322499501,Zet,2.55,2.52
81249,81497.0,150450.0,6200.0,,42    Her,,16.645794,48.928342,127.0648,-48.1,26.81,-55.0,4.86,-0.66,M2.5III,1.562,-28.98069,-78.289781,95.792318,-1.063e-05,5.662e-05,-3.156e-05,4.357858784540422,0.8539606733122862,-2.331953803e-07,1.29978547e-07,,42.0,Her,1,81249,,159.95580286146696,,,
81411,81660.0,151101.0,6223.0,,18    Dra,,16.681978,64.589046,225.7336,-0.04,-16.18,0.3,4.84,-1.928,K1p,1.212,-32.76434,-91.154503,203.894615,-5.5e-06,-1.516e-05,-7.32e-06,4.367331518303152,1.1272915156250365,-1.939255e-10,-7.8442853e-08,,18.0,Dra,1,81411,,514.2804319487918,,,
81444,81693.0,150680.0,6212.0,Gl 635A,40Zet Her,,16.688113,31.602726,10.7158,-462.58,345.05,-70.4,2.81,2.66,F9IV,0.65,-3.073152,-8.593139,5.615032,1.18e-06,7.468e-05,-2.246e-05,4.368937793802669,0.5515716134340349,-2.2426511235e-06,1.672849604e-06,Zet,40.0,Her,1,81444,Gl 635,7.516228940182053,,,
81474,81724.0,150416.0,6196.0,GJ 9574,,,16.692884,-17.742167,126.4223,-21.66,-0.92,-22.1,4.91,-0.599,G8II/III,1.095,-40.404777,-113.427584,-38.525124,-5.22e-06,2.49e-05,6.35e-06,4.3701868951568725,-0.3096592270274937,-1.050106432e-07,-4.460285e-09,,,Oph,1,81474,,151.2167848791768,,,
81583,81833.0,150997.0,6220.0,,44Eta Her,,16.714933,38.922254,33.3111,35.58,-84.98,8.0,3.48,0.867,G8III-IV,0.916,-8.555377,-24.463195,20.928253,4.8e-07,-1.604e-05,-5.54e-06,4.375959256346191,0.6793214920466812,1.724967075e-07,-4.11994665e-07,Eta,44.0,Her,1,81583,,39.192232245497664,,,
81602,81852.0,149324.0,6163.0,,Bet Aps,,16.718126,-77.517435,48.1232,-282.83,-355.03,-30.0,4.23,0.818,K0III,1.06,-3.425923,-9.82102,-46.985394,-3.349e-05,0.00010435,1.205e-05,4.376795223012839,-1.3529344617975876,-1.3711985327e-06,-1.72123401e-06,Bet,,Aps,1,81602,,41.00152405066133,,,
81770,82020.0,151613.0,6237.0,GJ 9578,,,16.754946,56.781857,26.1097,26.31,69.96,-3.6,4.84,2.756,F2V,0.375,-4.580191,-13.550466,21.84311,6.17e-06,7.86e-06,1.77e-06,4.386434559101694,0.9910303627869376,1.275544794e-07,3.3917565e-07,,,Dra,1,81770,,6.880183161430378,,,
81830,82080.0,153751.0,6322.0,,22Eps UMi,,16.766159,82.037262,93.1966,19.54,4.67,-11.0,4.21,-0.637,G5IIIvar,0.897,-4.098102,-12.242736,92.297935,9.53e-06,6.6e-07,-1.085e-05,4.38937019191019,1.4318203301069825,9.47325932e-08,2.2640798e-08,Eps,22.0,UMi,1,81830,,156.60297206860486,Eps,4.253,4.203
82022,82273.0,150798.0,6217.0,,Alp TrA,Atria,16.811077,-69.027715,119.7605,17.85,-32.92,-3.0,1.91,-3.482,K2IIb-IIIa,1.447,-13.127447,-40.804561,-111.826781,1.567e-05,1.486e-05,-3.98e-06,4.401129586218367,-1.204760900505801,8.6539242e-08,-1.59600663e-07,Alp,,TrA,1,82022,,2151.7905703397573,,,
82070,82321.0,152107.0,6254.0,,52    Her,,16.820615,45.983323,55.2486,22.78,-51.37,-1.0,4.82,1.108,A2p...,0.087,-11.66607,-36.574998,39.731338,3.02e-06,-1.06e-05,-1.03e-05,4.403626602354869,0.8025603848231138,1.104405564e-07,-2.49048787e-07,,52.0,Her,1,82070,,31.39062769137658,V637,4.831,4.811
82112,82363.0,151249.0,6229.0,,Eta Ara,,16.82976,-59.041378,91.7431,39.59,-25.28,9.0,3.77,-1.043,K5III,1.562,-14.233672,-44.996851,-78.673358,1.827e-05,-6.3e-07,-1.368e-05,4.406020750455191,-1.0304664384078577,1.919377361e-07,-1.22560898e-07,Eta,,Ara,1,82112,,227.6145393141645,,,
82118,82369.0,151769.0,6243.0,,20    Oph,,16.830563,-10.783,31.9795,93.7,-81.94,-1.0,4.64,2.116,F7IV,0.478,-9.468343,-29.953991,-5.983039,1.487e-05,-1.15e-06,-1.229e-05,4.406231155866164,-0.1881988499928787,4.542704187e-07,-3.97256329e-07,,20.0,Oph,1,82118,,12.40509230042225,,,
82144,82396.0,151680.0,6241.0,,26Eps Sco,Larawag,16.83608,-34.293232,19.5351,-611.83,-255.87,-3.0,2.29,0.836,K2IIIb,1.144,-4.842163,-15.39568,-11.006616,-5.042e-05,3.282e-05,-1.829e-05,4.407675434439009,-0.598529803311685,-2.9662355417e-06,-1.240492764e-06,Eps,26.0,Sco,1,82144,,40.3273792976113,,,
82263,82514.0,151890.0,6247.0,,Mu 1Sco,Xamidimura,16.864509,-38.04738,153.6098,-8.84,-21.6,-25.0,3.0,-2.932,B1.5IV + B,-0.2,-35.43289,-115.66204,-94.671563,2.51e-06,3.066e-05,3.09e-06,4.415118219996618,-0.6640520452978562,-4.28575294e-08,-1.04719755e-07,Mu-1,,Sco,1,82263,,1296.5820353826284,Mu-1,3.206,2.946
82294,82545.0,151985.0,6252.0,,Mu 2Sco,Pipirima,16.872263,-38.017536,145.3488,-12.92,-23.8,1.0,3.56,-2.252,B2IV,-0.21,-33.31875,-109.554458,-89.520712,-5.94e-06,1.176e-05,-1.384e-05,4.4171480579181335,-0.6635311696244812,-6.26379275e-08,-1.15385655e-07,Mu-2,,Sco,1,82294,,693.1065451499361,,,
82399,82651.0,152581.0,,,,Mahsati,16.895439,11.973746,185.5288,11.29,-15.3,0.0,8.38,2.038,K0,0.9,-51.7543,-173.956642,38.490448,8.92e-06,-5.63e-06,-1.346e-05,4.423215716935315,0.2089812959556862,5.47354645e-08,-7.4176493e-08,,,Oph,1,82399,,13.32907464231338,,,
82419,82671.0,152236.0,6262.0,,Zet1Sco,,16.899924,-42.362025,787.4016,-0.48,-2.17,-26.0,4.7,-4.781,B1Iae,0.444,-165.254768,-557.850047,-530.561119,5.41e-06,2.471e-05,1.18e-05,4.424389793637826,-0.73935681205399,-2.3271057e-09,-1.0520456e-08,Zet-1,,Sco,1,82419,,7118.6886726228095,Zet-1,4.741,4.641
82421,82673.0,152614.0,6281.0,,25Iot Oph,,16.900131,10.165359,75.188,-53.75,-34.68,-21.0,4.39,0.009,B8V,-0.088,-21.016847,-70.960621,13.269872,-1.341e-05,2.369e-05,-1.623e-05,4.424443972860659,0.17741898483289,-2.605873533e-07,-1.68133384e-07,Iot,25.0,Oph,1,82421,,86.37737465291839,,,
82477,82729.0,152334.0,6271.0,,Zet2Sco,,16.909731,-42.361313,40.568,-126.55,-227.77,-19.0,3.62,0.579,K4III,1.393,-8.440449,-28.763155,-27.33475,-1.134e-05,4.975e-05,-2.001e-05,4.426957198597514,-0.73934438227605,-6.135317127e-07,-1.10426012e-06,Zet-2,,Sco,1,82477,,51.09754090546759,,,
82607,82860.0,153597.0,6315.0,Gl 648,19    Dra,,16.93375,65.134796,15.2579,238.05,50.84,-20.9,4.88,3.963,F6Vvar,0.481,-1.767632,-6.167324,13.843316,2.034e-05,7.07e-06,-1.781e-05,4.433245260365958,1.1368166396936563,1.1540989666e-06,2.46479275e-07,,19.0,Dra,1,82607,,2.2636016404497483,,,
82745,83000.0,153210.0,6299.0,,27Kap Oph,,16.961139,9.375033,28.0426,-293.03,-9.7,-56.0,3.19,0.951,K2IIIvar,1.16,-7.432411,-26.650562,4.567947,-2.325e-05,6.492e-05,-1.063e-05,4.440415745316629,0.1636251875143887,-1.4206495281e-06,-4.7026927e-08,Kap,27.0,Oph,1,82745,,36.27438014764577,Kap,3.199,3.189
82826,83081.0,152786.0,6285.0,GJ 9581,Zet Ara,,16.977006,-55.990141,149.0313,-18.31,-35.29,-6.0,3.12,-2.746,K5III,1.552,-22.05913,-80.386753,-123.53816,-6.26e-06,2.719e-05,-9.17e-06,4.444569660267883,-0.9772123050440364,-8.87693849e-08,-1.71090747e-07,Zet,,Ara,1,82826,,1092.4460532267929,,,
82898,83153.0,152980.0,6295.0,,Eps1Ara,,16.993069,-53.160438,110.6195,1.12,21.53,23.0,4.06,-1.159,K4III,1.452,-17.282386,-64.033737,-88.530893,-5.5e-06,-2.269e-05,-1.19e-05,4.44877497451174,-0.9278246686716312,5.4299132e-09,1.04380385e-07,Eps-1,,Ara,1,82898,,253.2794765689993,,,
82952,83207.0,153808.0,6324.0,,58Eps Her,,17.004827,30.926405,47.5285,-47.68,26.89,-25.0,3.92,0.535,A0V,-0.018,-10.50257,-39.395153,24.426522,-4.14e-06,2.71e-05,-7.83e-06,4.451853377357325,0.5397675857059825,-2.311591629e-07,1.30366398e-07,Eps,58.0,Her,1,82952,,53.21082592667942,,,
83007,83262.0,153687.0,6318.0,,30    Oph,,17.017667,-4.222644,124.2236,-40.28,-77.92,-7.0,4.82,-0.651,K4III,1.483,-31.510319,-119.812027,-9.146869,-2.076e-05,1.642e-05,-4.627e-05,4.455214855274183,-0.0736990344596662,-1.952829505e-07,-3.77766819e-07,,30.0,Oph,1,83007,,158.6353605478501,,,
83175,83430.0,154143.0,6337.0,,,,17.052186,14.091947,121.0654,25.96,-63.21,43.0,4.97,-0.445,M3III,1.6,-28.838773,-113.826006,29.476938,2.07e-06,-5.385e-05,-2.527e-05,4.464251961254275,0.2459508665561387,1.258576315e-07,-3.06450727e-07,,,Her,1,83175,,131.2199899019203,,,
83290,83547.0,153950.0,,,,Rapeto,17.075235,-43.30977,49.5295,111.41,-141.49,30.7,7.39,3.916,G2IV-V,0.565,-8.640486,-34.989554,-33.974575,2.608e-05,-5.97e-06,-4.626e-05,4.4702861511455625,-0.755898081175165,5.401309215e-07,-6.85962876e-07,,,Sco,1,83290,,2.3637416081162934,,,
83317,83574.0,154090.0,6334.0,,,,17.080376,-34.12293,100000.0,1.98,-3.2,4.0,4.83,-15.17,B2Iab,0.257,-19738.749294,-80395.923411,-56097.034524,0.00113885,0.00061296,-0.00128649,4.47163187299397,-0.5955574817478237,9.5993109e-09,-1.5514037e-08,,,Sco,1,83317,,101859138.8054119,V1073,4.869,4.809
83351,83608.0,154905.0,6369.0,GJ 9584B,21Mu  Dra,,17.088929,54.470042,27.4348,-66.0,73.86,-16.5,4.91,2.718,F5,0.471,-3.766782,-15.491692,22.326644,-4.32e-06,1.937e-05,-8.02e-06,4.473871099200995,0.95068158522961,-3.199770292e-07,3.58083384e-07,Mu,21.0,Dra,2,119127,GJ 9584,7.125248247522669,,,
83358,83613.0,154494.0,6355.0,,60    Her,,17.089636,12.740828,40.8664,50.63,-11.02,-4.0,4.89,1.833,A4IV,0.125,-9.410291,-38.733409,9.01272,1.058e-05,1.04e-06,-3.03e-06,4.474056245785206,0.2223693955184137,2.454611665e-07,-5.3426467e-08,,60.0,Her,1,83358,,16.099040762157053,,,
83638,83895.0,155763.0,6396.0,,22Zet Dra,Aldhibah,17.146448,65.714683,100.7049,-20.76,19.15,-17.0,3.17,-1.845,B6III,-0.12,-9.178442,-40.388128,91.793254,-6.41e-06,1.753e-05,-1.2e-05,4.488929593335949,1.1469375883659163,-1.006473201e-07,9.2841819e-08,Zet,22.0,Dra,1,83638,,476.4309868054156,,,
83755,84012.0,155125.0,6378.0,Gl 656.1A,35Eta Oph,Sabik,17.172968,-15.72491,27.0929,41.16,97.65,-2.4,2.43,0.266,A2.5Va,0.059,-5.602493,-25.470005,-7.342684,5.04e-06,-2.25e-06,1.301e-05,4.495872618056471,-0.2744514575701087,1.995493109e-07,4.73420559e-07,Eta,35.0,Oph,1,83755,Gl 656.1,68.17105263058534,,,
83885,84143.0,155203.0,6380.0,Gl 657,Eta Sco,,17.202552,-43.239189,22.5276,22.01,-287.41,-27.0,3.32,1.556,F3p,0.441,-3.401345,-16.05484,-15.432267,1.098e-05,4.022e-05,-3.95e-06,4.503617687690547,-0.7546662122762413,1.067074911e-07,-1.393402999e-06,Eta,,Sco,1,83885,,20.77782097504266,,,
84086,84345.0,156014.0,6406.0,,64Alp1Her,Rasalgethi,17.244127,14.390333,110.2536,-6.71,32.78,-33.0,2.78,-2.432,M5IIvar,1.164,-20.995512,-104.709944,27.400863,3.77e-06,3.703e-05,8.58e-06,4.514501981353768,0.251158687566835,-3.2530998e-08,1.58921924e-07,Alp-1,64.0,Her,1,84086,,818.0879579457477,Alp,2.967,2.567
84121,84379.0,156164.0,6410.0,GJ 3995A,65Del Her,Sarin,17.250531,24.839204,23.0362,-21.14,-157.68,-40.0,3.12,1.308,A3IVv SB,0.08,-4.075476,-20.503689,9.676738,3.48e-06,2.962e-05,-3.316e-05,4.516178466215894,0.4335258950256537,-1.024896121e-07,-7.64454211e-07,Del,65.0,Her,1,84121,GJ 3995,26.109586865859324,,,
84122,84380.0,156283.0,6418.0,,67Pi  Her,,17.250788,36.809162,115.4734,-27.35,2.7,-26.0,3.16,-2.152,K3IIvar,1.437,-18.017787,-90.679203,69.185936,-1.069e-05,2.475e-05,-1.472e-05,4.516245841780261,0.6424410675372287,-1.325965416e-07,1.3089969e-08,Pi,67.0,Her,1,84122,,632.1206820052686,,,
84147,84405.0,155885.0,6401.0,Gl 663A,36    Oph,Guniibuu,17.255836,-26.602829,5.9333,-473.69,-1143.93,0.9,4.33,5.464,K2:III:,0.855,-1.027046,-5.204798,-2.656955,-1.067e-05,1.628e-05,-2.983e-05,4.51756739350317,-0.4643069618799312,-2.2965139234e-06,-5.545929135e-06,,36.0,Oph,1,84147,Gl 663,0.5680675741067719,,,
84256,84514.0,156266.0,6415.0,,41    Oph,,17.276857,-0.445297,63.0915,-33.09,-63.92,-2.0,4.72,0.72,K2III,1.119,-11.872792,-61.962339,-0.490336,-9.53e-06,4.06e-06,-1.953e-05,4.523070658282589,-0.00777190356291,-1.604248469e-07,-3.09892904e-07,,41.0,Oph,1,84256,,44.87453899331323,,,
84315,84573.0,156633.0,6431.0,,68    Her,,17.288769,33.1001,204.0816,-3.68,-5.74,-21.0,4.8,-1.749,B1.5Vp,-0.166,-31.649594,-168.007506,111.449558,-8.2e-07,1.531e-05,-1.649e-05,4.526189129889995,0.5777057305023313,-1.78411434e-08,-2.7828305e-08,,68.0,Her,1,84315,,436.1139713930648,U,5.13,4.76
84348,84606.0,156729.0,6436.0,,69    Her,,17.294517,37.291498,53.7924,-42.74,63.76,-10.0,4.64,0.986,A2V,0.043,-7.859219,-42.067341,32.591167,-7.61e-06,1.995e-05,7.03e-06,4.527693937918039,0.6508594257755175,-2.072093671e-07,3.09117202e-07,,69.0,Her,1,84348,,35.12367904656808,,,
84529,84787.0,156411.0,,,,Inquill,17.330947,-48.549319,54.7945,-35.37,-209.84,0.0,6.67,2.976,G1Vw...,0.614,-6.321012,-35.717587,-41.069892,-1.97e-06,4.278e-05,-3.69e-05,4.537231345562261,-0.8473454636639862,-1.714785988e-07,-1.017333027e-06,,,Ara,1,84529,,5.618236281342277,,,
84622,84880.0,156928.0,6446.0,,53Nu  Ser,,17.347128,-12.846875,62.3053,42.75,2.72,5.0,4.32,0.347,A0/A1V,0.037,-10.332265,-59.860544,-13.853358,1.184e-05,-7.29e-06,-3.4e-07,4.541467460506174,-0.224220273614345,2.072578484e-07,1.3186932e-08,Nu,53.0,Ser,1,84622,,63.27031548665012,,,
84636,84893.0,156897.0,6445.0,Gl 670A,40Xi  Oph,,17.350101,-21.112933,17.3551,262.01,-204.74,-8.8,4.39,3.193,F2/F3V,0.394,-2.741337,-15.956245,-6.251407,2.42e-05,1.066e-05,-1.283e-05,4.542245778777839,-0.3684901883158787,1.2702603244e-06,-9.92607529e-07,Xi,40.0,Oph,1,84636,Gl 670,4.600446663934779,,,
84710,84969.0,156277.0,6417.0,,Zet Aps,,17.366531,-67.770668,91.1577,-37.1,-7.78,13.0,4.76,-0.039,K1III,1.194,-5.693181,-34.013168,-84.382697,-1.647e-05,8.8e-07,-1.361e-05,4.546547288173589,-1.18282130003691,-1.798658755e-07,-3.7718504e-08,Zet,,Aps,1,84710,,90.28175649662565,,,
84711,84970.0,157056.0,6453.0,,42The Oph,,17.366827,-24.999545,133.6898,-8.84,-23.64,-2.0,3.27,-2.36,B2IV,-0.186,-19.992891,-119.503681,-56.498782,-4.28e-06,9.16e-06,-1.302e-05,4.5466247959966175,-0.4363243778370975,-4.28575294e-08,-1.14609954e-07,The,42.0,Oph,1,84711,,765.5966069112561,The,3.287,3.257
84853,85112.0,157778.0,6484.0,,75Rho Her,,17.394708,37.145946,120.6273,-38.58,9.19,-19.0,4.15,-1.257,B9.5III,-0.011,-15.173056,-94.947155,72.840377,-1.932e-05,2.206e-05,-7.45e-06,4.553924011390218,0.6483190658507988,-1.87041118e-07,4.4554377e-08,Rho,75.0,Her,1,84853,,277.20432375777017,,,
84999,85258.0,157244.0,6461.0,,Bet Ara,,17.421665,-55.529884,198.0198,-8.23,-24.71,-0.4,2.84,-3.644,K3Ib-II,1.479,-16.904234,-110.792345,-163.251778,-4.83e-06,2.075e-05,-1.309e-05,4.560981106873549,-0.969179308227775,-3.99001659e-08,-1.1979746e-07,Bet,,Ara,1,84999,,2498.04351871415,,,
85008,85267.0,157246.0,6462.0,,Gam Ara,,17.423239,-56.377727,341.2969,-0.77,-15.85,-3.0,3.31,-4.356,B1Ib,-0.15,-28.42707,-186.83103,-284.199972,2.28e-06,2.346e-05,-1.197e-05,4.561393223335678,-0.98397695537597,-3.7330653e-09,-7.6842968e-08,Gam,,Ara,1,85008,,4812.824218676023,,,
85081,85340.0,157792.0,6486.0,Gl 673.1,44    Oph,,17.439504,-24.175309,25.4972,-1.97,-117.69,-37.2,4.16,2.128,A3IV:m,0.283,-3.40098,-23.010733,-10.441731,5.7e-06,4.026e-05,2.31e-06,4.565651596430242,-0.421938747550675,-9.5508295e-09,-5.7057722e-07,,44.0,Oph,1,85081,,12.2687410463834,,,
85096,85355.0,157999.0,6498.0,,49Sig Oph,,17.441911,4.14036,276.2431,1.25,7.09,-27.0,4.34,-2.866,K3IIvar,1.48,-40.112693,-272.586309,19.944743,5.77e-06,2.768e-05,7.48e-06,4.5662816690264965,0.0722629067662787,6.060171e-09,3.4373289e-08,Sig,49.0,Oph,1,85096,,1220.1128470319304,,,
85106,85365.0,157950.0,6493.0,,,,17.443856,-5.086596,30.0752,-91.53,-42.75,0.4,4.53,2.139,F3V,0.385,-4.346256,-29.639799,-2.666506,-1.318e-05,2.08e-06,-6.24e-06,4.566790818187834,-0.08877784350617,-4.437499618e-07,-2.07257848e-07,,,Oph,1,85106,,12.145069377157784,,,
85164,85423.0,157919.0,6492.0,,45    Oph,,17.455909,-29.867033,34.2114,14.38,-137.41,37.0,4.28,1.609,F3III,0.402,-4.211689,-29.367376,-17.037061,-6.9e-07,-2.159e-05,-3.861e-05,4.569946284016814,-0.5212780690966825,6.97162073e-08,-6.66182478e-07,,45.0,Oph,1,85164,,19.787913352337373,,,
85410,85670.0,159181.0,6536.0,,23Bet Dra,Rastaban,17.507213,52.301387,116.5501,-15.59,11.57,-20.0,2.79,-2.543,G2II,0.954,-9.169333,-70.678899,92.218765,-6.46e-06,1.867e-05,-1.219e-05,4.583377711653538,0.9128314068132424,-7.55824528e-08,5.6092942e-08,Bet,23.0,Dra,1,85410,,906.149802231998,,,
85433,85693.0,158899.0,6526.0,,76Lam Her,Maasym,17.512308,26.110645,113.2503,18.39,16.78,-26.0,4.41,-0.86,K3IIIvar,1.434,-12.948576,-100.86468,49.842035,1.357e-05,2.642e-05,-3.43e-06,4.584711502125813,0.4557167288276812,8.91572359e-08,8.1351735e-08,Lam,76.0,Her,1,85433,,192.30917289101595,,,
85436,85696.0,158408.0,6508.0,,34Ups Sco,Lesath,17.512732,-37.295811,176.6784,-4.19,-29.14,8.0,2.7,-3.536,B2IV,-0.179,-17.880984,-139.40881,-107.054828,-2.46e-06,9e-06,-2.481e-05,4.584822594255185,-0.6509346981536775,-2.03136932e-08,-1.41274706e-07,Ups,34.0,Sco,1,85436,,2261.517746108362,,,
85467,85727.0,158094.0,6500.0,,Del Ara,,17.518318,-60.683848,60.6796,-53.65,-99.37,10.0,3.6,-0.315,B8V,-0.104,-3.736759,-29.474564,-52.908519,-1.308e-05,2.23e-05,-2.323e-05,4.586284984102778,-1.0591329523943476,-2.601025396e-07,-4.81759354e-07,Del,,Ara,1,85467,,116.41260294104907,,,
85494,85755.0,158643.0,6519.0,,51    Oph,,17.523598,-23.962643,124.3781,4.91,-25.9,-12.0,4.78,-0.694,A0V,0.016,-14.138881,-112.775053,-50.514993,5.12e-06,1.705e-05,-9.29e-06,4.587667289288078,-0.4182270227090012,2.38043517e-08,-1.25566743e-07,,51.0,Oph,1,85494,,165.0440985652279,,,
85530,85792.0,158427.0,6510.0,,Alp Ara,,17.530695,-49.876145,81.9672,-31.27,-67.15,0.0,2.84,-1.728,B2Vne,-0.136,-6.473763,-52.424912,-62.676478,-9.83e-06,2.177e-05,-1.72e-05,4.589525310489168,-0.8705029435833775,-1.516012379e-07,-3.25552386e-07,Alp,,Ara,1,85530,,427.7598314820376,Alp,2.874,2.794
85557,85819.0,159541.0,6554.0,,24Nu 1Dra,,17.536251,55.184243,30.248,148.53,54.24,-15.0,4.89,2.487,Am...,0.251,-2.091471,-17.142584,24.833263,2.347e-05,1.254e-05,-8.05e-06,4.590979842820398,0.963146726925725,7.200937597e-07,2.6296294e-07,Nu-1,24.0,Dra,1,85557,,8.814547044472212,,,
85560,85822.0,166205.0,6789.0,,23Del UMi,Yildun,17.536918,86.58646,52.7704,10.54,53.97,-8.0,4.35,0.738,A1Vn,0.021,-0.379972,-3.119005,52.676703,4.4e-06,1.384e-05,-7.35e-06,4.591154283119417,1.511218819472001,5.10993619e-08,2.61653943e-07,Del,23.0,UMi,1,85560,,44.136714346343965,,,
85567,85829.0,159560.0,6555.0,,25Nu 2Dra,,17.537767,55.172958,30.4878,143.71,62.46,-16.0,4.86,2.439,Am,0.279,-2.101791,-17.284211,25.026701,2.313e-05,1.424e-05,-8.16e-06,4.591376775350228,0.96294978362796,6.967257403e-07,3.02814624e-07,Nu-2,25.0,Dra,1,85567,,9.212977276685557,,,
85665,85927.0,158926.0,6527.0,,35Lam Sco,Shaula,17.560145,-37.103821,175.1313,-8.9,-29.95,-3.0,1.62,-4.597,B1.5IV+...,-0.231,-16.048583,-138.749793,-105.649898,-5.46e-06,1.854e-05,-1.843e-05,4.597235152451346,-0.6475838425148488,-4.31484176e-08,-1.45201697e-07,Lam,35.0,Sco,1,85665,,6008.9695048348585,Lam,1.656,1.596
85769,86032.0,159561.0,6556.0,Gl 681,55Alp Oph,Rasalhague,17.582241,12.560035,14.8965,110.08,-222.61,12.6,2.08,1.215,A5III,0.155,-1.587067,-14.453242,3.239454,6.15e-06,-1.685e-05,-1.289e-05,4.603020022725371,0.2192139606173275,5.336828996e-07,-1.079243734e-06,Alp,55.0,Oph,1,85769,,28.444611074479155,,,
85829,86092.0,159217.0,6537.0,,1Sig Ara,,17.594332,-46.505684,116.0093,-25.13,-38.32,4.0,4.56,-0.762,A0V,-0.02,-8.464162,-79.397322,-84.158121,-1.269e-05,1.424e-05,-1.78e-05,4.606185444955318,-0.8116773035802675,-1.218336779e-07,-1.85780602e-07,Sig,1.0,Ara,1,85829,,175.7114246595095,,,
85907,86170.0,159433.0,6546.0,,,,17.609121,-38.635308,50.8388,-18.47,-182.29,-49.0,4.26,0.729,G8/K0III/IV,1.075,-4.056689,-39.503921,-31.741494,2.34e-06,6.731e-05,-3.8e-06,4.6100571174804905,-0.6743133359600074,-8.95450868e-08,-8.83766858e-07,,,Sco,1,85907,,44.5040976649537,,,
85939,86201.0,160922.0,6596.0,GJ 4017,28Ome Dra,,17.615859,68.75797,23.1642,1.34,321.05,-14.4,4.77,2.946,F5V,0.43,-0.842597,-8.350132,21.590264,4.06e-06,3.873e-05,-6.6e-07,4.611820971844404,1.2000529553253088,6.4965033e-09,1.556494321e-06,Ome,28.0,Dra,1,85939,,5.7756384639453335,,,
85965,86228.0,159532.0,6553.0,,The Sco,Sargas,17.62198,-42.997824,92.081,6.06,-0.95,1.0,1.86,-2.961,F1II,0.406,-6.654055,-67.016643,-62.796539,2.65e-06,-7.2e-07,-1.01e-06,4.613423665072454,-0.7504535963001288,2.9379709e-08,-4.605729e-09,The,,Sco,1,85965,,1331.6803762699813,,,
85998,86263.0,159876.0,6561.0,,55Xi  Ser,,17.626445,-15.398557,32.2789,-39.3,-61.27,-43.0,3.54,0.995,F0IIIp,0.262,-3.038557,-30.971085,-8.570974,-1.73e-06,4.533e-05,2.43e-06,4.614592525846956,-0.2687555231467425,-1.905317765e-07,-2.97045342e-07,Xi,55.0,Ser,1,85998,,34.833731503601165,,,
86019,86284.0,159975.0,6567.0,,57Mu  Oph,,17.630754,-8.118771,231.4815,-11.7,-20.38,-19.0,4.58,-2.243,B8II-IIIMNp,0.132,-22.118191,-228.091396,-32.691082,-1.09e-05,2.363e-05,-1.99e-05,4.615720491671994,-0.141699280543995,-5.67232006e-08,-9.8805028e-08,Mu,57.0,Oph,1,86019,,687.3849195903234,,,
86148,86414.0,160762.0,6588.0,,85Iot Her,,17.657747,46.006332,139.47,-7.17,3.97,-20.0,3.82,-1.902,B3V SB,-0.179,-8.66837,-96.48418,100.3369,-3.38e-06,1.651e-05,-1.285e-05,4.622787277840017,0.8029619654121513,-3.47611409e-08,1.9247103e-08,Iot,85.0,Her,1,86148,,502.1113054699537,Iot,3.831,3.811
86219,86486.0,160032.0,6569.0,Gl 686.2,Lam Ara,,17.673276,-49.415587,21.45,104.28,-177.67,3.7,4.76,3.103,F3IV,0.415,-1.192144,-13.903682,-16.290191,1.179e-05,1.06e-05,-1.489e-05,4.626852796682428,-0.8624646869740775,5.055637061e-07,-8.61368466e-07,Lam,,Ara,1,86219,,4.998043135782391,,,
86298,86565.0,160613.0,6581.0,,56Omi Ser,,17.690243,-12.875307,53.1067,-72.16,-55.22,-30.0,4.24,0.614,A2Va,0.086,-4.193749,-51.601055,-11.833705,-1.584e-05,3.447e-05,-7.02e-06,4.631294751886421,-0.2247164964984975,-3.498415519e-07,-2.67714114e-07,Omi,56.0,Ser,1,86298,,49.47661736816762,Omi,4.254,4.234
86347,86614.0,162003.0,6636.0,Gl 694.1A,31Psi1Dra,Dziban,17.698978,72.148843,22.8363,26.6,-269.77,-13.7,4.57,2.777,F5IV-V,0.434,-0.551088,-6.978598,21.736754,1.04e-06,-2.429e-05,-2.249e-05,4.6335817274038416,1.2592348680336725,1.28960439e-07,-1.307881866e-06,Psi-1,31.0,Dra,1,86347,Gl 694.1,6.748387308707568,,,
86353,86620.0,162004.0,6637.0,Gl 694.1B,31Psi1Dra,Dziban B,17.699461,72.156911,23.0627,34.97,-273.61,-10.9,5.81,3.995,G0V,0.53,-0.555414,-7.044781,21.953273,1.88e-06,-2.593e-05,-1.998e-05,4.633707989469261,1.259375671136279,1.695393441e-07,-1.326498711e-06,Psi-1,31.0,Dra,2,86347,Gl 694.1,2.197859872784824,,,
86403,86670.0,160578.0,6580.0,,Kap Sco,,17.708132,-39.029983,148.1481,-6.49,-25.55,-14.0,2.39,-3.463,B1.5III,-0.171,-8.785101,-114.747994,-93.292778,-2.92e-06,2.297e-05,-5.24e-06,4.635978167686431,-0.6812017098615812,-3.14644079e-08,-1.23869895e-07,Kap,,Sco,1,86403,,2114.462561652589,Kap,2.404,2.384
86469,86736.0,160915.0,6595.0,Gl 692,58    Oph,,17.723833,-21.683194,17.6523,-97.93,-44.57,10.2,4.86,3.626,F6/F7V,0.469,-1.184939,-16.360471,-6.522104,-8.96e-06,-7.66e-06,-7.4e-06,4.640088550692173,-0.3784431267127487,-4.747780374e-07,-2.16081457e-07,,58.0,Oph,1,86469,,3.087450475587446,,,
86475,86742.0,161096.0,6603.0,,60Bet Oph,Cebalrai,17.724543,4.567303,25.0941,-40.67,158.8,-12.0,2.76,0.762,K2III,1.168,-1.802333,-24.949291,1.998237,-3.94e-06,1.409e-05,1.828e-05,4.640274382729916,0.079714471486085,-1.971737239e-07,7.69884124e-07,Bet,60.0,Oph,1,86475,,43.17178444709226,,,
86515,86782.0,161693.0,6618.0,,,Alruba,17.733103,53.801715,163.3987,13.32,-16.35,-2.0,5.75,-0.316,A2V,0.017,-6.737285,-96.264768,131.85914,9.88e-06,-9.96e-06,-9.3e-06,4.642515503050344,0.939017069413435,6.45771823e-08,-7.9267036e-08,,,Dra,1,86515,,116.5198723025,,,
86529,86796.0,160691.0,6585.0,Gl 691,Mu  Ara,Cervantes,17.735752,-51.834053,15.5111,-15.06,-191.17,-9.0,5.12,4.167,G5V,0.694,-0.662558,-9.561971,-12.19514,4e-08,1.703e-05,-1.65e-06,4.643209088136773,-0.9046748876602388,-7.30129403e-08,-9.26818313e-07,Mu,,Ara,1,86529,,1.8758581737992832,,,
86661,86929.0,160635.0,6582.0,,Eta Pav,,17.762221,-64.723871,107.9914,-11.08,-56.37,-8.0,3.61,-1.557,K1III,1.161,-2.868557,-46.020948,-97.652295,-3.91e-06,3.048e-05,-5.2e-06,4.650138602973136,-1.1296446602828714,-5.37173558e-08,-2.73289471e-07,Eta,,Pav,1,86661,,365.4264677506526,,,
86705,86974.0,161797.0,6623.0,Gl 695A,86Mu  Her,,17.774319,27.720676,8.3105,-291.42,-750.0,-16.7,3.42,3.822,G5IV,0.75,-0.434406,-7.3437,3.865655,-1.166e-05,1.75e-06,-3.469e-05,4.653305863614756,0.483817070102215,-1.4128440279e-06,-3.636102604e-06,Mu,86.0,Her,1,86705,Gl 695,2.5775078699705363,,,
86803,87072.0,161592.0,6616.0,,3    Sgr,,17.792674,-27.830788,302.1148,-3.62,-10.67,-13.0,4.53,-2.871,F7II,0.6,-14.494275,-266.775691,-141.045839,-4.26e-06,1.931e-05,-7.61e-06,4.658111048435266,-0.4857388916341663,-1.75502552e-08,-5.1729619e-08,,3.0,Sgr,1,86803,,1225.744632049806,X,4.843,4.233
86804,87073.0,161471.0,6615.0,,Iot1Sco,,17.793078,-40.126997,591.716,0.44,-6.4,-28.0,2.99,-5.871,F3Ia,0.509,-24.497404,-451.772701,-381.351324,3.09e-06,3.361e-05,4.42e-06,4.658216963665328,-0.7003482244956563,2.1331802e-09,-3.1028075e-08,Iot-1,,Sco,1,86804,,19426.743230314907,,,
86839,87108.0,161868.0,6629.0,,62Gam Oph,,17.798211,2.707276,31.5159,-23.15,-75.12,-7.0,3.75,1.257,A0V,0.043,-1.662293,-31.436744,1.488597,-3.18e-06,6.79e-06,-1.18e-05,4.659560805949289,0.047250882319685,-1.12234367e-07,-3.64192036e-07,Gam,62.0,Oph,1,86839,,27.365286541924664,,,
86950,87220.0,161840.0,6628.0,,,,17.819577,-31.703203,170.6485,4.22,-7.89,-13.0,4.79,-1.371,B8Ib/II,-0.028,-6.855199,-145.022595,-89.679005,4.18e-06,1.456e-05,1.43e-06,4.665154237017451,-0.5533252837032412,2.04591373e-08,-3.8251799e-08,,,Sco,1,86950,,307.8931309741613,,,
86991,87261.0,161892.0,6630.0,,,Fuyue,17.830965,-37.043304,38.5802,42.09,27.77,25.0,3.19,0.258,K0/K1III,1.192,-1.362278,-30.763993,-23.24156,6.82e-06,-2.386e-05,-1.126e-05,4.668135843508184,-0.6465276119633587,2.040580781e-07,1.34632759e-07,,,Sco,1,86991,,68.67521061488183,,,
87024,87294.0,161912.0,6631.0,,Iot2Sco,,17.83642,-40.090435,781.25,3.63,-2.73,-10.0,4.78,-4.684,A6Ib,0.259,-25.587827,-597.130794,-503.121757,1.436e-05,1.388e-05,-1.32e-06,4.669563837988945,-0.6997100858098637,1.75987366e-08,-1.3235413e-08,Iot-2,,Sco,1,87024,,6510.284984348607,,,
87314,87585.0,163588.0,6688.0,,32Xi  Dra,Grumium,17.892134,56.872643,34.5066,93.65,78.44,-26.0,3.73,1.04,K2III,1.177,-0.532395,-18.850278,28.897629,1.638e-05,2.507e-05,-1.51e-05,4.684149845745104,0.9926148695186964,4.540280118e-07,3.80287851e-07,Xi,32.0,Dra,1,87314,,33.419504002611426,,,
87537,87808.0,163770.0,6695.0,,91The Her,,17.93755,37.250539,230.9469,2.74,7.24,-27.0,3.86,-2.958,K1IIvar,1.35,-3.005409,-183.808118,139.792353,3.51e-06,2.683e-05,-1.026e-05,4.69603961123408,0.6501445551294626,1.32838948e-08,3.510051e-08,The,91.0,Her,1,87537,,1328.0058862437309,,,
87561,87833.0,164058.0,6705.0,,33Gam Dra,Eltanin,17.943437,51.488895,47.3037,-8.52,-23.05,-28.0,2.24,-1.134,K5III,1.521,-0.436154,-29.451035,37.014357,-1.75e-06,1.372e-05,-2.57e-05,4.697580791571401,0.8986507441914112,-4.13061256e-08,-1.11749553e-07,Gam,33.0,Dra,1,87561,,247.5141318074314,,,
87574,87846.0,163145.0,6675.0,,,,17.946507,-44.342246,88.8889,-3.19,-19.5,45.0,4.85,0.106,K2III,1.176,-0.890266,-63.565402,-62.128538,-1.75e-06,-2.702e-05,-3.818e-05,4.698384435676381,-0.7739181912133363,-1.54655564e-08,-9.4538667e-08,,,Sco,1,87574,,78.99507213358163,,,
87661,87933.0,163993.0,6703.0,,92Xi  Her,,17.962744,29.24788,41.9463,82.33,-18.73,-2.0,3.7,0.587,K0III,0.935,-0.356945,-36.596981,20.49449,1.674e-05,-2.4e-07,-4.32e-06,4.702635394537153,0.5104717994509825,3.991471032e-07,-9.0805602e-08,Xi,92.0,Her,1,87661,,50.72242398926514,,,
87664,87936.0,163376.0,6682.0,,,,17.963279,-41.716295,138.5042,-1.71,-15.14,4.0,4.88,-0.827,M0III,1.617,-0.993888,-103.381565,-92.166629,-1.11e-06,3.72e-06,-1.031e-05,4.7027755214597535,-0.7280867022569212,-8.2903139e-09,-7.3400791e-08,,,Sco,1,87664,,186.5520389100596,,,
87665,87937.0,,,Gl 699,,Barnard's Star,17.963472,4.693388,1.8238,-797.84,9999.99,-111.0,9.54,13.235,sdM4,1.57,-0.017373,-1.816613,0.149123,-5.91e-06,0.0001204,7.888e-05,4.702826031672147,0.0819150787324337,-3.8680374689e-06,5.0066369421e-05,,,Oph,1,87665,,0.0004425883723626,V2500,9.59,9.49
87726,87998.0,164136.0,6707.0,,94Nu  Her,,17.975041,30.189277,263.8522,-0.48,3.23,-22.0,4.41,-2.697,F2II,0.38,-1.490198,-228.060606,132.680139,-4.7e-07,2.153e-05,-7.74e-06,4.705854857637826,0.5269022770204588,-2.3271057e-09,1.5659481e-08,Nu,94.0,Her,1,87726,,1044.2392185431747,Nu,4.422,4.402
87775,88048.0,163917.0,6698.0,,64Nu  Oph,,17.983775,-9.773632,46.2107,-10.31,-116.12,13.0,3.32,-0.004,K0III,0.987,-0.193436,-45.539708,-7.844563,-2.35e-06,-8.68e-06,-2.789e-05,4.708141391637458,-0.1705820569493937,-4.99842905e-08,-5.62965645e-07,Nu,64.0,Oph,1,87775,,87.41782564005277,,,
87788,88060.0,163755.0,6693.0,,,,17.9848,-30.253025,310.559,2.51,-8.3,-20.0,5.0,-2.461,K5/M0III,1.654,-1.067485,-268.261352,-156.465615,3.87e-06,2.395e-05,-4.9e-07,4.708409711477205,-0.5280148930959313,1.21688234e-08,-4.0239535e-08,,,Sgr,1,87788,,840.2335139076923,,,
87844,88116.0,163955.0,6700.0,,4    Sgr,,17.996543,-23.816133,127.3885,-5.4,-50.3,-18.0,4.74,-0.786,B9V,-0.03,-0.105488,-116.540665,-51.439783,-3.31e-06,2.939e-05,-2.098e-05,4.711483843925536,-0.4156699437862087,-2.61799387e-08,-2.43861281e-07,,4.0,Sgr,1,87844,,179.63873990638913,,,
87856,88128.0,164349.0,6713.0,,93    Her,,18.000949,16.750919,205.7613,-7.53,-10.61,-24.0,4.67,-1.897,K0II-III,1.254,0.048945,-197.029965,59.302737,-7.52e-06,2.045e-05,-1.721e-05,4.712637411568386,0.2923586889111037,-3.65064701e-08,-5.1438731e-08,,93.0,Her,1,87856,,499.8043135782396,,,
87877,88149.0,164284.0,6712.0,,66    Oph,,18.004388,4.368615,199.6008,1.78,-12.95,-13.0,4.79,-1.711,B2Ve,-0.1,0.228655,-199.020638,15.204156,1.71e-06,1.23e-05,-1.351e-05,4.7135378805097305,0.0762467196455037,8.6296835e-09,-6.2783371e-08,,66.0,Oph,1,87877,,421.1143104363183,V2048,4.827,4.657
87902,88175.0,164259.0,6710.0,Gl 699.2,57Zet Ser,,18.008058,-3.690269,23.5516,154.17,-44.43,-42.9,4.62,2.76,F3V,0.39,0.049583,-23.502332,-1.515823,1.751e-05,4.415e-05,-2.24e-06,4.714498667075949,-0.0644073457737825,7.474372513e-07,-2.15402718e-07,Zet,57.0,Ser,1,87902,,6.854882264526615,,,
87920,88192.0,164353.0,6714.0,,67    Oph,,18.010754,2.931568,377.3585,0.41,-8.22,-4.0,3.93,-3.954,B5Ib,0.029,1.061054,-376.863133,19.299314,7.4e-07,3.32e-06,-1.523e-05,4.715204463392691,0.051165506297765,1.9877361e-09,-3.9851684e-08,,67.0,Oph,1,87920,,3323.533035774778,,,
87994,88267.0,164668.0,6729.0,,95    Her,,18.025113,21.595782,127.8772,7.55,38.79,-31.0,4.26,-1.274,G5,0.406,0.78172,-118.897851,47.065883,4.43e-06,3.836e-05,1.069e-05,4.718963580280038,0.3769175065182275,3.66034329e-08,1.88059226e-07,,95.0,Her,1,87994,,281.5788299710311,,,
88018,88290.0,164577.0,6723.0,,68    Oph,,18.029222,1.305076,89.6861,15.43,-13.61,6.0,4.42,-0.344,A2Vn,0.046,0.685936,-89.660264,2.042683,6.76e-06,-6.22e-06,-5.78e-06,4.72003922655907,0.0227778776475162,7.48067509e-08,-6.5983141e-08,,68.0,Oph,1,88018,,119.56387999881213,,,
88131,88404.0,164764.0,6733.0,Gl 700.1B,69Tau Oph,,18.051367,-8.180349,51.3347,15.11,-37.61,-35.1,4.77,1.218,F5V+...,0.41,0.683287,-50.807469,-7.304342,3.26e-06,3.691e-05,-4.16e-06,4.725836702984287,-0.1427740274612187,7.32553471e-08,-1.82338425e-07,Tau,69.0,Oph,2,119195,Gl 700.1,28.366124193125145,,,
88141,88414.0,164604.0,,,,Pincoya,18.051927,-28.560643,41.0678,-32.48,-38.34,0.0,9.62,6.552,K2,1.396,0.490331,-36.066992,-19.63405,-6.52e-06,3.56e-06,-6.7e-06,4.72598334915952,-0.4984772624286937,-1.574674834e-07,-1.85877565e-07,,,Sgr,1,88141,,0.2085451047693168,,,
88293,88567.0,164975.0,6742.0,,Gam1Sgr,,18.083674,-29.580087,266.6667,4.03,-4.61,-28.0,4.66,-2.47,G0Ib/II,0.774,5.079766,-231.855248,-131.637134,4.6e-06,2.795e-05,8.95e-06,4.7342946649574245,-0.5162699175617125,1.95379913e-08,-2.234991e-08,Gam-1,,Sgr,1,88293,,847.2274141405964,W,5.03,4.3
88327,88601.0,165341.0,6752.0,Gl 702A,70    Oph,,18.090913,2.500099,5.0834,124.56,-962.66,-6.9,4.03,5.499,K0V SB,0.86,0.120862,-5.077062,0.221741,2.93e-06,6.09e-06,-2.401e-05,4.736189845984304,0.0436349668104512,6.038839205e-07,-4.667107377e-06,,70.0,Oph,1,88327,Gl 702,0.5500472528676338,V2391,4.05,4.02
88361,88635.0,165135.0,6746.0,,10Gam2Sgr,Alnasl,18.096803,-30.424091,29.7,-55.75,-181.53,22.0,2.98,0.616,K0III,0.981,0.648969,-25.602281,-15.040072,-7.87e-06,-6.37e-06,-3.393e-05,4.737732034018264,-0.5310005637198976,-2.702836269e-07,-8.80082274e-07,Gam-2,10.0,Sgr,1,88361,,49.38556196176077,,,
88382,88657.0,165625.0,6765.0,,98    Her,,18.100528,22.218879,226.2443,-13.33,-5.26,-20.0,4.96,-1.813,M3IIIa+...,1.656,5.511553,-209.372067,85.553275,-1.506e-05,1.636e-05,-1.308e-05,4.738707151525443,0.3877925988645087,-6.46256636e-08,-2.5501199e-08,,98.0,Her,1,88382,,462.5940047661603,,,
88439,88714.0,165024.0,6743.0,,The Ara,,18.11052,-50.091477,249.3766,-8.43,-9.26,3.0,3.65,-3.334,B2Ib,-0.101,4.628533,-159.924037,-191.28926,-1.038e-05,6.32e-06,-9.54e-06,4.741323177389309,-0.8742612018202776,-4.08697933e-08,-4.4893746e-08,The,,Ara,1,88439,,1877.5866989193505,,,
88451,88726.0,165189.0,6749.0,,,,18.113858,-43.425216,41.841,9.49,-104.72,-6.0,4.92,1.812,A5V,0.255,0.905675,-30.374417,-28.761768,1.36e-06,1.911e-05,-1.121e-05,4.74219702057716,-0.7579130003477526,4.60088183e-08,-5.07696886e-07,,,CrA,1,88451,,16.4134546670214,,,
88488,88765.0,165760.0,6770.0,,71    Oph,,18.121767,8.733867,83.612,9.79,30.24,-3.0,4.64,0.029,G8III-IV,0.951,2.634065,-82.600446,12.696067,3.81e-06,5.02e-06,1.165e-05,4.744267415303519,0.1524347368169987,4.74632593e-08,1.46607657e-07,,71.0,Oph,1,88488,,84.80080988896916,,,
88494,88771.0,165777.0,6771.0,GJ 9615A,72    Oph,,18.122496,9.563847,26.6312,-61.6,79.71,-23.9,3.71,1.583,A4IVs,0.159,0.842022,-26.247342,4.424647,-8.78e-06,2.554e-05,6.09e-06,4.744458288854262,0.16692062239361,-2.986452272e-07,3.86444984e-07,,72.0,Oph,1,88494,GJ 9615,20.26749152098965,,,
88512,88788.0,166208.0,6791.0,,,,18.12465,43.461891,125.6281,1.94,-58.0,-16.0,5.0,-0.495,G8III...,0.913,2.975131,-91.136249,86.415949,1.59e-06,-1.238e-05,-3.689e-05,4.745022232297122,0.7585531045705775,9.4053854e-09,-2.81191934e-07,,,Her,1,88512,,137.4041975012515,,,
88517,88794.0,166014.0,6779.0,,103Omi Her,,18.125708,28.762488,103.6269,-0.17,7.51,-30.0,3.84,-1.237,B9.5V,-0.018,2.989087,-90.792184,49.863048,-1.03e-06,2.869e-05,-1.146e-05,4.745299385788396,0.5020001245831863,-8.241833e-10,3.6409507e-08,Omi,103.0,Her,1,88517,,272.14477464543666,Omi,3.852,3.832
88562,88839.0,165634.0,6766.0,,,,18.134716,-28.457093,103.9501,24.77,-31.59,-5.0,4.55,-0.534,K0IIICNpvar,0.938,3.222545,-91.333373,-49.532254,1.205e-05,1.251e-05,-1.156e-05,4.7476575287730505,-0.4966699680856087,1.200883487e-07,-1.53152641e-07,,,Sgr,1,88562,,142.42951649732905,,,
88589,88866.0,165040.0,6745.0,,Pi  Pav,,18.143,-63.668553,39.8565,17.45,-207.64,-16.0,4.33,1.328,Am,0.228,0.66171,-17.666424,-35.720985,1.75e-06,4.331e-05,-3.13e-06,4.749826359249889,-1.1112258803373525,8.45999873e-08,-1.006667126e-06,Pi,,Pav,1,88589,,25.63303319865898,,,
88610,88886.0,166182.0,6787.0,,102    Her,,18.14597,20.814557,280.8989,-2.71,-6.2,-15.0,4.37,-2.873,B2IV,-0.164,10.031459,-262.374329,99.815819,-4.12e-06,1.119e-05,-1.334e-05,4.750603761038556,0.36328254998858,-1.31384507e-08,-3.0058448e-08,,102.0,Her,1,88610,,1228.004617988788,,,
88835,89112.0,166063.0,6783.0,,Eps Tel,,18.187157,-45.954418,128.2051,-16.28,-37.26,-26.0,4.52,-1.02,G5III,1.009,4.365484,-89.024955,-92.151983,-1.183e-05,3.459e-05,3.01e-06,4.761386673382912,-0.8020558916137988,-7.89276672e-08,-1.80641577e-07,Eps,,Tel,1,88835,,222.8435149270303,,,
88876,89153.0,166464.0,6801.0,,11    Sgr,,18.19537,-23.701235,78.4929,7.82,-27.75,4.0,4.96,0.486,K0III,1.055,3.674512,-71.778373,-31.55161,2.95e-06,6.5e-07,-1.131e-05,4.7635367597337614,-0.413664590188215,3.79124298e-08,-1.34535796e-07,,1.0,Sgr,1,88876,,55.6672798150948,,,
88895,89172.0,167006.0,6815.0,,104    Her,,18.198377,31.40535,166.9449,-14.46,25.21,-0.3,4.96,-1.153,M3III,1.643,7.396773,-142.29571,86.993204,-1.225e-05,1.027e-05,1.725e-05,4.764324039589491,0.5481267534383699,-7.01040582e-08,1.22221528e-07,,104.0,Her,1,88895,,251.883662784174,V669,5.006,4.906
89064,89341.0,166937.0,6812.0,,13Mu  Sgr,Polis,18.229392,-21.058834,100000.0,1.72,-1.39,-6.0,3.84,-16.16,B2III:,0.195,5600.996443,-93152.961403,-35932.639895,0.00081743,0.00029745,-0.00062662,4.77244354896446,-0.3675459839654625,8.3387953e-09,-6.73891e-09,Mu,13.0,Sgr,1,89064,,253512863.0497907,Mu,3.928,3.808
89071,89348.0,168151.0,6850.0,Gl 708.1,36    Dra,,18.231545,64.397287,22.92,351.62,36.05,-36.1,4.99,3.189,F5V,0.44,0.600206,-9.886041,20.669241,3.781e-05,2.19e-05,-3.156e-05,4.773007430141306,1.123944685284146,1.7047018636e-06,1.74775331e-07,,36.0,Dra,1,89071,,4.617426594772954,,,
89364,89642.0,167618.0,6832.0,,Eta Sgr,,18.293793,-36.761686,44.7427,-129.27,-166.61,1.0,3.1,-0.154,M2III,1.582,2.754228,-35.738834,-26.777975,-2.955e-05,1.859e-05,-2.956e-05,4.789303727211857,-0.6416124577956388,-6.267186449e-07,-8.07748073e-07,Eta,,Sgr,1,89364,,100.36909309200966,Eta,3.119,3.069
89400,89678.0,167818.0,6842.0,,,,18.300886,-27.042641,233.6449,4.48,-2.76,-17.0,4.66,-2.183,K3III,1.629,16.375476,-207.454698,-106.227399,3.73e-06,1.725e-05,5.12e-06,4.791160815046963,-0.4719831270824987,2.17196529e-08,-1.3380857e-08,,,Sgr,1,89400,,650.4291550788015,,,
89548,89826.0,168775.0,6872.0,,1Kap Lyr,,18.331031,36.064547,77.1605,-16.14,41.32,-22.0,4.33,-0.107,K2IIIvar,1.162,5.398691,-62.138782,45.423984,-8.38e-06,2.666e-05,-7.5e-07,4.799052699321879,0.6294450938438549,-7.8248928e-08,2.00325012e-07,Kap,1.0,Lyr,1,89548,,96.11695415159312,,,
89583,89861.0,168720.0,6868.0,,106    Her,,18.338309,21.961297,120.1923,17.51,-59.29,-33.0,4.92,-0.479,M1III,1.594,9.859953,-111.033545,44.949429,8.54e-06,1.921e-05,-4.466e-05,4.80095816479516,0.3832969358472287,8.48908755e-08,-2.87446031e-07,,106.0,Her,1,89583,,135.39418114050747,,,
89630,89908.0,170000.0,6920.0,,43Phi Dra,,18.345955,71.337814,92.8505,-5.91,35.79,-16.0,4.22,-0.619,A0p (Si),-0.093,2.687254,-29.589204,87.96844,-4.5e-06,2.017e-05,-1.035e-05,4.802959761290725,1.24507973925464,-2.86524885e-08,1.73514816e-07,Phi,43.0,Dra,1,89630,,154.02811480716133,Phi,4.23,4.2
89640,89918.0,168656.0,6866.0,,74    Oph,,18.347795,3.377165,79.8722,1.71,8.45,5.0,4.85,0.338,G8III,0.911,7.249918,-79.403247,4.705156,1.11e-06,-4.83e-06,3.57e-06,4.803441572540247,0.058942651459115,8.2903139e-09,4.0966756e-08,,74.0,Oph,1,89640,,63.7969622662579,,,
89653,89931.0,168454.0,6859.0,,19Del Sgr,Kaus Media,18.3499,-29.828103,106.6098,29.96,-26.38,-20.0,2.72,-2.419,K3III,1.38,8.460232,-92.098382,-53.027575,1.318e-05,2.584e-05,-1.65e-06,4.803992512939064,-0.5205986100711699,1.452501787e-07,-1.27893848e-07,Del,19.0,Sgr,1,89653,,808.3510373900685,,,
89660,89937.0,170153.0,6927.0,Gl 713A,44Chi Dra,,18.350736,72.732843,8.0574,531.08,-351.59,32.0,3.55,4.019,F7Vvar,0.489,0.219434,-2.381656,7.694536,2.275e-05,-2.083e-05,2.718e-05,4.804211383049329,1.2694275841313336,2.5747484947e-06,-1.704556419e-06,Chi,44.0,Dra,1,89660,Gl 713,2.1498096103893576,,,
89684,89962.0,168723.0,6869.0,Gl 711,58Eta Ser,,18.355167,-2.898825,18.5426,-547.57,-700.72,6.9,3.23,1.889,K0III-IV,0.941,1.719456,-18.438938,-0.937748,-4.865e-05,-8.42e-06,-6.326e-05,4.805371473425132,-0.0505940423811925,-2.6546942706e-06,-3.397186422e-06,Eta,58.0,Ser,1,89684,,15.289736466907096,,,
89726,90004.0,168746.0,,,,Alasia,18.363829,-11.922683,42.735,-22.13,-69.23,0.0,7.95,4.796,G5,0.713,3.976682,-41.623556,-8.82869,-4.85e-06,2.51e-06,-1.403e-05,4.807639114218909,-0.2080900788194712,-1.072892675e-07,-3.35636511e-07,,,Ser,1,89726,,1.0509934271862162,,,
89819,90098.0,168339.0,6855.0,,Xi  Pav,,18.387117,-61.493901,143.6782,0.53,1.7,12.0,4.35,-1.437,M1III SB,1.462,6.937554,-68.218953,-126.259656,1.07e-06,-6.82e-06,-1.022e-05,4.813735943483235,-1.07327103888397,2.5695125e-09,8.241832e-09,Xi,,Pav,1,89819,,327.1899836231792,,,
89856,90135.0,169156.0,6884.0,,Zet Sct,,18.394329,-8.934383,63.3714,51.89,52.29,-6.0,4.66,0.651,K0III,0.932,6.451297,-62.269156,-9.841775,1.549e-05,5.19e-06,1.682e-05,4.815624041235915,-0.1559344047956112,2.515698188e-07,2.53509073e-07,Zet,,Sct,1,89856,,47.81894606659081,,,
89860,90139.0,169414.0,6895.0,,109    Her,,18.394967,21.769752,36.4697,195.54,-242.92,-58.0,3.85,1.04,K2III,1.168,3.495833,-33.687362,13.525603,3.034e-05,4.252e-05,-6.188e-05,4.815791066040871,0.37995385004282,9.48004671e-07,-1.177709392e-06,,109.0,Her,1,89860,,33.419504002611426,,,
89877,90156.0,170073.0,6923.0,,39    Dra,,18.398507,58.800736,56.4653,-37.64,62.08,-15.0,4.98,1.221,A3V,0.082,3.046033,-29.090824,48.29866,-1.259e-05,2.129e-05,-4.32e-06,4.816717991266143,1.0262664455079051,-1.824838694e-07,3.00972332e-07,,39.0,Dra,1,89877,,28.287853879701316,,,
89906,90185.0,169022.0,6879.0,,20Eps Sgr,Kaus Australis,18.402868,-34.384616,43.9367,-39.61,-124.05,-15.0,1.79,-1.424,B9.5III,-0.031,3.817188,-36.057831,-24.812975,-1.129e-05,2.654e-05,-1.314e-05,4.817859452696385,-0.6001247623494875,-1.920346989e-07,-6.0141137e-07,Eps,20.0,Sgr,1,89906,,323.2957533680941,,,
90010,90289.0,169420.0,6896.0,,21    Sgr,,18.422511,-20.541679,125.7862,8.26,-28.72,-12.0,4.81,-0.688,A1/A2V,1.31,13.002383,-117.068408,-44.136913,3.06e-06,1.809e-05,-1.209e-05,4.823002150399088,-0.3585199313367787,4.004561e-08,-1.39238489e-07,,21.0,Sgr,1,90010,,164.13454667021404,,,
90065,90344.0,170693.0,6945.0,,42    Dra,Fafnir,18.433069,65.56348,96.5251,106.52,-27.07,32.0,4.82,-0.103,K2III,1.179,4.51784,-39.674686,87.878659,5.236e-05,-1.927e-05,2.456e-05,4.82576629170591,1.1442986016581989,5.164235325e-07,-1.31239063e-07,,42.0,Dra,1,90065,,95.76349769692683,,,
90143,90422.0,169467.0,6897.0,,Alp Tel,,18.449561,-45.968459,85.1789,-16.68,-53.33,-0.2,3.49,-1.162,B3IV,-0.179,6.951907,-58.794382,-61.23999,-8.72e-06,1.506e-05,-1.516e-05,4.830083836414433,-0.8023009573224312,-8.08669219e-08,-2.58551135e-07,Alp,,Tel,1,90143,,253.9802813772816,,,
90217,90496.0,169916.0,6913.0,Gl 713.1,22Lam Sgr,Kaus Borealis,18.466179,-25.4217,23.9693,-44.81,-186.29,-43.2,2.82,0.922,K1IIIb,1.025,2.635486,-21.487046,-10.289309,-1.116e-05,4.82e-05,-5.8e-07,4.83443427510616,-0.4436923676447937,-2.172450103e-07,-9.03159405e-07,Lam,22.0,Sgr,1,90217,,37.25632384666037,,,
90288,90568.0,169767.0,6905.0,,Zet Tel,,18.480505,-49.070588,38.6997,137.9,-229.14,-31.0,4.1,1.161,G8/K0III,0.995,3.180986,-25.152757,-29.238082,1.899e-05,5.607e-05,-4.21e-06,4.838184772883073,-0.8564433233930863,6.685580655e-07,-1.110902067e-06,Zet,,Tel,1,90288,,29.89509927814587,,,
90315,90595.0,170296.0,6930.0,,Gam Sct,,18.486626,-14.565813,97.9432,3.07,-3.48,-41.0,4.67,-0.285,A1IV/V,0.076,12.044075,-94.026655,-24.631831,-3.76e-06,4.085e-05,8.95e-06,4.839787370233075,-0.254221401625765,1.488378e-08,-1.6871516e-08,Gam,,Sct,1,90315,,113.24003632355566,,,
90515,90797.0,169978.0,6916.0,,Nu  Pav,,18.522896,-62.278302,134.5895,-0.96,-45.59,59.0,4.63,-1.015,B8III,-0.116,8.543936,-62.022507,-119.141451,-3.8e-07,-1.81e-06,-6.725e-05,4.849282854275651,-1.086961419982365,-4.6542113e-09,-2.21026556e-07,Nu,,Pav,1,90515,,221.81964198002197,Nu,4.642,4.602
90548,90830.0,170465.0,6934.0,,Del1Tel,,18.529287,-45.914814,216.9197,-3.77,-28.8,7.0,4.92,-1.761,B6IV,-0.101,20.84525,-149.470411,-155.81481,-6.24e-06,1.606e-05,-2.621e-05,4.850956034072087,-0.801364671730475,-1.82774758e-08,-1.3962634e-07,Del-1,,Tel,1,90548,,440.96081645063776,,,
90623,90905.0,171635.0,6978.0,,45    Dra,,18.542923,57.045599,649.3506,0.32,-7.09,-12.0,4.77,-4.292,F7Ib,0.611,50.037861,-349.665988,544.872436,2.7e-06,-1.179e-05,-2.244e-05,4.854525857574783,0.9956335252337212,1.5514038e-09,-3.4373289e-08,,45.0,Dra,1,90623,,4537.326169379414,,,
90700,90982.0,170845.0,6951.0,,The CrA,,18.558383,-42.31251,170.9402,32.48,-21.03,-2.0,4.62,-1.544,G5III,0.994,18.41312,-125.059291,-115.072484,2.47e-05,1.702e-05,-1.151e-05,4.85857331884048,-0.7384926101177738,1.574674834e-07,-1.01956317e-07,The,,CrA,1,90700,,361.0771451003532,,,
90835,91117.0,171443.0,6973.0,,Alp Sct,,18.586785,-8.244073,61.0501,-18.98,-314.63,36.0,3.85,-0.078,K2III,1.317,9.245186,-59.708018,-8.754035,-2.02e-06,-2.367e-05,-9.743e-05,4.86600898384568,-0.1438862159812262,-9.20176366e-08,-1.525369283e-06,Alp,,Sct,1,90835,,93.58365435835302,,,
90979,91262.0,172167.0,7001.0,Gl 721,3Alp Lyr,Vega,18.61564,38.783692,7.6787,201.02,287.46,-12.1,0.03,0.604,A0Vvar,-0.001,0.960565,-5.908009,4.809731,4.76e-06,1.734e-05,5.9e-07,4.873563095509031,0.6769031163973025,9.745724607e-07,1.393645406e-06,Alp,3.0,Lyr,1,90979,,49.93441887213498,,,
91441,91726.0,172748.0,7020.0,,Del Sct,,18.704563,-9.052549,62.0732,7.87,2.02,-45.0,4.7,0.735,F2IIIp d Del,0.358,11.242967,-60.259791,-9.766549,-5.99e-06,4.502e-05,7.84e-06,4.896843129854821,-0.157996779309185,3.81548367e-08,9.793236e-09,Del,,Sct,1,91441,,44.25883723626264,Del,4.783,4.613
91484,91768.0,173739.0,,Gl 725A,,Struve 2398 A,18.713179,59.630396,3.5691,-1326.88,1802.12,-0.8,8.94,11.177,K5,1.504,0.334856,-1.773105,3.079349,-2.763e-05,2.258e-05,1.506e-05,4.89909872516206,1.040746744087625,-6.4328957646e-06,8.7369243e-06,,,Dra,1,91484,Gl 725,0.0029457779023394,,9.149,8.809
91487,91772.0,173740.0,,Gl 725B,,Struve 2398 B,18.713249,59.626847,3.4545,-1393.2,1845.73,1.2,9.7,12.008,K5,1.561,0.324167,-1.716358,2.980381,-2.776e-05,2.126e-05,1.669e-05,4.899117170788272,1.0406847970760271,-6.7544241975e-06,8.948351546e-06,,,Dra,2,91484,Gl 725,0.0013702505971242,,,
91507,91792.0,171759.0,6982.0,,Zet Pav,,18.71726,-71.428113,66.9792,1.25,-158.29,-16.0,4.01,-0.12,K2III,1.134,3.982268,-20.957449,-63.491109,-9.67e-06,5.306e-05,-8.6e-07,4.900167096026496,-1.2466557558512723,6.060171e-09,-7.67411574e-07,Zet,,Pav,1,91507,,97.2747223776965,,,
91559,91845.0,173009.0,7032.0,,Eps Sct,,18.725348,-8.275215,165.0165,21.29,11.58,-11.0,4.88,-1.208,G8II,1.112,30.823598,-160.362815,-23.750503,1.488e-05,1.284e-05,1.079e-05,4.902284623147285,-0.14442974476254,1.032168326e-07,5.6141424e-08,Eps,,Sct,1,91559,,264.9720098878964,,,
91566,91852.0,173416.0,7043.0,,,Xihe,18.726696,36.556605,139.47,21.54,57.61,-61.0,6.04,0.318,G8,1.04,21.185517,-110.010103,83.070331,4.4e-07,7.474e-05,-5.87e-06,4.902637620752585,0.6380331168851588,1.044288668e-07,2.79301161e-07,,,Lyr,1,91566,,64.9830363484238,,,
91632,91918.0,172910.0,7029.0,,,,18.738711,-35.641987,143.0615,1.21,-26.98,4.0,4.86,-0.918,B2V,-0.168,22.344567,-114.094971,-83.364626,-6.3e-07,7.6e-06,-1.759e-05,4.905783105329648,-0.6220700185238962,5.8662455e-09,-1.30802731e-07,,,Sgr,1,91632,,202.8616716966293,,,
91633,91919.0,173582.0,7051.0,,4Eps1Lyr,,18.738984,39.670123,49.776,10.55,60.23,-31.0,4.67,1.185,F1V,0.17,7.366292,-37.5992,31.775155,-3.98e-06,3.354e-05,-9.05e-06,4.9058546085436285,0.6923742640286913,5.11478433e-08,2.92003279e-07,Eps-1,4.0,Lyr,1,91633,,29.241523778433358,,,
91639,91926.0,173607.0,7053.0,,5Eps2Lyr,,18.739661,39.612721,47.6872,5.83,51.83,-24.0,4.59,1.198,A8Vn,0.18,7.069425,-36.050085,30.404986,-3.79e-06,2.631e-05,-6.42e-06,4.9060317433155785,0.6913724156906375,2.82646376e-08,2.5127893e-07,Eps-2,5.0,Lyr,1,91639,,28.89348981559081,,,
91684,91971.0,173648.0,7056.0,,6Zet1Lyr,,18.746209,37.605115,47.8698,29.26,26.57,-26.0,4.34,0.94,Am,0.192,7.36169,-37.202578,29.210771,1.84e-06,2.567e-05,-1.134e-05,4.907746070244226,0.6563330681311975,1.418564829e-07,1.28814994e-07,Zet-1,6.0,Lyr,1,91684,,36.64375746478333,,,
91737,92024.0,172555.0,7012.0,,,,18.757465,-64.871259,28.547,32.67,-148.72,2.0,4.78,2.502,A7V,0.199,2.388256,-11.885013,-25.845211,9.3e-07,1.831e-05,-1.059e-05,4.910692937900508,-1.1322170608804187,1.583886294e-07,-7.21014905e-07,,,Pav,1,91737,,8.693606925094164,,,
91754,92041.0,173300.0,7039.0,,27Phi Sgr,,18.76094,-26.990778,73.3676,51.15,0.45,22.0,3.17,-1.158,B8.5III,-0.107,12.937936,-64.083559,-33.297761,2.181e-05,-1.612e-05,-1.007e-05,4.911602513844229,-0.4710779479104662,2.479821976e-07,2.181661e-09,Phi,27.0,Sgr,1,91754,,253.04630494613968,,,
91756,92043.0,173667.0,7061.0,Gl 725.2,110    Her,,18.761035,20.546308,19.2086,-9.25,-335.65,22.3,4.19,2.773,F6V,0.483,3.560021,-17.631081,6.741603,5.55e-06,-3.186e-05,-2.126e-05,4.911627455603927,0.3586007183252175,-4.48452655e-08,-1.627277118e-06,,110.0,Her,1,91756,,6.773295140086068,,,
91801,92088.0,173780.0,7064.0,,,,18.767911,26.66213,78.125,18.68,24.39,-17.0,4.83,0.366,K3III,1.199,13.941698,-68.411541,35.056839,3e-06,2.07e-05,4.5e-07,4.91342755842796,0.46534194965299,9.05631955e-08,1.18246056e-07,,,Lyr,1,91801,,62.17273892939605,,,
91874,92161.0,173880.0,7069.0,,111    Her,,18.783686,18.181519,28.8934,83.74,119.01,-45.0,4.34,2.036,A5III,0.148,5.592547,-26.87472,9.015438,1.52e-06,5.029e-05,1.48e-06,4.917557604351041,0.3173273675466587,4.059829761e-07,5.76976761e-07,,111.0,Her,1,91874,,13.353650333271858,,,
91888,92175.0,173764.0,7063.0,,Bet Sct,,18.786242,-4.747867,280.8989,-7.71,-15.89,-22.0,4.22,-3.023,G5II...,1.087,57.215132,-274.025425,-23.250298,-1.523e-05,2.156e-05,-1.97e-05,4.9182267669325705,-0.0828659170728137,-3.73791348e-08,-7.7036893e-08,Bet,,Sct,1,91888,,1409.9379493587232,,,
92115,92403.0,,,Gl 729,,Ross 154,18.830369,-23.836232,2.9698,637.55,-192.47,-12.1,10.37,13.006,M3.5Ve,1.51,0.585883,-2.652454,-1.200123,6.28e-06,1.413e-05,2.47e-06,4.929779029634179,-0.4160207358077875,3.0909296204e-06,-9.3312089e-07,,,Sgr,1,92115,,0.0005465123745199,V1216,10.408,10.338
92133,92420.0,174638.0,7106.0,,10Bet Lyr,Sheliak,18.834665,33.362667,294.9853,1.1,-4.46,-19.0,3.52,-3.829,A8:V comp SB,0.003,53.40884,-240.514817,162.223134,-1.22e-06,1.276e-05,-1.601e-05,4.930903798663317,0.5822883858014625,5.3329505e-09,-2.162269e-08,Bet,10.0,Lyr,1,92133,,2962.1019360527675,Bet,4.259,3.329
92225,92512.0,175306.0,7125.0,,47Omi Dra,,18.853348,59.388351,104.8218,77.56,25.43,-20.0,4.63,-0.472,K0II-III SB,1.185,11.825931,-52.050358,90.213524,3.366e-05,2.973e-05,-1.102e-05,4.935794887188043,1.0365222567710326,3.760214906e-07,1.23288118e-07,Omi,47.0,Dra,1,92225,,134.52407051486315,Omi,4.659,4.619
92319,92609.0,173948.0,7074.0,,Lam Pav,,18.870288,-62.187593,438.5965,-1.33,-13.53,9.0,4.22,-3.99,B2II-III,-0.15,46.22288,-199.350966,-387.929889,-7.53e-06,1.996e-05,-2.156e-05,4.940229762579808,-1.0853782589587877,-6.448022e-09,-6.559529e-08,Lam,,Pav,1,92319,,3435.5794789987463,Lam,4.255,4.185
92399,92689.0,175535.0,7137.0,,,,18.887096,50.708221,139.8601,4.54,-27.75,8.0,4.92,-0.808,G8III,0.903,20.385014,-86.19141,108.242134,7.54e-06,-1.85e-05,-5.58e-06,4.944630044592235,0.885025421811785,2.20105411e-08,-1.34535796e-07,,,Dra,1,92399,,183.3158428670853,,,
92471,92761.0,174974.0,7116.0,,32Nu 1Sgr,Ainalrami,18.902827,-22.744834,344.8276,2.95,-5.7,-12.0,4.86,-2.828,K1II,1.412,74.467326,-309.170538,-133.319898,1.28e-06,1.574e-05,-4.04e-06,4.948748514142531,-0.3969722408008163,1.43020036e-08,-2.7634379e-08,Nu-1,32.0,Sgr,1,92471,,1178.148406002925,,,
92492,92782.0,176524.0,7180.0,,52Ups Dra,,18.90661,71.297192,105.4852,48.59,42.11,-7.0,4.82,-0.296,K0III,1.151,7.953288,-32.876473,99.914948,1.882e-05,2.79e-05,1.2e-07,4.949738816245965,1.2443707443566,2.355709674e-07,2.0415504e-07,Ups,52.0,Dra,1,92492,,114.39314495393072,,,
92502,92791.0,175588.0,7139.0,,12Del2Lyr,,18.908412,36.898613,225.7336,-6.73,3.26,-26.0,4.22,-2.548,M4IIvar,1.575,42.527743,-175.43781,135.530509,-1.267e-05,2.101e-05,-1.311e-05,4.950210792505343,0.6440022872930937,-3.26279607e-08,1.5804925e-08,Del-2,12.0,Lyr,1,92502,,910.3323996799096,Del-2,4.313,4.133
92527,92818.0,175492.0,7133.0,,113    Her,,18.912468,22.645076,144.7178,6.4,1.03,-24.0,4.57,-1.233,G4III+...,0.782,31.602936,-129.768194,55.719384,-1.06e-06,2.334e-05,-8.78e-06,4.951272542495661,0.395231135693825,3.10280756e-08,4.99358e-09,,113.0,Her,1,92527,,271.1440008688312,,,
92554,92845.0,175190.0,7120.0,GJ 9637,35Nu 2Sgr,,18.918649,-22.671328,83.9631,110.34,-30.79,104.2,5.0,0.38,K1Ib/II,1.348,18.454088,-75.246341,-32.363461,6.589e-05,-8.011e-05,-5.264e-05,4.952890719754882,-0.395689319148655,5.349434151e-07,-1.49274132e-07,Nu-2,35.0,Sgr,1,92554,,61.37620051647942,,,
92564,92855.0,175191.0,7121.0,,34Sig Sgr,Nunki,18.92109,-26.296722,69.8324,13.87,-52.65,-11.0,2.05,-2.17,B2.5V,-0.134,14.950858,-60.794062,-30.937099,2.7e-07,1.858e-05,-1.1e-05,4.953529829382003,-0.4589643844760175,6.72436575e-08,-2.55254402e-07,Sig,34.0,Sgr,1,92564,,642.6877173170194,,,
92571,92862.0,175865.0,7157.0,,13    Lyr,,18.922249,43.946088,91.4077,19.94,80.6,-28.0,4.08,-0.725,M5IIIvar,1.397,15.73619,-63.903742,63.435052,-2.28e-06,4.62e-05,5.84e-06,4.95383322387867,0.7670039361484775,9.66718479e-08,3.90759826e-07,,13.0,Lyr,1,92571,,169.82436524617444,R,4.276,3.966
92604,92895.0,175541.0,,Gl 736,,Kaveh,18.928023,4.265325,127.0648,-7.84,-89.86,20.1,8.02,2.5,G8V,0.869,30.48371,-122.991629,9.450485,1.23e-06,-2.506e-05,-5.367e-05,4.955344892417815,0.0744439600312362,-3.80093926e-08,-4.35653573e-07,,,Ser,1,92604,,8.709635899560805,,,
92654,92946.0,175638.0,7141.0,,63The1Ser,Alya,18.936995,4.203595,47.4158,37.69,26.98,-46.0,4.62,1.24,A5V,0.161,11.483943,-45.872196,3.475585,-3.1e-06,4.806e-05,2.74e-06,4.9576937148549165,0.0733665745238962,1.827262762e-07,1.30802731e-07,The-1,63.0,Ser,1,92654,,27.797132677592884,,4.694,4.394
92659,92951.0,175639.0,7142.0,,63The2Ser,Alya B,18.937401,4.202132,51.9481,52.42,31.17,-53.0,4.98,1.402,A5Vn,0.204,12.587009,-50.255684,3.806479,-4.7e-07,5.62e-05,3.86e-06,4.957799969719149,0.0733410472687099,2.541393313e-07,1.51116424e-07,The-2,63.0,Ser,1,92659,,23.9441817286338,,,
92723,93015.0,174694.0,7107.0,,Kap Pav,,18.949177,-67.233495,153.3742,-7.83,16.65,38.0,4.4,-1.529,F5Ib-II:,0.53,14.597349,-57.529297,-141.425058,8.6e-07,-2.707e-05,-3.105e-05,4.960882850842027,-1.1734458476870764,-3.79609112e-08,8.0721477e-08,Kap,,Pav,1,92723,,356.1229809427621,Kap,4.811,3.931
92733,93026.0,175751.0,7149.0,,Eta Sct,,18.951019,-5.846314,62.0347,60.77,-40.9,-93.0,4.83,0.867,K1III,1.057,15.206379,-59.808358,-6.318797,-5.91e-06,9.742e-05,-2.55e-06,4.961365248936144,-0.1020374220269562,2.946212737e-07,-1.98288795e-07,Eta,,Sct,1,92733,,39.192232245497664,,,
92793,93085.0,175775.0,7150.0,,37Xi 2Sgr,,18.962167,-21.106654,111.9821,34.91,-12.33,-20.0,3.52,-1.726,G8/K0II/III,1.151,26.037848,-101.172397,-40.325267,1.3e-05,2.554e-05,1.12e-06,4.964283623923989,-0.3683806110533525,1.692484559e-07,-5.9777526e-08,Xi-2,37.0,Sgr,1,92793,,426.97259404803344,,,
92855,93148.0,175510.0,7134.0,,Lam Tel,,18.974378,-52.938629,187.6173,11.53,-8.81,-2.0,4.85,-1.516,A0V,-0.051,28.531786,-109.412352,-149.716796,8.22e-06,1.003e-05,-3.2e-06,4.967480621116402,-0.9239533737307438,5.58990174e-08,-4.2712085e-08,Lam,,Tel,1,92855,,351.8843888209584,,,
92881,93174.0,175813.0,7152.0,,Eps CrA,,18.978721,-37.107357,30.1841,-132.25,-110.45,54.0,4.83,2.431,F3IV/V,0.396,6.100734,-23.286509,-18.210673,-1.003e-05,-3.808e-05,-4.621e-05,4.9686176197966905,-0.6476455554212125,-6.411660925e-07,-5.3547671e-07,Eps,,CrA,1,92881,,9.281111710201682,Eps,4.99,4.73
92902,93194.0,176437.0,7178.0,,14Gam Lyr,Sulafat,18.982395,32.689557,190.1141,-2.76,1.77,-21.0,3.25,-3.145,B9III,-0.049,40.69872,-154.738921,102.67804,-7.28e-06,1.769e-05,-1.023e-05,4.969579452917496,0.5705404070855175,-1.33808576e-08,8.581202e-09,Gam,14.0,Lyr,1,92902,,1577.6112696993484,,,
92951,93244.0,176411.0,7176.0,,13Eps Aql,,18.993711,15.068298,47.5059,-52.68,-73.81,-48.0,4.02,0.636,K2III,1.082,11.79959,-44.328509,12.35001,-2.278e-05,3.842e-05,-2.918e-05,4.97254182325134,0.2629914148914512,-2.553998469e-07,-3.57840977e-07,Eps,13.0,Aql,1,92951,,48.48417387084463,,,
92987,93279.0,176670.0,7192.0,,15Lam Lyr,,19.000229,32.145514,338.9831,6.13,9.75,-16.0,4.94,-2.711,K3III,1.465,74.302034,-277.232391,180.363117,3.94e-06,2.422e-05,4.86e-06,4.9742483570419385,0.5610450616066637,2.97190786e-08,4.7269333e-08,Lam,15.0,Lyr,1,92987,,1057.791322499501,,,
93115,93408.0,177196.0,7215.0,,16    Lyr,,19.023991,46.934812,37.4392,13.58,-86.1,8.0,5.0,2.133,A7V,0.186,6.771591,-24.651517,27.352282,6.88e-06,-1.574e-05,-4.69e-06,4.980469191079856,0.8191670105349425,6.58376978e-08,-4.17424578e-07,,16.0,Lyr,1,93115,,12.212371301653082,,,
93136,93429.0,176678.0,7193.0,,12    Aql,,19.028008,-5.739115,44.1306,-24.15,-39.73,-44.0,4.02,0.796,K1IIIvar,1.079,11.675164,-42.328374,-4.412978,-1.711e-05,4.261e-05,-3.96e-06,4.981520728528091,-0.1001664503941562,-1.170825039e-07,-1.92616475e-07,,12.0,Aql,1,93136,,41.84080195674278,,,
93213,93506.0,176687.0,7194.0,,38Zet Sgr,Ascella,19.043532,-29.880105,27.0416,-14.1,3.66,22.0,2.6,0.44,A3IV,0.062,6.326274,-22.577554,-13.471863,3.55e-06,-1.951e-05,-1.079e-05,4.985585011861122,-0.521506218738425,-6.8358729e-08,1.774418e-08,Zet,38.0,Sgr,1,93213,,58.07644175213118,,,
93248,93542.0,176638.0,7188.0,,Zet CrA,,19.051907,-42.095105,59.2066,55.74,-45.33,-13.0,4.74,0.878,A0Vn,-0.027,11.946382,-42.277742,-39.689849,1.034e-05,2.224e-05,-7.4e-07,4.987777575557523,-0.7346981729528588,2.702351455e-07,-2.19766041e-07,Zet,,CrA,1,93248,,38.79716572936907,,,
93388,93683.0,177241.0,7217.0,GJ 9641,39Omi Sgr,,19.07805,-21.741496,43.554,76.26,-58.08,27.2,3.76,0.565,K0III,1.012,11.267032,-38.85539,-16.133344,2.14e-05,-1.597e-05,-2.169e-05,4.994621680040488,-0.3794606828231187,3.697189128e-07,-2.81579785e-07,Omi,39.0,Sgr,1,93388,,51.76068319505679,,,
93452,93747.0,177724.0,7235.0,GJ 4095A,17Zet Aql,Okab,19.090169,13.863478,25.4582,-7.04,-95.31,-25.0,2.99,0.961,A0Vn,0.014,6.95881,-23.716532,6.099966,-7.03e-06,2.087e-05,-1.755e-05,4.997794545354773,0.2419633388357175,-3.41308831e-08,-4.62075918e-07,Zet,17.0,Aql,1,93452,GJ 4095,35.94181463147148,,,
93510,93805.0,177756.0,7236.0,,16Lam Aql,,19.10415,-4.882554,37.9219,-19.68,-90.37,-12.0,3.43,0.536,B9Vn,-0.096,10.770638,-36.216543,-3.227659,-7.36e-06,1.204e-05,-1.551e-05,5.001454653150843,-0.0852166466035762,-9.54113323e-08,-4.38126123e-07,Lam,16.0,Aql,1,93510,,53.161839507396266,,,
93530,93825.0,177474.0,7226.0,Gl 743.1A,Gam CrA,,19.106971,-37.063437,17.304,96.93,-279.67,-53.2,4.23,3.039,F7IV-V,0.523,3.945759,-13.231884,-10.428815,-8.66e-06,5.748e-05,1.407e-05,5.00219333988663,-0.646879004936175,4.699299006e-07,-1.35587842e-06,Gam,,CrA,1,93530,Gl 743.1,5.301515066784585,,,
93569,93864.0,177716.0,7234.0,GJ 9643,40Tau Sgr,,19.11567,-27.670423,37.2856,-50.79,-250.51,45.4,3.32,0.462,K1/K2III,1.169,9.508483,-31.623153,-17.31506,-3.01e-06,-2.189e-05,-6.166e-05,5.004470744427402,-0.4829399859340712,-2.462368684e-07,-1.214506751e-06,Tau,40.0,Sgr,1,93569,,56.91149576288411,,,
93710,94005.0,177873.0,7242.0,,Del CrA,,19.139156,-40.496703,54.7345,48.05,-26.84,20.0,4.57,0.879,K1III,1.07,12.229963,-39.785308,-35.544936,1.54e-05,-6.7e-06,-1.87e-05,5.010619274338518,-0.7068007995849213,2.329529735e-07,-1.30123991e-07,Del,,CrA,1,93710,,38.76144867002412,,,
93819,94114.0,178253.0,7254.0,,Alp CrA,Meridiana,19.157869,-37.904474,38.432,85.73,-96.65,-18.0,4.11,1.187,A0/A1V,0.042,9.052029,-28.941534,-23.610478,7.61e-06,2.919e-05,-2.9e-06,5.015518361769223,-0.6615578790086926,4.156307683e-07,-4.68572422e-07,Alp,,CrA,1,93819,,29.187708481971423,,,
93846,94141.0,178524.0,7264.0,,41Pi  Sgr,Albaldah,19.162731,-21.023615,156.25,-1.17,-36.83,-10.0,2.88,-3.089,F2II/III,0.377,43.714239,-139.143552,-56.055078,-6.71e-06,1.839e-05,-2.237e-05,5.016791345367199,-0.3669312993726825,-5.6723201e-09,-1.78556878e-07,Pi,41.0,Sgr,1,93846,,1498.30421062266,,,
93865,94160.0,178345.0,7259.0,,Bet CrA,,19.167154,-39.340796,145.3488,5.89,-36.78,3.0,4.1,-1.712,K0II/IIICN.,1.163,33.816393,-107.204136,-92.141229,-2.7e-07,1.465e-05,-2.199e-05,5.01794928286085,-0.6866264222516212,2.85555258e-08,-1.78314471e-07,Bet,,CrA,1,93865,,421.5023497210444,,,
94081,94376.0,180711.0,7310.0,,57Del Dra,Altais,19.209225,67.661541,29.8686,94.49,92.3,25.0,3.07,0.694,G9III,0.99,3.534238,-10.788301,27.627312,1.218e-05,6.77e-06,2.873e-05,5.028963347378909,1.1809166704764862,4.581004468e-07,4.47483027e-07,Del,57.0,Dra,1,94081,,45.96211446660011,,,
94186,94481.0,180163.0,7298.0,,20Eta Lyr,Aladfar,19.229302,39.145968,425.5319,-1.59,-0.61,-8.0,4.43,-3.715,B2.5IV,-0.15,104.385585,-313.073293,268.637487,-4.87e-06,4.23e-06,-6.14e-06,5.034219530550296,0.6832260331230737,-7.7085375e-09,-2.957363e-09,Eta,20.0,Lyr,1,94186,,2666.8586645214805,,,
94195,94490.0,180610.0,7309.0,,54    Dra,,19.231987,57.705102,50.6586,-17.1,-63.15,-27.0,5.0,1.477,K2III,1.156,8.57898,-25.669979,42.821987,-4.5e-06,2.3e-07,-3.163e-05,5.03492252659753,1.0071440171014088,-8.29031394e-08,-3.06159839e-07,,54.0,Dra,1,94195,,22.346010577312224,,,
94348,94643.0,179950.0,7292.0,,42Psi Sgr,,19.259007,-25.256682,91.4913,47.56,-31.16,-33.0,4.86,0.053,K0/K1III+..,0.569,26.782195,-78.290753,-39.036853,8.17e-06,4.129e-05,1.9e-06,5.041996214552132,-0.4408122668444925,2.305773865e-07,-1.51067942e-07,Psi,42.0,Sgr,1,94348,,82.9468695095263,,,
94350,94645.0,179949.0,7291.0,,,Gumala,19.259228,-24.179352,27.5482,114.78,-101.81,-26.0,6.25,4.05,F8V,0.548,8.135614,-23.777829,-11.28349,4.85e-06,3.318e-05,-1.51e-06,5.042054132104997,-0.42200930490207,5.564691425e-07,-4.93588808e-07,,,Sgr,1,94350,,2.089296130854039,V5652,6.258,6.238
94352,94648.0,181984.0,7352.0,,60Tau Dra,,19.259229,73.355468,44.8833,-116.6,104.25,-30.0,4.45,1.19,K3III,1.257,4.161675,-12.163752,43.002444,-3.388e-05,2.066e-05,-2.29e-05,5.0420544486884245,1.2802944384097836,-5.652927515e-07,5.05418261e-07,Tau,60.0,Dra,1,94352,,29.10717118066605,,,
94408,94703.0,180554.0,7306.0,,1    Vul,,19.270289,21.390428,248.7562,0.73,-6.12,-17.0,4.76,-2.219,B4IV,-0.058,75.616041,-218.93028,90.726612,-3.57e-06,1.304e-05,-1.321e-05,5.044949826967474,0.3733333943822762,3.5391399e-09,-2.9670597e-08,,1.0,Vul,1,94408,,672.3571072343188,,,
94418,94713.0,180809.0,7314.0,,21The Lyr,,19.272804,38.133731,255.102,-0.49,1.23,-31.0,4.35,-2.684,K0II,1.258,65.631893,-189.618553,157.52507,-9.04e-06,2.426e-05,-1.838e-05,5.045608334213613,0.66555915717807,-2.375587e-09,5.963208e-09,The,21.0,Lyr,1,94418,,1031.8106352675927,,,
94484,94779.0,181276.0,7328.0,,1Kap Cyg,,19.28504,53.368459,38.0662,60.22,122.93,-29.0,3.8,0.897,K0III,0.95,7.497777,-21.43943,30.547504,-1.36e-06,3.756e-05,-1.027e-05,5.048811732604486,0.9314553318377488,2.919547984e-07,5.95981457e-07,Kap,1.0,Cyg,1,94484,,38.124135110429904,,,
94525,94820.0,180540.0,7304.0,,43    Sgr,,19.293911,-18.952908,147.7105,-10.05,-10.64,15.0,4.88,-0.967,K0III,1.013,46.423708,-131.763665,-47.975072,-2.79e-06,-1.374e-05,-1.219e-05,5.05113408966697,-0.3307906463615312,-4.87237749e-08,-5.1584175e-08,,43.0,Sgr,1,94525,,212.22668969007816,,,
94771,95066.0,181391.0,7333.0,,26    Aql,,19.342473,-5.415766,47.2813,113.42,44.83,-19.0,4.98,1.607,G8III-IV...,0.937,16.204706,-44.192747,-4.462499,1.808e-05,2.62e-05,1.206e-05,5.063847695412169,-0.0945229462577449,5.498756765e-07,2.17341972e-07,,26.0,Aql,1,94771,,19.8243976287264,,,
94786,95081.0,182564.0,7371.0,,58Pi  Dra,,19.344467,65.714531,70.1754,14.09,41.61,-29.0,4.6,0.369,A2IIIs,0.033,9.950368,-27.092377,63.965175,-4.15e-06,2.521e-05,-2.121e-05,5.064369536714667,1.146934938146005,6.83102476e-08,2.01730972e-07,Pi,58.0,Dra,1,94786,,62.00118642087245,,,
94829,95124.0,181342.0,,,,Belel,19.351176,-23.619572,110.6195,-45.15,-31.23,0.0,7.55,2.331,K0III,1.022,35.109071,-95.077194,-44.321033,-2.504e-05,-2.09e-06,-1.534e-05,5.066126037682952,-0.41223929081398,-2.188933768e-07,-1.51407312e-07,,,Sgr,1,94829,,10.17653662620533,,,
94873,95168.0,181577.0,7340.0,GJ 4107,44Rho1Sgr,,19.361211,-17.847197,38.9257,-26.95,22.24,1.2,3.92,0.969,F0III/IV,0.228,12.926473,-34.724544,-11.929933,-3.91e-06,-4.07e-06,3.62e-06,5.068753175748739,-0.3114923575525825,-1.306572869e-07,1.07822562e-07,Rho-1,44.0,Sgr,1,94873,,35.67795882885623,Rho-1,3.942,3.912
94881,95176.0,181615.0,7342.0,,46Ups Sgr,,19.362117,-15.955018,546.4481,1.79,-6.27,9.0,4.52,-4.168,F2p,0.079,183.411949,-492.34429,-150.209092,5.94e-06,-2.36e-06,-1.85e-05,5.068990503933943,-0.2784675879808987,8.6781649e-09,-3.0397817e-08,Ups,46.0,Sgr,1,94881,,4047.62248687874,Ups,4.597,4.447
94946,95241.0,181454.0,7337.0,,Bet1Sgr,Arkab Prior,19.377303,-44.458965,96.1538,7.31,-22.43,-11.0,3.96,-0.955,B9V,-0.085,24.213622,-64.216561,-67.345884,-2.23e-06,1.557e-05,4.2e-07,5.07296605509895,-0.775955313507445,3.543988e-08,-1.08743708e-07,Bet-1,,Sgr,1,94946,,209.89398836235245,,,
94967,95262.0,181720.0,,,,Sika,19.381382,-32.919054,58.072,89.37,-415.97,-53.0,7.84,4.02,G1V,0.599,17.247552,-45.594321,-31.559182,-1.508e-05,0.00011098,-6.884e-05,5.07403398618238,-0.5745458819453363,4.332779863e-07,-2.016679467e-06,,,Sgr,1,94967,,2.1478304741305343,,,
94999,95294.0,181623.0,7343.0,,Bet2Sgr,Arkab Posterior,19.386976,-44.799778,41.1353,92.78,-53.73,19.0,4.27,1.199,F2III,0.35,10.367344,-27.285432,-28.985346,1.951e-05,7.4e-07,-2.129e-05,5.075498520838663,-0.7819036372909125,4.498101328e-07,-2.6049039e-07,Bet-2,,Sgr,1,94999,,28.866890179482727,,,
95052,95347.0,181869.0,7348.0,,Alp Sgr,Rukbat,19.398103,-40.61594,55.7414,32.67,-120.81,-1.0,3.96,0.229,B8V,-0.105,15.143928,-39.50987,-36.286833,3.6e-07,2.373e-05,-2.411e-05,5.078411455900508,-0.7088818789048114,1.583886294e-07,-5.85703407e-07,Alp,,Sgr,1,95052,,70.53424142580965,,,
95077,95372.0,182568.0,7372.0,,2    Cyg,,19.402105,29.621338,258.3979,10.57,10.85,-21.0,4.99,-2.071,B3IV,-0.12,80.615025,-209.663862,127.717111,3.25e-06,2.845e-05,1.2e-06,5.079459197392052,0.516989868269985,5.1244806e-08,5.2602284e-08,,2.0,Cyg,1,95077,,586.6782664019767,,,
95207,95501.0,182640.0,7377.0,Gl 760,30Del Aql,,19.424972,3.114775,15.5255,253.06,80.67,-29.9,3.36,2.405,F0IV,0.319,5.650026,-14.436012,0.843584,6.49e-06,3.568e-05,4.4e-06,5.085445848108125,0.054363084117965,1.2268695e-06,3.91099196e-07,Del,30.0,Aql,1,95207,,9.50604793656281,,,
95289,95585.0,182835.0,7387.0,,32Nu  Aql,,19.441969,0.33857,869.5652,-0.86,-2.3,-1.0,4.64,-5.057,F2Ib,0.576,320.519466,-808.322022,5.138372,-3.73e-06,-4.4e-07,-9.7e-06,5.089895630517771,0.0059091624312525,-4.1693977e-09,-1.1150714e-08,Nu,32.0,Aql,1,95289,,9179.09786057337,,,
95473,95771.0,183439.0,7405.0,,6Alp Vul,Anser,19.478427,24.664905,91.1577,-126.45,-106.99,-86.0,4.44,-0.359,M0 comp,1.502,31.268751,-76.712143,38.040745,-7.447e-05,3.465e-05,-7.967e-05,5.099440259839634,0.430483797356135,-6.130468991e-07,-5.18702156e-07,Alp,6.0,Vul,1,95473,,121.22717925364972,,,
95554,95853.0,184006.0,7420.0,,10Iot2Cyg,,19.495098,51.729779,37.2024,20.92,128.12,-20.0,3.76,0.907,A5Vn,0.148,8.790467,-21.299308,29.207404,-8.27e-06,2.992e-05,-1.75e-06,5.1038046204514425,0.9028549610037612,1.01423022e-07,6.21143287e-07,Iot-2,10.0,Cyg,1,95554,,37.77461093882191,,,
95648,95947.0,183912.0,7417.0,,6Bet1Cyg,Albireo,19.512023,27.959681,133.1558,-7.09,-5.63,-24.0,3.05,-2.572,K3II+...,1.088,45.350466,-108.51838,62.430012,-1.193e-05,1.667e-05,-1.472e-05,5.108235547233712,0.4879884921686625,-3.437329e-08,-2.729501e-08,Bet-1,6.0,Cyg,1,95648,,930.6791831626532,,,
95652,95951.0,183914.0,7418.0,,6Bet2Cyg,Albireo B,19.51261,27.965276,122.549,-1.95,-0.98,-18.0,5.12,-0.322,B8V,-0.095,41.751189,-99.862557,57.467608,-7.24e-06,1.43e-05,-9.15e-06,5.108389313278665,0.4880861504272274,-9.4538668e-09,-4.751174e-09,Bet-2,6.0,Cyg,1,95652,,117.16556739113024,,,
95752,96052.0,184171.0,7426.0,,8    Cyg,,19.529534,34.452968,263.8522,1.06,-3.58,-22.0,4.74,-2.367,B3IV,-0.15,84.812094,-200.358656,149.268877,-4.97e-06,1.523e-05,-1.65e-05,5.112819983966469,0.6013177341321213,5.139025e-09,-1.7356329e-08,,8.0,Cyg,1,95752,,770.5485366297152,,,
95777,96078.0,231701.0,,,,Uruk,19.534489,16.47429,118.4834,63.68,15.49,0.0,8.97,3.602,F8V,0.539,44.426247,-104.573689,33.600124,3.268e-05,1.662e-05,8.53e-06,5.114117189381829,0.2875306011043412,3.087293518e-07,7.5097639e-08,,,Sge,1,95777,,3.15645789129907,,,
95799,96100.0,185144.0,7462.0,Gl 764,61Sig Dra,Alsafi,19.539149,69.661175,5.7547,598.43,-1738.81,28.2,4.67,5.87,K0V,0.786,0.784452,-1.840016,5.396152,3.712e-05,-4.452e-05,1.019e-05,5.11533717611695,1.2158168705983676,2.9012705085e-06,-8.429988758e-06,Sig,61.0,Dra,1,95799,,0.3908408957924018,,,
95927,96229.0,184406.0,7429.0,GJ 9661,38Mu  Aql,,19.568153,7.378941,32.9924,212.76,-155.39,-25.1,4.45,1.858,K3III,1.176,13.058329,-30.00016,4.237222,2.231e-05,3.4e-05,-2.794e-05,5.122930543533884,0.1287868241701925,1.0314895867e-06,-7.53351978e-07,Mu,38.0,Aql,1,95927,,15.732581854464676,,,
95973,96275.0,184606.0,7437.0,,9    Vul,,19.57636,19.773403,169.4915,13.41,2.22,5.0,5.0,-1.146,B8IIIn,-0.093,63.970652,-146.107351,57.339179,1.178e-05,5.8e-07,3.45e-06,5.125079039868252,0.3451109821750512,6.50135146e-08,1.0762863e-08,,9.0,Vul,1,95973,,250.264932573108,,,
95992,96295.0,184738.0,,,,Campbell's Hydrogen Star,19.579231,30.516371,100000.0,-4.16,-10.19,-30.4,10.0,-10.0,WC...,-0.013,34611.284098,-78889.844899,50778.453408,-0.00084972,-0.00308271,-0.00427137,5.12583076552782,0.5326111517280024,-2.01682491e-08,-4.9402514e-08,,,Cyg,1,95992,,870963.5899560815,V1966,10.048,9.938
96039,96341.0,184127.0,7424.0,,Iot Tel,,19.586942,-48.099202,113.6364,-7.04,-37.43,22.0,4.88,-0.398,G9III,1.096,30.630603,-69.435368,-84.579973,-3.68e-06,-1.27e-06,-3.052e-05,5.127849305354772,-0.8394894338254001,-3.41308831e-08,-1.8146576e-07,Iot,,Tel,1,96039,,125.66085200763308,,,
96138,96441.0,185395.0,7469.0,Gl 765A,13The Cyg,,19.607372,50.221103,18.3352,-8.15,262.98,-27.3,4.49,3.174,F4V,0.395,4.792178,-10.707751,14.090766,-1.53e-05,3.241e-05,-6.5e-06,5.133197867267244,0.8765235939263988,-3.9512315e-08,1.274963017e-06,The,13.0,Cyg,1,96138,Gl 765,4.681661397243642,,,
96162,96465.0,184707.0,7440.0,,52    Sgr,,19.611786,-24.883623,58.1395,68.7,-23.19,-19.0,4.59,0.768,B8/B9V,-0.075,21.600654,-48.11572,-24.463665,9.32e-06,2.652e-05,2.25e-06,5.134353526336238,-0.434301150747555,3.330669985e-07,-1.12428292e-07,,52.0,Sgr,1,96162,,42.93386634704304,,,
96165,96468.0,184930.0,7447.0,,41Iot Aql,,19.612022,-1.286601,119.9041,1.89,-20.75,-21.0,4.36,-1.034,B5III,-0.079,49.101431,-109.356067,-2.692266,-7.9e-06,2.028e-05,-1.158e-05,5.134415233176062,-0.0224554212398325,9.1629786e-09,-1.00598838e-07,Iot,41.0,Aql,1,96165,,225.7355711021445,,,
96180,96483.0,184915.0,7446.0,,39Kap Aql,,19.614847,-7.027477,515.4639,1.29,-2.69,-19.0,4.93,-3.631,B0.5III,-0.046,209.897982,-466.549626,-63.064577,-5.31e-06,1.966e-05,-4.29e-06,5.135154937723344,-0.12265261511302,6.2540965e-09,-1.3041488e-08,Kap,39.0,Aql,1,96180,,2468.3116896973465,,,
96377,96683.0,185734.0,7478.0,,12Phi Cyg,,19.656279,30.153321,81.6327,1.95,36.07,6.0,4.68,0.121,G8III-IV...,0.971,29.657091,-64.054037,41.00541,-8e-08,2.02e-06,1.542e-05,5.146001876721335,0.5262747341325725,9.4538668e-09,1.74872294e-07,Phi,12.0,Cyg,1,96377,,77.91121911130922,,,
96450,96757.0,185758.0,7479.0,,5Alp Sge,Sham,19.668275,18.01389,130.3781,15.09,-19.72,2.0,4.39,-1.186,G0II,0.777,52.446573,-112.348474,40.319114,1.11e-05,-1.22e-06,-1.122e-05,5.149142443135864,0.3144016984540012,7.31583844e-08,-9.5605257e-08,Alp,5.0,Sge,1,96450,,259.6569790273785,,,
96530,96837.0,185958.0,7488.0,,6Bet Sge,,19.68415,17.476041,134.7709,9.06,-33.9,-22.0,4.39,-1.258,G8II,1.041,54.860279,-116.256022,40.472581,-9.7e-07,1.592e-05,-2.788e-05,5.153298339336046,0.3050144579214263,4.39241195e-08,-1.64351837e-07,Bet,6.0,Sge,1,96530,,277.45975598804154,,,
96811,97118.0,186675.0,7517.0,,15    Cyg,,19.737943,37.354355,88.6525,72.58,35.14,-24.0,4.89,0.152,G8III,0.948,30.968275,-63.300259,53.789134,1.542e-05,3.946e-05,-2.89e-06,5.167381324930482,0.6519564846808613,3.518777693e-07,1.70363527e-07,,15.0,Cyg,1,96811,,75.71815097147055,,,
96858,97165.0,186882.0,7528.0,,18Del Cyg,Fawaris,19.749574,45.13081,50.5817,43.22,48.44,-20.0,2.86,-0.66,B9.5III,-0.002,15.779435,-32.006459,35.8481,-6e-07,2.518e-05,-6.12e-06,5.170426442444136,0.7876812218827774,2.095364727e-07,2.34843746e-07,Del,18.0,Cyg,1,96858,,159.95580286146696,,,
96970,97278.0,186791.0,7525.0,,50Gam Aql,Tarazed,19.770994,10.613261,121.0654,15.72,-3.08,-2.0,2.72,-2.695,K3II,1.507,53.215608,-106.431852,22.297682,7.5e-06,5.63e-06,-2.15e-06,5.1760341858612176,0.1852363513427162,7.62127106e-08,-1.4932261e-08,Gam,50.0,Aql,1,96970,,1042.3174293933046,,,
96981,97290.0,186648.0,7515.0,,56    Sgr,,19.772707,-19.761113,63.6537,-128.89,-89.81,20.0,4.87,0.851,K0III,1.061,26.81435,-53.569015,-21.52133,-3.114e-05,-2.664e-05,-3.3e-05,5.1764824963319125,-0.3448964868477024,-6.248763529e-07,-4.35411166e-07,,56.0,Sgr,1,96981,,39.7740669105028,,,
96986,97295.0,187013.0,7534.0,Gl 767.1A,17    Cyg,,19.773777,33.727598,21.2314,23.05,-448.66,4.2,5.0,3.365,F5,0.476,7.908325,-15.787971,11.788652,1.52e-05,-2.506e-05,-3.602e-05,5.176762715808592,0.5886576263057337,1.117495534e-07,-2.175165059e-06,,17.0,Cyg,1,96986,Gl 767.1,3.926449353995997,,,
97056,97365.0,187076.0,7536.0,,7Del Sge,,19.789795,18.534286,182.1494,-4.58,11.1,3.0,3.68,-2.622,M2II + B6,1.313,77.993677,-154.087523,57.900217,-3.7e-06,-1.64e-06,1.027e-05,5.180956247710918,0.3234843158752825,-2.22044666e-08,5.3814318e-08,Del,7.0,Sge,1,97056,,974.5407417663064,Del,3.734,3.624
97124,97433.0,188119.0,7582.0,,63Eps Dra,,19.80285,70.26793,45.3721,80.18,39.02,3.0,3.84,0.556,G8III,0.888,6.964788,-13.643765,42.707954,1.251e-05,1.429e-05,5.79e-06,5.18437402433158,1.2264067382751074,3.887236091e-07,1.89174298e-07,Eps,63.0,Dra,1,97124,,52.19152658354482,,,
97338,97649.0,187642.0,7557.0,Gl 768,53Alp Aql,Altair,19.846388,8.868322,5.1295,536.82,385.54,-26.1,0.76,2.21,A7IV-V,0.221,2.355468,-4.4873,0.790749,-1.12e-06,3.087e-05,5.36e-06,5.195772105546999,0.15478141706831,2.6025768e-06,1.869150664e-06,Alp,53.0,Aql,1,97338,,11.376272858234303,Alp,0.803,0.753
97368,97679.0,187811.0,7565.0,,12    Vul,,19.851141,22.610046,193.0502,23.35,-16.65,-31.0,4.9,-1.528,B2.5V,-0.153,83.025513,-157.691194,74.219432,8.49e-06,3.078e-05,-2.657e-05,5.197016529534951,0.3946197506870762,1.132039944e-07,-8.0721477e-08,,12.0,Vul,1,97368,,355.795130559743,V395,4.936,4.826
97493,97804.0,187929.0,7570.0,,55Eta Aql,,19.874547,1.005661,423.7288,6.94,-7.3,-15.0,3.87,-4.265,F6Ibv SB,0.63,199.669191,-373.661462,7.43694,5.47e-06,2.001e-05,-1.526e-05,5.203144132403107,0.0175520873252675,3.36460694e-08,-3.5391398e-08,Eta,55.0,Aql,1,97493,,4425.88372362626,Eta,4.286,3.606
97575,97886.0,188260.0,7592.0,,13    Vul,,19.891026,24.079614,102.5641,22.78,36.29,-28.0,4.57,-0.485,B9.5III,-0.047,44.487071,-82.396016,41.846629,-5.95e-06,3.486e-05,4.79e-06,5.207458460354869,0.420268543465235,1.104405564e-07,1.75938884e-07,,13.0,Vul,1,97575,,136.14446824659495,,,
97627,97938.0,188310.0,7595.0,,59Xi  Aql,Libertas,19.904134,8.461453,56.2746,101.43,-81.28,-42.0,4.71,0.958,K0III,1.023,26.612383,-48.887669,8.280414,5.55e-06,4.768e-05,-2.825e-05,5.210889980782017,0.1476802090051087,4.917465162e-07,-3.94056559e-07,Xi,59.0,Aql,1,97627,,36.04126286491436,,,
97721,98032.0,188114.0,7581.0,,Iot Sgr,,19.921026,-41.868288,55.7414,23.37,51.6,36.0,4.12,0.389,K0III,1.063,20.00728,-36.369941,-37.203168,2.323e-05,-2.913e-05,-1.419e-05,5.215312338383376,-0.7307394780662337,1.133009571e-07,2.50163859e-07,Iot,,Sgr,1,97721,,60.869537233490085,,,
97725,98036.0,188512.0,7602.0,Gl 771A,60Bet Aql,Alshain,19.921887,6.406763,13.6986,46.35,-481.32,-40.7,3.71,3.027,G8IVvar,0.855,6.563854,-11.925647,1.528534,-1.553e-05,3.46e-05,-3.641e-05,5.215537811222483,0.1118191158294387,2.247111409e-07,-2.333505207e-06,Bet,60.0,Aql,1,97725,Gl 771,5.360434578161428,,,
97744,98055.0,189037.0,7619.0,,24Psi Cyg,,19.927167,52.438948,86.2813,-36.62,-31.02,-10.0,4.91,0.23,A4Vn,0.124,25.425469,-46.044014,68.39548,-1.145e-05,-1.095e-05,-1.602e-05,5.216920092535764,0.9152322950944738,-1.775387698e-07,-1.50389203e-07,Psi,24.0,Cyg,1,97744,,70.46930689671467,,,
97755,98066.0,188376.0,7597.0,,58Ome Sgr,Terebellum,19.930651,-26.299506,25.9875,203.96,74.4,-21.0,4.7,2.626,G3/G5III,0.748,11.280499,-20.384256,-11.514028,1.517e-05,2.565e-05,1.792e-05,5.21783225222735,-0.4590129768629425,9.888259829e-07,3.60701378e-07,Ome,58.0,Sgr,1,97755,,7.755324957585906,,,
97757,98068.0,188892.0,7613.0,,22    Cyg,,19.931045,38.486705,442.4779,1.46,0.6,-30.0,4.95,-3.279,B5IV,-0.086,167.732556,-303.025518,275.368444,-9.28e-06,2.323e-05,-1.809e-05,5.217935376934948,0.6717197254527175,7.0782797e-09,2.908882e-09,,22.0,Cyg,1,97757,,1784.8429164980066,,,
97762,98073.0,189276.0,7633.0,,,,19.932051,58.845969,280.8989,-9.0,-20.86,5.0,4.98,-2.263,K5II-III,1.584,70.410013,-127.123777,240.387588,2.34e-06,-2.952e-05,-1.032e-05,5.218198701209227,1.0270559110938364,-4.36332312e-08,-1.01132133e-07,,,Cyg,1,97762,,700.164359372975,,,
97799,98110.0,188947.0,7615.0,,21Eta Cyg,,19.938438,35.083424,41.3736,-34.0,-27.6,-27.0,3.89,0.806,K0IIIvar,1.019,16.453496,-29.589591,23.780105,-1.54e-05,1.365e-05,-2.04e-05,5.219870818679301,0.6123212551749687,-1.648366514e-07,-1.33808575e-07,Eta,21.0,Cyg,1,97799,,41.45720317867256,,,
97851,98162.0,188603.0,7604.0,,59    Sgr,,19.94912,-27.169899,255.102,9.6,-14.95,-16.0,4.54,-2.494,K3III,1.462,110.848419,-198.041135,-116.487313,-8.7e-07,2.587e-05,-8.98e-06,5.222667285243491,-0.4742041911968937,4.65421133e-08,-7.2479645e-08,,59.0,Sgr,1,97851,,866.1637419723033,,,
97987,98298.0,226868.0,,,,Cygnus X-1,19.972688,35.201604,595.2381,-3.82,-7.62,-2.7,8.84,-0.033,B0Ib,0.73,240.17499,-422.950898,343.12808,-4.44e-06,-1.45e-05,-1.956e-05,5.228837432951027,0.6143838937504825,-1.85198826e-08,-3.6942802e-08,,,Cyg,1,97987,,89.78421709097269,V1357,8.883,8.793
98026,98337.0,189319.0,7635.0,,12Gam Sge,,19.979285,19.492148,79.2393,64.37,22.58,-33.0,3.51,-0.985,K5III,1.571,36.997433,-64.89161,26.440286,4.29e-06,4.24e-05,-3.09e-06,5.230564514652454,0.3402021558706287,3.120745662e-07,1.09470929e-07,Gam,12.0,Sge,1,98026,,215.77444091526667,,,
98042,98353.0,189005.0,7618.0,,60    Sgr,,19.982555,-26.195767,96.0615,34.5,24.74,-49.0,4.84,-0.073,G8II/III,0.882,42.755999,-74.842869,-42.405153,-5.83e-06,4.26e-05,3.246e-05,5.2314205465312975,-0.4572023874995899,1.672607198e-07,1.19942904e-07,,60.0,Sgr,1,98042,,93.15367652385744,,,
98101,98412.0,189103.0,7623.0,,The1Sgr,,19.995605,-35.276305,158.9825,6.02,-25.15,1.0,4.37,-1.637,B2.5IV,-0.15,64.765423,-112.475668,-91.815589,-1.15e-06,1.129e-05,-1.641e-05,5.234837127375606,-0.6156876768931,2.91857836e-08,-1.2193064e-07,The-1,,Sgr,1,98101,,393.3688806732022,,,
98184,98495.0,188228.0,7590.0,,Eps Pav,,20.009845,-72.910504,32.2165,80.54,-131.34,-2.0,3.97,1.43,A0V,-0.032,4.754832,-8.186656,-30.794025,7.3e-07,2.379e-05,-4.07e-06,5.23856504160321,-1.27252834660002,3.904689383e-07,-6.36754288e-07,Eps,,Pav,1,98184,,23.334580622810037,,,
98232,98543.0,189849.0,7653.0,,15    Vul,,20.018346,27.753573,72.4638,57.99,3.76,-21.0,4.66,0.359,A4III,0.184,32.330025,-55.381221,33.744109,7.7e-06,2.722e-05,-8.83e-06,5.240790600005217,0.4843912285036975,2.811434534e-07,1.8228994e-08,,15.0,Vul,1,98232,,62.57487633544405,NT,4.666,4.656
98298,98608.0,189124.0,7625.0,,,,20.029093,-59.375893,145.7726,19.73,-26.89,-10.0,4.95,-0.868,M6III,1.356,37.617287,-64.023795,-125.441295,1.1e-06,2.565e-05,-8.8e-07,5.243604201970218,-1.036304834705983,9.56537392e-08,-1.30366398e-07,,,Pav,1,98298,,193.73139245819556,NU,5.137,4.857
98375,98688.0,189763.0,7650.0,,62    Sgr,,20.044299,-27.709845,137.5516,32.28,14.35,10.0,4.43,-1.262,M4III,1.64,62.107193,-104.748215,-63.960733,2.54e-05,-6.4e-07,3.72e-06,5.247585323356241,-0.4836280262558237,1.564978561e-07,6.9570763e-08,,62.0,Sgr,1,98375,,278.48384078050054,V3872,4.499,4.349
98389,98702.0,190940.0,7685.0,,67Rho Dra,,20.04696,67.873565,131.406,16.43,47.8,-9.0,4.51,-1.083,K3III,1.313,25.272265,-42.555784,121.728524,-7.17e-06,3.258e-05,2.94e-06,5.248281906980267,1.1846171807332162,7.96548877e-08,2.31740939e-07,Rho,67.0,Dra,1,98389,,236.15655239177184,,,
98448,98761.0,189831.0,7652.0,,,,20.059291,-37.940699,112.3596,64.71,-85.44,-38.0,4.77,-0.483,K4III,1.417,45.491792,-76.04313,-69.083591,-1.8e-07,6.895e-05,-1.281e-05,5.251510206075661,-0.6621901114670701,3.137229327e-07,-4.14224808e-07,,,Sgr,1,98448,,135.89391171008015,,,
98527,98842.0,190056.0,7659.0,,,,20.072108,-32.056296,89.1266,43.01,-10.78,-12.0,4.99,0.24,K1III/IV,1.208,38.996702,-64.692445,-47.304087,9.27e-06,2.062e-05,2.57e-06,5.254865524535685,-0.5594879033004975,2.08518364e-07,-5.2262914e-08,,,Sgr,1,98527,,69.82324040771711,,,
98804,99120.0,190421.0,7673.0,,Xi  Tel,,20.1231,-52.880793,331.1258,-12.72,6.88,36.0,4.93,-2.67,M1II,1.591,105.437453,-169.74555,-264.033901,-9.7e-07,-3.713e-05,-2.269e-05,5.268215337402374,-0.9229439471421662,-6.16683002e-08,3.3355181e-08,Xi,,Tel,1,98804,,1018.5913880541168,,,
98924,99240.0,190248.0,7665.0,Gl 780,Del Pav,,20.145157,-66.182068,6.1084,1210.29,-1130.34,-21.7,3.55,4.62,G5IV-Vvar,0.751,1.313772,-2.087713,-5.587991,9.26e-06,5.259e-05,6.78e-06,5.273989828950576,-1.155094997375865,5.8676514944e-06,-5.480042956e-06,Del,,Pav,1,98924,,1.23594743344451,,,
98939,99255.0,192907.0,7750.0,,1Kap Cep,,20.148145,77.711419,96.5251,11.11,23.72,-23.0,4.38,-0.543,B9III,-0.046,10.954137,-17.379882,94.313317,-4.05e-06,1.618e-05,-2.062e-05,5.274772082299499,1.3563201332307937,5.38627999e-08,1.14997805e-07,Kap,1.0,Cep,1,98939,,143.6150652907477,,,
98986,99303.0,191610.0,7708.0,,28    Cyg,,20.157116,36.839621,317.4603,3.15,12.96,-14.0,4.93,-2.578,B2.5V,-0.139,135.974862,-214.620058,190.341877,-8.44e-06,2.238e-05,7.38e-06,5.277120692626771,0.6429726897787138,1.52716309e-08,6.2831853e-08,,28.0,Cyg,1,98986,,935.8365435835292,V1624,4.966,4.866
99156,99473.0,191692.0,7710.0,,65The Aql,,20.188413,-0.821461,87.7963,35.48,6.05,-27.0,3.24,-1.477,B9.5III,-0.066,47.588681,-73.769106,-1.258706,-2.26e-06,3.136e-05,2.97e-06,5.285314060104072,-0.0143371983517637,1.720118939e-07,2.9331227e-08,The,65.0,Aql,1,99156,,339.46890538007864,,,
99320,99639.0,192514.0,7730.0,,30    Cyg,,20.22168,46.815675,187.2659,13.39,1.93,-26.0,4.8,-1.562,A5IIIn,0.1,70.407065,-107.081758,136.545862,-5.4e-07,2.295e-05,-1.819e-05,5.294023569019829,0.81708766987291,6.49165518e-08,9.356904e-09,,30.0,Cyg,1,99320,,367.11319968796414,,,
99336,99655.0,192696.0,7740.0,,33    Cyg,,20.223288,56.567722,48.8281,60.85,82.26,-18.0,4.28,0.837,A3IV-Vn,0.114,14.789098,-22.47197,40.748751,-2.48e-06,2.996e-05,-4.64e-06,5.294444398329841,0.9872930005676636,2.950091246e-07,3.98807733e-07,,33.0,Cyg,1,99336,,40.29025350832952,,,
99356,99675.0,192577.0,7735.0,,31    Cyg,,20.227196,46.741329,271.0027,4.2,1.87,-8.0,3.8,-3.365,K2II+...,1.27,102.254717,-155.030652,197.362343,5.3e-07,9.21e-06,-4.27e-06,5.295467486169028,0.8157900813276312,2.03621746e-08,9.066015e-09,,31.0,Cyg,1,99356,,1931.968317016924,V695,3.908,3.788
99423,99742.0,192425.0,7724.0,,67Rho Aql,,20.237949,15.197609,45.977,55.69,57.98,-23.0,4.94,1.627,A2V,0.072,24.533517,-36.968946,12.052766,-4.08e-06,2.86e-05,6.3e-06,5.298282773436464,0.2652483075809962,2.699927387e-07,2.81094971e-07,Rho,67.0,Aql,1,99423,,19.462561593612413,,,
99451,99770.0,192640.0,7736.0,,29    Cyg,,20.242229,36.806302,42.6985,69.22,68.67,-17.0,4.93,1.778,A2V,0.151,18.93548,-28.464099,25.581078,-5e-07,2.662e-05,9.6e-07,5.299403039395259,0.6423911590635975,3.355880297e-07,3.32921554e-07,,29.0,Cyg,1,99451,,16.93557708691518,V1644,4.947,4.917
99505,99824.0,192685.0,7739.0,,,,20.254415,25.591957,303.9514,6.9,-5.02,-7.0,4.79,-2.624,B3V,-0.181,152.562751,-227.755924,131.294561,6.63e-06,8.37e-06,-9.76e-06,5.302593510706259,0.4466639110455975,3.3452144e-08,-2.4337646e-08,,,Vul,1,99505,,976.3375665826426,QR,4.818,4.748
99529,99848.0,192909.0,7751.0,,32    Cyg,,20.257867,47.714208,324.6753,3.88,1.2,-14.0,3.96,-3.597,K3Ib-II comp,1.451,121.738655,-181.384936,240.194033,-1.08e-06,1.256e-05,-9.32e-06,5.303497121594245,0.832770031905435,1.88107708e-08,5.817764e-09,,32.0,Cyg,1,99529,,2392.2138475120555,V1488,3.985,3.935
99554,99874.0,192806.0,7744.0,,23    Vul,,20.262816,27.814242,103.8422,-34.37,5.77,3.0,4.5,-0.582,K3III,1.258,51.282167,-76.194551,48.453459,-1.36e-05,-1.079e-05,4e-06,5.304792798983458,0.4854501097703037,-1.66630462e-07,2.7973749e-08,,23.0,Vul,1,99554,,148.86753594923644,,,
99574,99894.0,192699.0,,,,Chechia,20.268335,4.580795,65.6168,-40.72,-51.16,0.0,6.44,2.355,G5,0.867,36.598915,-54.209052,5.240473,-1.001e-05,-8.32e-06,-1.622e-05,5.306237565608856,0.0799499597315675,-1.974161307e-07,-2.48030678e-07,,,Aql,1,99574,,9.954054173515267,,,
99706,100027.0,192876.0,7747.0,,5Alp1Cap,,20.29413,-12.508212,174.5201,22.24,0.75,-26.0,4.3,-1.909,G3Ib,0.928,96.287073,-140.560798,-37.797433,9.3e-07,3.194e-05,6.38e-06,5.312990880447423,-0.2183094861841075,1.078225626e-07,3.636102e-09,Alp-1,5.0,Cap,1,99706,,505.3589947531675,,,
99723,100044.0,193237.0,7763.0,,34    Cyg,,20.296445,38.03293,100000.0,-3.53,-6.88,-9.0,4.77,-15.23,B2pe,0.377,44552.936147,-64954.352047,61611.427632,-0.00025296,-0.00265653,-0.00263269,5.313596894253174,0.6637998581421662,-1.71139229e-08,-3.3355181e-08,,34.0,Cyg,1,99723,,107646521.3629835,P,4.868,4.688
99743,100064.0,192947.0,7754.0,,6Alp2Cap,Algedi,20.300904,-12.544852,32.4465,61.78,2.85,0.7,3.58,1.024,G6/G8III,0.883,17.945333,-26.097385,-7.047505,8.46e-06,4.85e-06,2.8e-07,5.314764237781554,-0.2189489680995962,2.995178918e-07,1.3817189e-08,Alp-2,6.0,Cap,1,99743,,33.91563869058218,,,
99985,100310.0,193432.0,7773.0,,8Nu  Cap,Alshat,20.344393,-12.75908,77.6398,15.71,-14.63,-2.0,4.77,0.32,B9IV,-0.047,43.612148,-61.902343,-17.146901,2.98e-06,6.03e-06,-4.92e-06,5.326149706437006,-0.2226879476221087,7.61642292e-08,-7.0928241e-08,Nu,8.0,Cap,1,99985,,64.86344335482381,,,
100020,100345.0,193495.0,7776.0,,9Bet Cap,Dabih,20.350187,-14.781367,100.2004,48.42,14.0,-19.0,3.05,-1.954,A5:n,0.79,55.920163,-79.116953,-25.564218,9.36e-06,2.75e-05,1.153e-05,5.327666598034361,-0.2579835241032437,2.347467841e-07,6.7873915e-08,Bet,9.0,Cap,1,100020,,526.744488331906,,,
100128,100453.0,194093.0,7796.0,,37Gam Cyg,Sadr,20.370473,40.256679,561.7978,2.43,-0.93,-8.0,2.23,-6.518,F8Ib,0.673,249.318228,-348.795593,363.040966,2.7e-06,7.6e-06,-7.22e-06,5.332977255083509,0.7026115975482887,1.17809724e-08,-4.508767e-09,Gam,37.0,Cyg,1,100128,,35253.318119588555,,,
100260,100587.0,194317.0,7806.0,,39    Cyg,,20.397671,32.190172,76.6284,35.71,-5.81,-15.0,4.43,0.008,K3III,1.331,38.085495,-52.487418,40.822262,3.79e-06,1.737e-05,-1e-05,5.340097861860947,0.5618244865328526,1.731269653e-07,-2.8167674e-08,,39.0,Cyg,1,100260,,86.45696780339125,,,
100425,100751.0,193924.0,7790.0,,Alp Pav,Peacock,20.427459,-56.73509,54.8246,7.71,-86.15,2.0,1.94,-1.755,B2IV,-0.118,17.850262,-24.200974,-45.841245,-9.05e-06,1.572e-05,-1.427e-05,5.347896379067429,-0.9902141215861188,3.73791348e-08,-4.17666985e-07,Alp,,Pav,1,100425,,438.5306977749856,,,
100701,101027.0,194943.0,7822.0,Gl 791.1A,11Rho Cap,,20.481004,-17.813687,30.2663,-15.79,-7.66,18.4,4.77,2.365,F3V,0.386,17.427785,-22.947733,-9.2592,8.78e-06,-1.54e-05,-6.83e-06,5.361914305169299,-0.3109074869463613,-7.65520802e-08,-3.7136727e-08,Rho,11.0,Cap,1,100701,Gl 791.1,9.8627948563121,,,
100750,101076.0,195295.0,7834.0,,41    Cyg,,20.489926,30.368555,235.8491,6.87,-0.64,-18.0,4.01,-2.853,F5II,0.404,123.449711,-161.764331,119.235866,-3.17e-06,1.71e-05,-9.94e-06,5.364250173433624,0.5300312738504387,3.33066999e-08,-3.102807e-09,,41.0,Cyg,1,100750,,1205.5910077295343,,,
100767,101093.0,195725.0,7850.0,,2The Cep,,20.493015,62.994105,41.841,45.0,-13.31,-7.0,4.21,1.102,A7III,0.199,11.538446,-15.094197,37.278593,6.74e-06,6.21e-06,-7.6e-06,5.365058740953867,1.099454537373875,2.181661562e-07,-6.45287e-08,The,2.0,Cep,1,100767,,31.564578912990697,,,
100775,101101.0,195135.0,7831.0,,69    Aql,,20.494167,-2.885531,61.2745,71.88,-22.39,-23.0,4.91,0.974,K2III,1.16,37.179947,-48.607366,-3.084593,2.48e-06,3.19e-05,-5.46e-06,5.365360322235643,-0.0503620108106012,3.484840736e-07,-1.08549783e-07,,69.0,Aql,1,100775,,35.514033498288214,,,
100812,101138.0,195556.0,7844.0,,45Ome1Cyg,,20.500983,48.951569,278.5515,10.01,7.64,-22.0,4.94,-2.285,B2.5IV,-0.087,111.394275,-145.094477,210.07079,-3.01e-06,2.612e-05,-1.019e-05,5.367144703636182,0.8543660510979437,4.85298494e-08,3.7039765e-08,Ome-1,45.0,Cyg,1,100812,,714.4963260755135,V2014,4.961,4.921
101095,101421.0,195810.0,7852.0,,2Eps Del,Aldulfin,20.553547,11.303263,101.3171,10.75,-28.54,-19.0,4.03,-0.998,B6III,-0.123,61.580495,-77.965441,19.858319,-5.96e-06,1.607e-05,-1.755e-05,5.380906149027868,0.1972791512990399,5.21174707e-08,-1.38365824e-07,Eps,2.0,Del,1,101095,,218.37353276021747,,,
101148,101474.0,196093.0,7866.0,,47    Cyg,,20.565052,35.250852,847.4576,-2.26,-5.35,-4.0,4.61,-5.031,K2Ib comp,1.593,430.589579,-541.795293,489.116345,-1.45e-06,-1.309e-05,-2.031e-05,5.383917994128095,0.6152434270466037,-1.09567892e-08,-2.5937531e-08,,47.0,Cyg,1,101148,,8961.898068616147,,4.657,4.547
101263,101589.0,196180.0,7871.0,,4Zet Del,,20.588482,14.674213,67.4764,45.08,11.71,-25.0,4.64,0.494,A3V,0.12,40.925879,-50.85202,17.09324,-4.63e-06,2.927e-05,-2.77e-06,5.390051923347563,0.2561133357522087,2.185540072e-07,5.6771681e-08,Zet,4.0,Del,1,101263,,55.25861556300781,,,
101285,101612.0,195627.0,7848.0,,Phi1Pav,,20.593003,-60.581749,27.7932,70.15,-185.58,-20.0,4.75,2.53,F1III,0.291,8.571694,-10.624832,-24.209317,-1.263e-05,3.071e-05,5.54e-06,5.391235447846974,-1.0573509895257451,3.400967969e-07,-8.99717228e-07,Phi-1,,Pav,1,101285,,8.472274141405961,,,
101365,101692.0,196321.0,7873.0,,70    Aql,,20.61212,-2.549957,398.4064,9.09,-16.05,-10.0,4.91,-3.092,K5II,1.606,251.457146,-308.516947,-17.725279,6.28e-06,2.008e-05,-3.051e-05,5.396240414608681,-0.0445051478602062,4.40695636e-08,-7.7812595e-08,,70.0,Aql,1,101365,,1502.4499029989145,,,
101442,101769.0,196524.0,7882.0,,6Bet Del,Rotanev,20.625816,14.595087,30.931,118.28,-47.65,-23.0,3.64,1.188,F5IV,0.425,18.994041,-23.134214,7.794139,4.1e-07,2.746e-05,-1.284e-05,5.399826077579187,0.2547323236299674,5.734376214e-07,-2.31013718e-07,Bet,6.0,Del,1,101442,,29.16083798521233,,,
101445,101772.0,196171.0,7869.0,Gl 794.1,Alp Ind,,20.626116,-47.291502,30.1477,49.2,66.07,-1.3,3.11,0.714,K0III,0.998,12.976855,-15.802893,-22.152943,9.49e-06,-2.2e-07,7.53e-06,5.399904590122895,-0.8253924132315175,2.385283308e-07,3.20316398e-07,Alp,,Ind,1,101445,,45.12321133443373,,,
101446,101773.0,195961.0,7859.0,,Rho Pav,,20.626465,-61.529918,58.1395,59.15,-71.7,8.0,4.86,1.038,Fm delta Del,0.447,17.590562,-21.417286,-51.108529,4.08e-06,2.129e-05,-1.683e-05,5.399995919213806,-1.07389966359982,2.86767292e-07,-3.47611408e-07,Rho,,Pav,1,101446,,33.48112173860538,Rho,4.874,4.844
101519,101847.0,196574.0,7884.0,,71    Aql,,20.638967,-1.105121,103.4126,15.66,-17.01,-6.0,4.31,-0.763,G8III SB,0.949,65.883837,-79.683729,-1.994498,2.04e-06,9.86e-06,-8.41e-06,5.403269022315945,-0.0192879965845612,7.59218224e-08,-8.2466807e-08,,71.0,Aql,1,101519,,175.87333541355733,,,
101539,101867.0,196724.0,7891.0,,29    Vul,,20.642038,21.201174,71.3776,74.38,-2.48,-18.0,4.81,0.542,A0V,-0.03,42.445603,-51.252204,25.813199,9.07e-06,2.94e-05,-7.46e-06,5.404072826288637,0.3700302837954338,3.606044156e-07,-1.2023379e-08,,29.0,Vul,1,101539,,52.86886658508811,,,
101629,101958.0,196867.0,7906.0,,9Alp Del,Sualocin,20.660635,15.912072,77.821,54.14,7.91,-3.0,3.77,-0.685,B9V,-0.057,48.015095,-57.406003,21.335542,1.325e-05,1.599e-05,2.03e-06,5.408941596683609,0.2777180455516675,2.624781267e-07,3.8348762e-08,Alp,9.0,Del,1,101629,,163.68165214278085,,,
101767,102098.0,197345.0,7924.0,,50Alp Cyg,Deneb,20.690532,45.280338,432.9004,1.56,1.55,-5.0,1.25,-6.932,A2Ia,0.092,197.250632,-232.113407,307.600832,-1.33e-06,6.62e-06,-1.34e-06,5.416768542177067,0.790290982752855,7.5630934e-09,7.514612e-09,Alp,50.0,Cyg,1,101767,,51617.86054966733,Alp,1.294,1.224
101950,102281.0,197461.0,7928.0,,11Del Del,,20.724315,15.074581,68.4463,-19.61,-41.74,9.0,4.43,0.253,A7IIIp d Del,0.302,43.241717,-49.981753,17.801271,3.25e-06,-1.37e-05,-1.098e-05,5.4256129921203256,0.2631010673392375,-9.50719628e-08,-2.0236123e-07,Del,11.0,Del,1,101950,,68.99220098440475,Del,4.456,4.386
102002,102333.0,197157.0,7920.0,GJ 4158,Eta Ind,,20.733966,-51.920971,24.1721,155.49,-53.64,-1.6,4.51,2.593,A6:var,0.278,9.78249,-11.249611,-19.027319,9.84e-06,1.645e-05,-2.59e-06,5.428139582071928,-0.9061918914730076,7.538367919e-07,-2.60054058e-07,Eta,,Ind,1,102002,,7.99466002520316,,,
102057,102388.0,197752.0,7939.0,,30    Vul,,20.747919,25.270617,99.6016,-27.74,-177.6,31.0,4.92,-0.071,K2III,1.183,59.35045,-67.750673,42.51946,3.294e-05,-5.793e-05,-6.401e-05,5.431792385235994,0.4410554619954099,-1.34487315e-07,-8.61029096e-07,,30.0,Vul,1,102057,,92.98223905853808,,,
102064,102395.0,197051.0,7913.0,,Bet Pav,,20.749314,-66.203212,41.425,-42.4,10.57,10.0,3.42,0.334,A5IV,0.163,11.018527,-12.568841,-37.903223,-2.4e-06,-1.018e-05,-8.5e-06,5.432157735341245,-1.1554640326079475,-2.055610006e-07,5.1244806e-08,Bet,,Pav,1,102064,,64.0324324468947,,,
102091,102422.0,198149.0,7957.0,Gl 807,3Eta Cep,,20.754811,61.838782,14.2653,86.08,817.89,-86.8,3.41,2.639,K0IV,0.912,4.44524,-5.055924,12.575933,-5.612e-05,7.285e-05,-5.157e-05,5.433596751616642,1.0792903488728465,4.173276162e-07,3.965242611e-06,Eta,3.0,Cep,1,102091,,7.663020722739191,,,
102100,102431.0,198084.0,7955.0,GJ 9706,,,20.755878,57.579725,27.2926,-62.95,-235.56,-32.4,4.52,2.34,F8IV-V,0.535,9.664508,-10.986162,23.038483,-6.1e-07,-1.192e-05,-4.468e-05,5.4338760815856455,1.0049557902628312,-3.051902119e-07,-1.142027105e-06,,,Cep,1,102100,,10.092528860766844,,,
102122,102453.0,197912.0,7942.0,,52    Cyg,,20.761043,30.719715,61.6523,-8.01,24.04,-1.0,4.22,0.27,K0III,1.051,35.06106,-39.747089,31.494379,-4.8e-06,1.83e-06,5.65e-06,5.435228315206212,0.53616017480557,-3.88335758e-08,1.16549208e-07,,52.0,Cyg,1,102122,,67.92036326171846,,,
102154,102485.0,197692.0,7936.0,Gl 805,16Psi Cap,,20.76826,-25.270898,14.6778,-51.38,-156.66,25.8,4.13,3.297,F5V,0.426,8.799322,-9.937473,-6.266031,9.93e-06,-1.673e-05,-2.134e-05,5.437117756398896,-0.4410603667047212,-2.490972691e-07,-7.59509111e-07,Psi,16.0,Cap,1,102154,,4.180228289540324,,,
102157,102488.0,197989.0,7949.0,Gl 806.1A,53Eps Cyg,Aljanah,20.770178,33.970256,22.2916,356.16,330.28,-10.9,2.48,0.739,K0III,1.021,12.262597,-13.834612,12.455654,9.44e-06,4.737e-05,2.337e-05,5.43761981873354,0.59289281587296,1.7267124047e-06,1.601242624e-06,Eps,53.0,Cyg,1,102157,Gl 806.1,44.09608164506378,,,
102201,102532.0,197964.0,7948.0,,12Gam2Del,,20.77764,16.124296,38.7297,-25.88,-196.27,-7.0,4.27,1.33,K1IV,1.042,24.733436,-27.794763,10.756074,-1.4e-06,-5.74e-06,-3.739e-05,5.439573343139421,0.2814220579916625,-1.254697805e-07,-9.5154381e-07,Gam-2,12.0,Del,1,102201,,25.58585886905645,,4.424,4.254
102240,102571.0,198134.0,7956.0,,,,20.786319,34.374123,136.4256,39.26,8.24,-23.0,4.93,-0.744,K3IIIvar,1.294,75.044759,-83.948328,77.024999,4.37e-06,3.407e-05,-8.78e-06,5.441845501456196,0.5999416285506614,1.90337851e-07,3.9948647e-08,,,Cyg,1,102240,,172.82238729497664,T,4.94,4.92
102258,102589.0,198183.0,7963.0,,54Lam Cyg,,20.790149,36.490717,235.8491,14.93,-8.2,-23.0,4.53,-2.333,B6IV,-0.083,126.511034,-141.235517,140.257577,3.82e-06,2.132e-05,-2.153e-05,5.442848218348472,0.6368831511461912,7.23826825e-08,-3.9754721e-08,Lam,54.0,Cyg,1,102258,,746.7925899308835,,,
102287,102618.0,198001.0,7950.0,,2Eps Aqr,Albali,20.794598,-9.495776,63.6943,31.89,-35.32,-16.0,3.78,-0.241,A1V,0.0,41.969653,-46.744809,-10.507937,-4.66e-06,1.993e-05,-8.06e-06,5.444012900811973,-0.1657325503166712,1.546070827e-07,-1.71236191e-07,Eps,2.0,Aqr,1,102287,,108.74267195462436,,,
102293,102624.0,198026.0,7951.0,,3    Aqr,,20.795621,-5.027701,179.5332,-3.3,-40.24,-22.0,4.43,-1.841,M3IIIvar,1.639,119.516375,-133.042786,-15.733799,-1.917e-05,1.704e-05,-3.292e-05,5.44428086801005,-0.0877499330289687,-1.59988515e-08,-1.95089025e-07,,3.0,Aqr,1,102293,,474.6789794829222,EN,4.458,4.378
102393,102724.0,198478.0,7977.0,,55    Cyg,,20.815637,46.114134,714.2857,-2.92,-2.62,-7.0,4.81,-4.459,B3Ia,0.571,332.83026,-366.616188,514.801477,-6.43e-06,-7.96e-06,-1.145e-05,5.449520906130104,0.8048434758564675,-1.41565595e-08,-1.2702118e-08,,55.0,Cyg,1,102393,,5291.758304203465,V1661,4.836,4.786
102459,102790.0,198048.0,7952.0,,Zet Ind,,20.824709,-46.226826,126.5823,37.85,27.28,-5.0,4.9,-0.612,K5III,1.494,59.015725,-64.696943,-91.403048,2.292e-05,9.34e-06,1.527e-05,5.451895977642308,-0.806810317749745,1.835019781e-07,1.32257172e-07,Zet,,Ind,1,102459,,153.03825321774377,,,
102500,102831.0,198232.0,7965.0,,Alp Mic,,20.8328,-33.779722,116.0093,3.71,-20.19,-15.0,4.89,-0.432,G8III,1.004,65.133632,-71.100794,-64.501268,-1.134e-05,1.547e-05,-9.1e-07,5.454014400382641,-0.5895673724839675,1.79865875e-08,-9.7883882e-08,Alp,,Mic,1,102500,,129.65820353826285,,,
102647,102978.0,198542.0,7980.0,,18Ome Cap,,20.863692,-26.919133,258.3979,-7.97,-2.54,9.0,4.12,-2.941,K4III,1.633,157.000892,-168.625944,-116.985158,-2.7e-06,-1.176e-05,-7e-06,5.46210180890306,-0.4698274947498362,-3.86396503e-08,-1.2314267e-08,Ome,18.0,Cap,1,102647,,1307.3744701631329,,,
102673,103004.0,198809.0,7995.0,GJ 4168,31    Vul,,20.868801,27.096979,57.8035,-72.33,-60.95,1.0,4.56,0.75,G8III,0.835,35.115833,-37.614991,26.329381,-8.89e-06,-2.018e-05,-1.474e-05,5.463439300674818,0.4729315094280425,-3.506657351e-07,-2.95493938e-07,,31.0,Vul,1,102673,,43.65158322401658,,,
102714,103045.0,198743.0,7990.0,,6Mu  Aqr,,20.877565,-8.983318,48.216,47.06,-32.91,-9.0,4.73,1.314,A3m,0.325,32.579072,-34.73754,-7.528766,9.8e-07,1.503e-05,-6.16e-06,5.465733672341533,-0.1567884730815925,2.281533181e-07,-1.59552182e-07,Mu,6.0,Aqr,1,102714,,25.965697902737837,,,
102758,103089.0,199081.0,8001.0,,57    Cyg,,20.887431,44.38726,161.0306,11.27,-2.44,-20.0,4.8,-1.235,B5V,-0.134,78.938613,-83.734012,112.641498,-2.71e-06,1.57e-05,-1.567e-05,5.468316659086891,0.7747038414922862,5.46385018e-08,-1.1829453e-08,,57.0,Cyg,1,102758,,271.6439268839081,,,
102895,103227.0,198700.0,7986.0,,Bet Ind,,20.913498,-58.454155,187.6173,21.06,-24.75,-5.0,3.67,-2.696,K0III,1.25,67.818551,-70.96183,-159.891518,-1.26e-06,2.904e-05,-7.42e-06,5.47514089939041,-1.0202174619246187,1.021017611e-07,-1.19991385e-07,Bet,,Ind,1,102895,,1043.277881459965,,,
103081,103413.0,199629.0,8028.0,,58Nu  Cyg,,20.952893,41.167136,114.8106,8.51,-23.97,-28.0,3.94,-1.36,A1Vn,0.027,60.355787,-61.863108,75.574805,-5.53e-06,1.245e-05,-2.889e-05,5.485454684004387,0.7185020581639088,4.12576442e-08,-1.16209839e-07,Nu,58.0,Cyg,1,103081,,304.7894989627983,,,
103195,103527.0,199665.0,8030.0,,18    Del,Musica,20.973871,10.839286,75.3012,-47.95,-34.35,0.0,5.51,1.126,G6III:,0.934,51.937043,-52.652515,14.160751,-1.081e-05,-1.397e-05,-1.232e-05,5.490946535903601,0.1891812288318837,-2.324681598e-07,-1.66533499e-07,,18.0,Del,1,103195,,30.87450475587447,,,
103300,103632.0,200120.0,8047.0,,59    Cyg,,20.997098,47.520951,434.7826,7.25,2.47,1.0,4.74,-3.451,B1ne,-0.084,207.46128,-207.776645,320.662751,8.59e-06,1.303e-05,4.27e-06,5.497027516553678,0.8293970587803488,3.51489918e-08,1.1974897e-08,,59.0,Cyg,1,103300,,2091.221330155289,V832,4.76,4.72
103406,103738.0,199951.0,8039.0,,Gam Mic,,21.021517,-32.257767,70.2247,-2.09,-0.19,18.0,4.67,0.438,G8III,0.89,42.228148,-41.75506,-37.481056,1.055e-05,-1.143e-05,-9.88e-06,5.503420219339698,-0.5630042470600187,-1.01326059e-08,-9.21145e-10,Gam,,Mic,1,103406,,58.1835211048072,,,
103684,104019.0,200499.0,8060.0,Gl 816.2A,22Eta Cap,,21.073417,-19.854991,49.505,-39.01,-24.45,23.8,4.82,1.347,A5V,0.169,33.551285,-32.285712,-16.81399,8.57e-06,-2.124e-05,-1.379e-05,5.517007709149103,-0.34653495919826,-1.891258168e-07,-1.18536944e-07,Eta,22.0,Cap,1,103684,Gl 816.2,25.18836627841739,,,
103725,104060.0,200905.0,8079.0,,62Xi  Cyg,,21.082184,43.927852,258.3979,8.6,0.35,-20.0,3.72,-3.341,K5Ibv SB,1.609,134.394395,-128.732159,179.263939,-3.41e-06,1.818e-05,-1.387e-05,5.519302740822295,0.7666856508474112,4.16939765e-08,1.696847e-09,Xi,62.0,Cyg,1,103725,,1889.731054431676,,,
103804,104139.0,200761.0,8075.0,,23The Cap,,21.099118,-17.232861,49.7265,79.64,-61.64,-11.0,4.08,0.597,A1V,-0.01,34.443471,-32.700737,-14.731739,2.23e-06,2.435e-05,-1.086e-05,5.523736243424134,-0.30077015884258,3.861056152e-07,-2.98839152e-07,The,23.0,Cap,1,103804,,50.25739801095915,,,
103859,104194.0,201251.0,8089.0,,63    Cyg,,21.110026,47.648403,316.4557,6.51,-0.99,-26.0,4.56,-2.942,K4II,1.569,155.026624,-146.343339,233.868415,-5.35e-06,1.879e-05,-2.067e-05,5.526591754161993,0.8316215240030188,3.15613706e-08,-4.799655e-09,,63.0,Cyg,1,103859,,1308.5791612450996,,,
103899,104234.0,200914.0,8080.0,,24    Cap,,21.118797,-25.005853,139.8601,-27.19,-43.37,32.0,4.49,-1.238,K5/M0III,1.604,92.369811,-86.795805,-59.120502,-7e-08,-2.523e-05,-4.048e-05,5.5288881465676525,-0.4364344728073138,-1.318208397e-07,-2.10263693e-07,,24.0,Cap,1,103899,,272.3955447120866,,,
104046,104382.0,177482.0,7228.0,,Sig Oct,Polaris Australis,21.146119,-88.956499,86.1326,25.96,5.02,12.0,5.45,0.774,F0III,0.283,1.150845,-1.065873,-86.118423,9.07e-06,6.38e-06,-1.223e-05,5.536041063254276,-1.5525837960455977,1.258576315e-07,2.4337646e-08,Sig,,Oct,1,104046,,42.69725940480335,Sig,5.483,5.423
104122,104459.0,201381.0,8093.0,,13Nu  Aqr,,21.159902,-11.371693,48.852,92.31,-15.76,-12.0,4.5,1.056,G8III,0.926,35.252969,-32.418434,-9.632275,5.4e-06,2.473e-05,-1.24e-06,5.5396493429007,-0.198473484558065,4.475315085e-07,-7.6406636e-08,Nu,13.0,Aqr,1,104122,,32.93062701752084,,,
104184,104521.0,201601.0,8097.0,,5Gam Equ,,21.172361,10.131579,36.2976,49.07,-151.85,-17.0,4.7,1.901,F0p,0.262,26.379939,-24.10051,6.385059,-3.34e-06,1.475e-05,-2.936e-05,5.542911146608139,0.1768294203412362,2.37898073e-07,-7.36189573e-07,Gam,5.0,Equ,1,104184,,15.121678487917672,Gam,4.719,4.689
104394,104732.0,202109.0,8115.0,,64Zet Cyg,,21.215607,30.226916,43.8789,6.87,-68.12,17.0,3.21,-0.001,G8II SB,0.99,28.278409,-25.25354,22.089851,1.762e-05,-1.378e-05,-3.77e-06,5.554232942433624,0.5275592012680587,3.33066999e-08,-3.30255079e-07,Zet,64.0,Cyg,1,104394,,87.17661466018497,,,
104442,104780.0,,,,,Solaris,21.226663,14.689387,48.3559,236.44,1.2,0.0,9.78,6.358,K5,1.611,34.978517,-31.055419,12.26203,3.675e-05,4.149e-05,2.7e-07,5.557127390067831,0.256378171905435,1.1462934663e-06,5.817764e-09,,,Peg,1,104442,,0.249344618809783,,,
104520,104858.0,202275.0,8123.0,Gl 822A,7Del Equ,,21.241337,10.006981,18.4877,42.32,-303.43,-15.8,4.47,3.136,F5V+...,0.529,13.660962,-12.035259,3.212549,-5.89e-06,1.024e-05,-2.959e-05,5.560969130265059,0.1746547671361875,2.051731496e-07,-1.47107015e-06,Del,7.0,Equ,1,104520,Gl 822,4.848417387084461,,,
104549,104887.0,202444.0,8130.0,Gl 822.1A,65Tau Cyg,,21.246517,38.045317,20.3417,195.74,410.02,-23.1,3.74,2.198,F1IV,0.393,12.034413,-10.573279,12.536148,-1.996e-05,4.323e-05,1.728e-05,5.56232510752511,0.6640160455392137,9.489742983e-07,1.987833053e-06,Tau,65.0,Cyg,1,104549,Gl 822.1,11.502705477901149,Tau,3.748,3.738
104649,104987.0,202447.0,8131.0,,8Alp Equ,Kitalpha,21.263731,5.247845,58.3431,59.63,-94.33,-16.0,3.92,0.09,G0III+...,0.549,43.818116,-38.149671,5.336289,6.3e-07,2.182e-05,-2.806e-05,5.56683174357598,0.09159216640849,2.890943977e-07,-4.57324744e-07,Alp,8.0,Equ,1,104649,,80.16780633876789,,,
104751,105090.0,202560.0,,Gl 825,,Lacaille 8760,21.287725,-38.867362,3.9462,-3259.0,-1146.99,28.2,6.69,8.709,M1/M2V,1.397,2.330004,-2.003156,-2.476477,-3.405e-05,-5.295e-05,-3.518e-05,5.573113374318819,-0.6783634426887974,-1.58000778493e-05,-5.560764434e-06,,,Mic,1,104751,,0.0286022369395428,AX,6.707,6.667
104764,105102.0,202850.0,8143.0,,67Sig Cyg,,21.290265,39.394681,884.9558,0.43,-3.61,-4.0,4.22,-5.515,B9Iab,0.098,518.89819,-445.473153,561.644945,6.26e-06,-2.94e-06,-1.456e-05,5.573778247241115,0.6875668968594862,2.0846988e-09,-1.7501773e-08,Sig,67.0,Cyg,1,104764,,13995.873225726178,,,
104800,105138.0,202904.0,8146.0,,66Ups Cyg,,21.298632,34.896898,196.8504,11.96,6.85,4.0,4.41,-2.061,B2Vne,-0.103,122.732539,-104.899517,112.618423,7.12e-06,8.93e-06,7.7e-06,5.5759687873575166,0.6090657645851988,5.79837162e-08,3.3209737e-08,Ups,66.0,Cyg,1,104800,,581.2995677253883,Ups,4.446,4.176
104802,105140.0,202627.0,8135.0,,Eps Mic,,21.298966,-32.172539,55.8659,55.46,-22.12,-1.0,4.71,0.974,A0V,0.07,35.949472,-30.720552,-29.746948,6.67e-06,1.405e-05,-4.53e-06,5.576056345679588,-0.5615167383568775,2.688776672e-07,-1.07240786e-07,Eps,,Mic,1,104802,,35.514033498288214,,,
104861,105199.0,203280.0,8162.0,Gl 826,5Alp Cep,Alderamin,21.30963,62.585573,15.0376,149.91,48.27,-11.5,2.45,1.564,A7IV-V,0.257,5.276111,-4.483201,13.348778,5.7e-07,1.386e-05,-8.82e-06,5.578848152361649,1.092324304671176,7.267841885e-07,2.34019563e-07,Alp,5.0,Cep,1,104861,,20.62528697846573,,,
104979,105319.0,202730.0,8140.0,GJ 9733A,The Ind,,21.331096,-53.449427,30.2847,107.37,-67.12,-14.5,4.39,1.984,A5V,0.191,13.809188,-11.601,-24.32855,-2.68e-06,2.284e-05,6.04e-06,5.584467926763927,-0.9328684913107426,5.205444488e-07,-3.25406942e-07,The,,Ind,1,104979,GJ 9733,14.008769839545833,,,
105041,105382.0,203006.0,8151.0,,The1Mic,,21.346008,-40.809465,60.4595,76.18,17.66,2.0,4.8,0.893,A2p,0.029,35.152421,-29.298107,-39.513055,1.808e-05,1.399e-05,2.58e-06,5.588371760646791,-0.7122595388416687,3.693310618e-07,8.5618095e-08,The-1,,Mic,1,105041,,38.26484865951095,The-1,4.813,4.793
105162,105502.0,203504.0,8173.0,,1    Peg,,21.36811,19.804508,47.7783,105.94,62.61,-76.0,4.08,0.684,K1III,1.108,34.696699,-28.579725,16.187628,-4.464e-05,6.856e-05,-1.269e-05,5.594158085101616,0.3456538699911437,5.136116132e-07,3.03541845e-07,,1.0,Peg,1,105162,,46.38739667560309,,,
105175,105515.0,203387.0,8167.0,,32Iot Cap,,21.370776,-16.834542,60.3136,30.83,5.26,12.0,4.28,0.378,G8III,0.888,44.584575,-36.672187,-17.467386,1.514e-05,-7.8e-07,-2.08e-06,5.594856196845504,-0.2938181928645088,1.494680577e-07,2.5501199e-08,Iot,32.0,Cap,1,105175,,61.48936385126264,Iot,4.302,4.272
105519,105858.0,203608.0,8181.0,Gl 827,Gam Pav,,21.440705,-65.366198,9.2618,81.08,800.68,-29.4,4.21,4.377,F6V,0.494,3.025799,-2.397286,-8.418648,1.805e-05,-9.66e-06,4.232e-05,5.6131635375106566,-1.1408553781959514,3.930869322e-07,3.881806177e-06,Gam,,Pav,1,105519,,1.545966219386674,,,
105540,105881.0,204075.0,8204.0,,34Zet Cap,,21.444452,-22.411332,118.2033,-2.61,18.88,3.0,3.77,-1.593,G4Ibp...,1.002,85.717547,-67.776385,-45.065401,4.53e-06,-5.49e-06,8.83e-06,5.614144324280676,-0.3911515410878075,-1.26536371e-08,9.1532822e-08,Zet,34.0,Cap,1,105540,,377.7461093882191,,,
105691,106032.0,205021.0,8238.0,,8Bet Cep,Alfirk,21.477662,70.560716,210.084,12.6,8.73,-8.0,3.23,-3.382,B2IIIv SB,-0.201,55.219515,-42.886719,198.108029,-9e-07,1.695e-05,-4.76e-06,5.622838696507083,1.2315168153370477,6.10865238e-08,4.2324234e-08,Bet,8.0,Cep,1,105691,,1962.4563241736896,Bet,3.257,3.207
105698,106039.0,204381.0,8213.0,,36    Cap,,21.478721,-21.80718,52.4659,133.97,-5.47,-22.0,4.5,0.901,K0III,0.889,38.479425,-29.868324,-19.490179,3.98e-06,4.004e-05,7.07e-06,5.623115896167769,-0.380607089043945,6.495048878e-07,-2.6519308e-08,,36.0,Cap,1,105698,,37.98393901545072,,,
105798,106140.0,204724.0,8225.0,,2    Peg,,21.499137,23.638838,120.7729,24.39,3.52,-19.0,4.52,-0.89,M1III,1.618,87.760474,-67.372469,48.426252,-6.08e-06,2.267e-05,-5.9e-06,5.628460945652996,0.4125755493226087,1.182460567e-07,1.7065441e-08,,2.0,Peg,1,105798,,197.696964011186,,,
105936,106278.0,204867.0,8232.0,,22Bet Aqr,Sadalsuud,21.525982,-5.571172,164.7446,22.79,-6.7,7.0,2.9,-3.184,G0Ib,0.828,130.759282,-98.929336,-15.993766,1.625e-05,1.053e-05,-6.02e-06,5.635488811779081,-0.097235298222015,1.104890378e-07,-3.2482516e-08,Bet,22.0,Aqr,1,105936,,1635.3096517445822,,,
106139,106481.0,205435.0,8252.0,,73Rho Cyg,,21.56635,45.591837,37.8931,-24.48,-93.88,7.0,3.98,1.087,G8III,0.885,21.314004,-15.774287,27.069852,1.125e-05,-1.392e-05,-6.95e-06,5.6460571165290965,0.7957276744980238,-1.18682389e-07,-4.55143083e-07,Rho,73.0,Cyg,1,106139,,32.003685945865186,,,
106210,106551.0,205512.0,8255.0,,72    Cyg,,21.579596,38.534054,70.9723,116.8,93.3,-66.0,4.87,0.615,K1III,1.085,44.739104,-32.87133,44.213932,-3.487e-05,7.549e-05,-1.694e-05,5.649525008795815,0.6725461078976762,5.662623789e-07,4.52331163e-07,,72.0,Cyg,1,106210,,49.43106869868354,,,
106381,106723.0,205637.0,8260.0,,39Eps Cap,,21.618008,-19.466011,323.6246,13.48,0.81,-24.0,4.51,-3.04,B3V:p,-0.18,247.694778,-178.182639,-107.847055,-6.09e-06,3.043e-05,9.38e-06,5.659581384837736,-0.3397459926388375,6.53528841e-08,3.92699e-09,Eps,39.0,Cap,1,106381,,1432.187899273544,Eps,4.625,4.465
106444,106786.0,205767.0,8264.0,,23Xi  Aqr,Bunda,21.629197,-7.854201,54.7645,114.29,-24.44,-21.0,4.68,0.988,A7V,0.175,44.13209,-31.551274,-7.483694,-3.8e-07,3.757e-05,-3.49e-06,5.662510489318611,-0.1370816757740512,5.540935555e-07,-1.18488463e-07,Xi,23.0,Aqr,1,106444,,35.05903839326127,,,
106459,106801.0,206165.0,8279.0,,9    Cep,,21.632007,62.08194,100000.0,-1.9,-2.84,-13.0,4.76,-15.24,B2Ib,0.246,38108.12454,-27202.234555,88361.808809,0.00044995,-0.00145283,-0.00065635,5.663246217399726,1.083534253523805,-9.2114599e-09,-1.3768708e-08,,9.0,Cep,1,106459,,108642562.36170644,V337,4.787,4.737
106481,106824.0,205739.0,,,,Sāmaya,21.635668,-31.737485,107.7586,23.46,-82.19,0.0,8.56,3.398,F7V,0.546,74.642254,-53.172993,-56.684058,-1.128e-05,2.309e-05,-3.651e-05,5.664204507201283,-0.553923604598185,1.137372895e-07,-3.98468364e-07,,,PsA,1,106481,,3.808903764981351,,,
106642,106985.0,206088.0,8278.0,GJ 4209,40Gam Cap,Nashira,21.668181,-16.662308,48.1464,187.39,-22.33,-31.2,3.69,0.277,A7III:mp...,0.32,37.793496,-26.44095,-13.804954,-1.2e-06,5.422e-05,4.16e-06,5.672716509308115,-0.2908121292653225,9.08492356e-07,-1.08258894e-07,Gam,40.0,Cap,1,106642,,67.4838730870757,Gam,3.694,3.684
106746,107089.0,205478.0,8254.0,Gl 835.1,Nu  Oct,,21.691253,-77.390046,21.1999,64.83,-240.38,34.4,3.73,2.098,K0III,1.008,3.808297,-2.630174,-20.688835,-9.73e-06,1.482e-05,-3.973e-05,5.678756758166205,-1.350711116207344,3.143047091e-07,-1.165395125e-06,Nu,,Oct,1,106746,,12.612465753175384,,,
106776,107119.0,206952.0,8317.0,,11    Cep,,21.698652,71.311417,55.9284,119.48,94.49,-37.0,4.55,0.812,K0III,1.108,14.765451,-10.155456,52.979213,-1.163e-05,4.731e-05,-2.764e-05,5.680693698484623,1.2446190123789025,5.792553855e-07,4.58100446e-07,,11.0,Cep,1,106776,,41.228734072288646,,,
106795,107136.0,206672.0,8301.0,,80Pi 1Cyg,Azelfafage,21.701573,51.189622,529.1005,5.25,-2.11,-8.0,4.69,-3.928,B3IV,-0.119,273.366682,-187.713963,412.287993,6.87e-06,1.162e-05,-9.77e-06,5.681458513711284,0.89342744449128,2.54527182e-08,-1.0229568e-08,Pi-1,80.0,Cyg,1,106795,,3244.890156605363,,,
106845,107188.0,206453.0,8288.0,,43Kap Cap,,21.710973,-18.866323,90.1713,145.9,-9.05,-3.0,4.72,-0.055,G8III,0.868,70.458675,-48.127443,-29.157898,3.252e-05,5.502e-05,-2.75e-06,5.683919399252649,-0.3292794539118325,7.073431599e-07,-4.3875638e-08,Kap,43.0,Cap,1,106845,,91.62204901219992,,,
106908,107251.0,206610.0,,,,Bosona,21.723583,-7.408253,193.7984,3.19,2.3,0.0,8.34,1.903,K0,1.009,159.050184,-107.872405,-24.988061,1.91e-06,2.32e-06,2.14e-06,5.687220848323619,-0.1292983994312525,1.54655564e-08,1.1150714e-08,,,Aqr,1,106908,,15.09384896654952,,,
106916,107259.0,206936.0,8316.0,,Mu  Cep,,21.725127,58.780046,100000.0,5.24,-2.88,19.0,4.23,-15.77,M2Ia,2.242,42908.717258,-29076.600569,85518.379993,0.00242172,0.00142744,-0.00070704,5.687624999287072,1.0259053368269526,2.54042369e-08,-1.3962634e-08,Mu,,Cep,1,106916,,177010895.83174184,Mu,4.458,3.938
106967,107310.0,206826.0,8309.0,Gl 836.6A,78Mu 1Cyg,,21.73571,28.742632,22.237,260.33,-242.73,15.8,4.49,2.755,F6V,0.512,16.170769,-10.892651,10.693308,3.787e-05,8.33e-06,-1.517e-05,5.690395588510228,0.5016535681028476,1.2621154546e-06,-1.176788246e-06,Mu-1,78.0,Cyg,1,106967,Gl 836.6,6.8865229634427605,,,
106972,107315.0,206778.0,8308.0,,8Eps Peg,Enif,21.736433,9.875011,211.4165,30.02,1.38,5.0,2.38,-4.246,K2Ibvar,1.52,172.769915,-116.330918,36.25782,2.116e-05,2.284e-05,2.27e-06,5.690584775484336,0.1723514595412449,1.455410669e-07,6.690428e-09,Eps,8.0,Peg,1,106972,,4349.106072324538,Eps,2.404,2.364
107005,107348.0,206859.0,8313.0,,9    Peg,,21.74186,17.350017,284.0909,7.9,-10.75,-22.0,4.34,-2.927,G5Ib,1.161,225.143738,-151.131247,84.718188,-8.1e-06,1.854e-05,-2.084e-05,5.692005565127457,0.3028149279721375,3.83002808e-08,-5.211747e-08,,9.0,Peg,1,107005,,1290.624782060537,,,
107011,107354.0,206901.0,8315.0,,10Kap Peg,,21.744092,25.645036,34.2231,46.66,13.47,-8.0,4.14,1.468,F5IV,0.425,25.625802,-17.179996,14.811538,-2.62e-06,1.108e-05,-1.53e-06,5.692589982373054,0.4475903064135175,2.262140633e-07,6.5304402e-08,Kap,10.0,Peg,1,107011,,22.53201335629484,,,
107037,107380.0,206742.0,8305.0,,9Iot PsA,,21.749113,-33.025781,62.6174,31.79,-94.0,2.0,4.35,0.367,B9.5V,-0.053,43.645415,-29.177583,-34.127517,-6.14e-06,1.571e-05,-2.504e-05,5.693904427569854,-0.5764086245925163,1.54122269e-07,-4.55724859e-07,Iot,9.0,PsA,1,107037,,62.11550208324419,,,
107075,107418.0,207260.0,8334.0,,10Nu  Cep,,21.75748,61.120806,100000.0,-3.08,-1.86,-21.0,4.25,-15.75,A2Iavar,0.474,40209.487965,-26753.385001,87563.996203,-0.00017838,-0.0016747,-0.00045428,5.6960948983427135,1.0667593030965776,-1.49322614e-08,-9.017534e-09,Nu,10.0,Cep,1,107075,,173780082.87493762,Nu,4.279,4.229
107190,107533.0,207330.0,8335.0,,81Pi 2Cyg,,21.779891,49.30957,338.9831,3.61,-1.86,-12.0,4.23,-3.421,B3III,-0.12,184.716111,-121.343324,257.031565,-1.49e-06,8.08e-06,-1.13e-05,5.701962150140521,0.8606143530965775,1.75017739e-08,-9.017534e-09,Pi-2,81.0,Cyg,1,107190,,2034.2297432117316,,,
107213,107556.0,207098.0,8322.0,Gl 837,49Del Cap,Deneb Algedi,21.784011,-16.127286,11.8666,263.26,-296.23,-6.3,2.85,2.478,A5mF2 (IV),0.18,9.534405,-6.248606,-3.296196,-8.3e-07,1.865e-05,-1.458e-05,5.703040680804334,-0.2814742384311937,1.2763204954e-06,-1.436163565e-06,Del,49.0,Cap,1,107213,,8.8879171988482,Del,2.93,2.82
107742,108085.0,207971.0,8353.0,,Gam Gru,Aldhanab,21.898808,-37.364852,64.7249,95.88,-12.1,-2.0,3.0,-1.055,B8III,-0.084,43.853581,-26.892269,-39.28078,1.238e-05,2.77e-05,-1.78e-06,5.7330946093443735,-0.6521396962964812,4.648393569e-07,-5.8662455e-08,Gam,,Gru,1,107742,,230.14418174085063,,,
108030,108375.0,208487.0,,,,Itonda,21.955509,-37.763621,45.8505,101.45,-117.99,0.0,7.47,4.163,G2V:,0.568,31.177482,-18.487777,-28.079086,-2.31e-06,2.759e-05,-2.073e-05,5.74793878363044,-0.6590995312770337,4.918434789e-07,-5.72031661e-07,,,Gru,1,108030,,1.882781836734675,,,
108086,108431.0,208450.0,8368.0,,Del Ind,,21.965293,-54.992575,57.6701,43.0,-3.67,15.0,4.4,0.595,F0IV,0.297,28.500475,-16.801816,-47.236403,1.296e-05,6.31e-06,-1.315e-05,5.750500344111473,-0.9598015056857924,2.084698826e-07,-1.7792662e-08,Del,,Ind,1,108086,,50.35006087879047,,,
108526,108870.0,209100.0,8387.0,Gl 845,Eps Ind,,22.055486,-56.785977,3.6224,3959.97,-2538.84,-40.4,4.69,6.895,K5V,1.056,1.732589,-0.966715,-3.030307,-1.843e-05,8.993e-05,1.014e-05,5.774112723667677,-0.9911022626319111,1.91984763059e-05,-1.2308643647e-05,Eps,,Ind,1,108526,,0.1520547529732495,,,
108528,108874.0,209409.0,8402.0,,31Omi Aqr,,22.055234,-2.155363,133.5113,24.81,-11.14,12.0,4.74,-0.888,B7IVe,-0.1,116.494982,-65.030775,-5.021272,1.83e-05,8.18e-06,-7.67e-06,5.7740468744698985,-0.037618179572135,1.202822741e-07,-5.4008244e-08,Omi,31.0,Aqr,1,108528,,197.33312795365023,Omi,4.965,4.715
108573,108917.0,209790.0,8417.0,,17Xi  Cep,Kurhah,22.063135,64.627971,29.5946,214.46,89.29,-6.0,4.26,1.904,Am,0.379,11.085515,-6.15803,26.739992,2.53e-06,3.379e-05,-6e-08,5.776115299649919,1.1279708857886812,1.0397314193e-06,4.32890135e-07,Xi,17.0,Cep,1,108573,,15.079953418017894,,,
108722,109068.0,209747.0,8413.0,,22Nu  Peg,,22.094653,5.05853,83.2639,101.6,101.19,-16.0,4.86,0.258,K4III,1.443,72.833145,-39.677279,7.341645,2.14e-06,4.553e-05,3.924e-05,5.78436665399362,0.0882880116009262,4.925706994e-07,4.90582963e-07,Nu,22.0,Peg,1,108722,,68.67521061488183,,,
108728,109074.0,209750.0,8414.0,,34Alp Aqr,Sadalmelik,22.096399,-0.319851,160.5136,17.9,-9.93,8.0,2.95,-3.078,G2Ib,0.969,140.987693,-76.722268,-0.896054,1.381e-05,8.34e-06,-7.77e-06,5.784823674339427,-0.0055824472424825,8.67816488e-08,-4.8141998e-08,Alp,34.0,Aqr,1,108728,,1483.200967181874,,,
108765,109111.0,209688.0,8411.0,,Lam Gru,,22.101914,-39.543353,74.239,-24.16,-125.17,39.0,4.47,0.117,M0III,1.349,50.325213,-27.291744,-47.265364,-2.32e-06,-8.63e-06,-6.013e-05,5.786267483103879,-0.6901617108612262,-1.171309852e-07,-6.06841283e-07,Lam,,Gru,1,108765,,78.19878403894965,,,
108793,109139.0,209819.0,8418.0,,33Iot Aqr,,22.107286,-13.869679,53.7057,40.45,-57.16,-10.0,4.29,0.64,B8V,-0.075,45.86867,-24.791487,-12.874003,-6.87e-06,1.568e-05,-1.2e-05,5.787673884937421,-0.2420715647956162,1.961071338e-07,-2.77119499e-07,Iot,33.0,Aqr,1,108793,,48.30588020397728,,,
108830,109176.0,210027.0,8430.0,Gl 848,24Iot Peg,,22.116847,25.345112,11.7261,296.73,26.93,-5.5,3.77,3.424,F5V,0.435,9.335368,-5.015491,5.019565,2.93e-06,1.757e-05,-1.02e-06,5.7901768826418,0.442355645402835,1.4385876343e-06,1.30560324e-07,Iot,24.0,Peg,1,108830,,3.718775833249356,,,
108922,109268.0,209952.0,8425.0,Gl 848.2,Alp Gru,Alnair,22.137209,-46.960975,30.9693,127.6,-147.91,10.9,1.73,-0.725,B7IV,-0.07,18.672505,-9.904001,-22.635193,1.36e-06,2.096e-05,-2.33e-05,5.795507642944743,-0.8196236395192475,6.186222564e-07,-7.17087914e-07,Alp,,Gru,1,108922,,169.82436524617444,,,
108939,109285.0,210049.0,8431.0,,14Mu  PsA,,22.139722,-32.988468,41.6493,80.05,-28.88,12.0,4.5,1.402,A2V,0.054,30.872906,-16.349212,-22.676862,1.386e-05,1.095e-05,-1.157e-05,5.796165708816824,-0.5757573891241624,3.880933513e-07,-1.4001419e-07,Mu,14.0,PsA,1,108939,,23.9441817286338,,,
108943,109289.0,210066.0,8433.0,,Ups PsA,,22.140537,-34.043841,130.039,5.98,-49.37,20.0,4.99,-0.58,K4III,1.499,95.234327,-50.406849,-72.799456,1.34e-06,3.55e-06,-3.724e-05,5.796378904678758,-0.5941771163344975,2.89918581e-08,-2.39352514e-07,Ups,,PsA,1,108943,,148.59356422870076,,,
109054,109400.0,210807.0,8468.0,,24    Cep,,22.163441,72.341207,120.919,33.39,3.09,-15.0,4.79,-0.622,G8III,0.919,32.521719,-16.964526,115.221156,3.4e-06,2.03e-05,-1.407e-05,5.802375194443769,1.2625922430814926,1.618792879e-07,1.4980742e-08,,24.0,Cep,1,109054,,154.45429874014232,,,
109064,109410.0,210459.0,8454.0,,29Pi 2Peg,,22.166457,33.178224,80.6452,-12.34,-17.94,2.0,4.28,-0.253,F5III,0.471,59.869583,-31.170316,44.132705,2.7e-06,-6.84e-06,-4.75e-06,5.803164880522428,0.5790692449637276,-5.98260082e-08,-8.6975574e-08,Pi-2,29.0,Peg,1,109064,,109.95120668793496,,,
109076,109422.0,210302.0,8447.0,Gl 849.1,15Tau PsA,,22.169093,-32.548407,18.2782,428.62,13.83,-14.6,4.94,3.63,F6V,0.489,13.670951,-7.105556,-9.83382,6.93e-06,3.92e-05,9.07e-06,5.803854877573479,-0.5680768643148449,2.0780083976e-06,6.7049732e-08,Tau,15.0,PsA,1,109076,,3.0760968147407075,,,
109081,109427.0,210418.0,8450.0,GJ 9771,26The Peg,Biham,22.169996,6.197865,28.2965,281.96,31.23,-7.9,3.52,1.261,A2V,0.086,24.963846,-12.967714,3.054948,1.029e-05,3.824e-05,3.39e-06,5.80409127308072,0.10817314881398,1.3669806537e-06,1.51407312e-07,The,26.0,Peg,1,109081,,27.264654585290064,,,
109146,109492.0,210745.0,8465.0,,21Zet Cep,,22.180908,58.201261,256.4103,13.35,4.49,-18.0,3.39,-3.655,K1Ibv SB,1.558,120.077626,-61.940455,217.924077,-5.23e-06,2.137e-05,-1.271e-05,5.806948191322981,1.0158036284711724,6.47226264e-08,2.1768134e-08,Zet,21.0,Cep,1,109146,,2523.480772480573,Zet,3.418,3.378
109408,109754.0,211073.0,8485.0,,,,22.231312,39.714927,147.929,37.65,15.55,-11.0,4.5,-1.35,K3III,1.385,101.809342,-50.82749,94.52187,-2.06e-06,3.12e-05,1.39e-06,5.820143880158069,0.6931562386496113,1.825323507e-07,7.5388527e-08,,,Lac,1,109408,,301.9951720402016,,,
109511,109857.0,211336.0,8494.0,GJ 4266,23Eps Cep,,22.250544,57.043587,26.1986,476.45,50.0,-1.4,4.18,2.089,F0IV,0.278,12.783283,-6.301488,21.982833,2.128e-05,5.697e-05,2.25e-06,5.8251786805793335,0.99559840405985,2.309894781e-06,2.4240684e-07,Eps,23.0,Cep,1,109511,,12.717448862880676,Eps,4.192,4.162
109562,109908.0,211088.0,8486.0,,Mu 1Gru,,22.260253,-41.3467,84.246,46.04,20.45,-7.0,4.79,0.162,G8III+...,0.79,56.798164,-27.820419,-55.654028,8.4e-06,1.682e-05,1.1e-05,5.827720661071912,-0.7216360584865262,2.232082185e-07,9.9144397e-08,Mu-1,,Gru,1,109562,,75.02396279074637,,,
109591,109937.0,211388.0,8498.0,,1    Lac,,22.26616,37.748737,190.4762,8.74,0.76,-8.0,4.14,-2.259,K3III,1.447,135.358669,-66.041055,116.609456,-2.66e-06,1.028e-05,-4.45e-06,5.829266995761262,0.6588397422401012,4.23727157e-08,3.684583e-09,,1.0,Lac,1,109591,,697.5896043328052,,,
109657,110003.0,211391.0,8499.0,,43The Aqr,Ancha,22.280565,-7.78329,57.4713,118.95,-21.91,-15.0,4.17,0.373,G8III-IV,0.979,51.269356,-24.775209,-7.783126,-1e-08,3.681e-05,-3.97e-06,5.833038396001389,-0.1358440424484237,5.76685873e-07,-1.06222677e-07,The,43.0,Aqr,1,109657,,61.773185859152,,,
109784,110130.0,211416.0,8502.0,,Alp Tuc,,22.308371,-60.259587,61.237,-71.48,-38.15,42.0,2.87,-1.065,K3III,1.39,27.447381,-13.018072,-53.171301,1.27e-06,-2.409e-05,-4.291e-05,5.840317928732834,-1.0517282073686662,-3.465448189e-07,-1.84956419e-07,Alp,,Tuc,1,109784,,232.2736796357105,,,
110005,110351.0,212120.0,8523.0,,2    Lac,,22.350428,46.536569,170.068,21.72,1.92,-10.0,4.55,-1.603,B6V,-0.1,106.247601,-48.966326,123.437598,6e-08,1.969e-05,-6.33e-06,5.8513283703884005,0.8122163594486924,1.053015314e-07,9.308422e-09,,2.0,Lac,1,110005,,381.24135110429904,,,
110025,110371.0,212097.0,8522.0,,32    Peg,,22.355372,28.330529,213.2196,17.42,5.6,8.0,4.78,-1.864,B9III,-0.01,170.55174,-78.334781,101.184951,1.156e-05,1.45e-05,8.98e-06,5.852622589977253,0.4944610185587025,8.44545432e-08,2.7149566e-08,,32.0,Peg,1,110025,,484.8417387084463,,,
110040,110386.0,212076.0,8520.0,,31    Peg,,22.358632,12.205186,497.5124,6.21,5.54,10.0,4.82,-3.664,B2IV-V,-0.132,442.059074,-202.581995,105.180739,1.276e-05,1.063e-05,1.522e-05,5.8534761404356335,0.2130206820134237,3.01069296e-08,2.6858677e-08,,31.0,Peg,1,110040,,2544.485615146634,IN,4.912,4.622
110049,110395.0,212061.0,8518.0,GJ 9779,48Gam Aqr,Sadachbia,22.360938,-1.387331,50.2008,129.24,8.9,-25.6,3.86,0.356,A0V,-0.057,45.635919,-20.880207,-1.215412,-1.067e-05,3.947e-05,2.8e-06,5.8540797645155065,-0.0242135024513512,6.265732008e-07,4.3148417e-08,Gam,48.0,Aqr,1,110049,,62.7480161997852,,,
110192,110538.0,212496.0,8538.0,,3Bet Lac,,22.392675,52.229046,52.1105,-13.56,-186.37,-10.0,4.42,0.835,G9III,1.015,29.133552,-13.038111,41.191488,2.685e-05,-1.577e-05,-3.692e-05,5.862388489768568,0.91156882596151,-6.57407351e-08,-9.03547256e-07,Bet,3.0,Lac,1,110192,,40.36453929676048,,,
110263,110609.0,212593.0,8541.0,,4    Lac,,22.408609,49.476392,689.6552,-5.12,-3.37,-26.0,4.55,-4.643,B9Iab,0.092,409.779602,-181.340137,524.233161,-1.49e-05,-1.213e-05,-2.753e-05,5.866560133803471,0.8635259500405663,-2.48224604e-08,-1.6338221e-08,,4.0,Lac,1,110263,,6269.024974761646,,,
110326,110672.0,212571.0,8539.0,,52Pi  Aqr,,22.421284,1.377401,239.8082,18.38,3.35,4.0,4.8,-2.099,B1Ve,-0.171,219.552367,-96.288728,5.764477,1.224e-05,1.796e-05,3.99e-06,5.869878471701602,0.0240401751110075,8.91087545e-08,1.6241258e-08,Pi,52.0,Aqr,1,110326,,602.0048636844596,Pi,4.831,4.791
110467,110813.0,212771.0,,,,Lionrock,22.450854,-17.263658,131.0616,-86.69,-104.35,0.0,7.6,2.013,G8IV,0.882,115.004344,-49.379339,-38.895048,-3.981e-05,-4.285e-05,-6.331e-05,5.877619792506428,-0.3013076646519062,-4.202849797e-07,-5.05903075e-07,,,Aqr,1,110467,,13.639548675066385,,,
110492,110838.0,212581.0,8540.0,,Del Tuc,,22.455531,-64.966354,76.9231,68.68,10.21,12.0,4.51,0.08,B8V,-0.029,29.925359,-12.805506,-69.696999,1.802e-05,2.015e-05,-9.51e-06,5.878844373487814,-1.133876786879585,3.329700358e-07,4.9499476e-08,Del,,Tuc,1,110492,,80.90958991783822,,,
110536,110882.0,212943.0,8551.0,,35    Peg,,22.464312,4.695664,45.4752,77.29,-307.36,54.0,4.78,1.491,K0III,1.039,41.709159,-17.734844,3.72278,6.243e-05,-8.03e-06,-6.301e-05,5.88114304173432,0.08195479042088,3.747124937e-07,-1.490123328e-06,,35.0,Peg,1,110536,,22.059720217473263,,,
110547,110893.0,239960.0,,Gl 860A,,Kruger 60,22.466642,57.695875,4.001,-870.23,-471.1,-33.3,9.59,11.579,M2V,1.613,1.968033,-0.83547,3.381486,-1.624e-05,-1.144e-05,-3.367e-05,5.881753022801692,1.0069829823740712,-4.2189940923e-06,-2.283957249e-06,,,Cep,1,110547,Gl 860,0.0020342297432117,DO,9.628,9.548
110614,110960.0,213051.0,8558.0,,55Zet1Aqr,,22.480531,-0.019972,28.169,191.32,37.47,29.0,3.65,1.401,F3III-IV,0.406,25.969719,-10.912416,-0.009819,3.747e-05,1.26e-05,5.11e-06,5.88538928502342,-0.0003485764777475,9.275455336e-07,1.81659686e-07,Zet-1,55.0,Aqr,1,110614,,23.96624529408638,,,
110645,110991.0,213306.0,8571.0,,27Del Cep,,22.486183,58.415198,265.252,16.47,3.55,-15.0,4.07,-3.048,G2Ibvar,0.778,128.159892,-53.629433,225.959019,-2.82e-06,2.414e-05,-1.068e-05,5.886868843677116,1.0195375455952438,7.98488132e-08,1.7210885e-08,Del,27.0,Cep,1,110645,,1442.779623129479,Del,4.284,3.604
110650,110997.0,213009.0,8556.0,,Del1Gru,,22.487825,-43.495565,94.8767,25.62,-4.23,5.0,3.97,-0.916,G6/G8III,1.022,63.502865,-26.541175,-65.303513,6.73e-06,9.96e-06,-4.93e-06,5.887298737831069,-0.7591408114416576,1.24209265e-07,-2.0507618e-08,Del-1,,Gru,1,110650,,202.488330653056,,,
110675,111022.0,213310.0,8572.0,,5    Lac,,22.492173,47.706887,505.0505,-0.6,-3.37,-4.0,4.34,-4.177,M0II,1.679,313.72288,-130.702078,373.59188,2.53e-06,-2.64e-06,-8.58e-06,5.888437083547282,0.8326422470405662,-2.9088821e-09,-1.6338221e-08,,5.0,Lac,1,110675,,4081.3139159697193,,4.472,4.302
110696,111043.0,213080.0,8560.0,,Del2Gru,,22.495955,-43.749224,101.2146,-14.93,1.79,2.0,4.12,-0.906,M4.5IIIa,1.57,67.519535,-28.05134,-69.990239,-8.9e-07,-7.56e-06,-7.8e-07,5.889427148651528,-0.7635679970660649,-7.23826825e-08,8.678164e-09,Del-2,,Gru,1,110696,,200.63190647905728,,4.179,4.079
110757,111104.0,213420.0,8579.0,,6    Lac,,22.508128,43.123376,526.3158,-2.05,-5.76,-8.0,4.52,-4.086,B2IV,-0.086,355.219533,-146.251994,359.77449,1.78e-06,-6.39e-06,-1.632e-05,5.892614094036546,0.752644891653905,-9.9386805e-09,-2.7925268e-08,,6.0,Lac,1,110757,,3753.185242379142,,,
110776,111123.0,213320.0,8573.0,,57Sig Aqr,,22.510782,-10.67795,88.8099,1.79,-26.26,11.0,4.82,0.078,A0IVs,-0.053,80.722934,-33.169888,-16.455466,8.58e-06,-2.69e-06,-1.319e-05,5.893308999933943,-0.18636538398063,8.6781649e-09,-1.27312072e-07,Sig,57.0,Aqr,1,110776,,81.0587682464737,,,
110822,111169.0,213558.0,8585.0,,7Alp Lac,,22.521515,50.282491,31.4564,137.22,17.15,-4.0,3.76,1.271,A1V,0.031,18.613691,-7.587422,24.196371,3.62e-06,2.112e-05,-1.48e-06,5.896118962036659,0.8775950305235275,6.652613325e-07,8.3145546e-08,Alp,7.0,Lac,1,110822,,27.014690729572468,,,
110841,111188.0,213398.0,8576.0,,17Bet PsA,,22.52509,-32.346073,43.7828,59.64,-18.7,6.0,4.29,1.083,A1V,0.011,34.265767,-13.930345,-23.425222,7.6e-06,1.057e-05,-6.64e-06,5.897054789000191,-0.5645454802763825,2.891428791e-07,-9.0660158e-08,Bet,17.0,PsA,1,110841,,32.12180933987984,,,
110961,111310.0,213442.0,8582.0,,Nu  Tuc,,22.55001,-61.982122,88.968,40.82,-20.14,-3.0,4.91,0.164,M4III,1.612,38.817291,-15.486322,-78.541021,-1.94e-06,1.973e-05,-1.37e-06,5.903578835633264,-1.081792103362906,1.979009444e-07,-9.7641475e-08,Nu,,Tuc,1,110961,,74.88589075216439,Nu,5.045,4.775
111147,111497.0,213998.0,8597.0,,62Eta Aqr,,22.589272,-0.117498,51.4668,88.56,-56.1,-8.0,4.04,0.482,B9IV-Vn,-0.083,47.99624,-18.578858,-0.105543,3.2e-07,2.357e-05,-1.398e-05,5.91385767282121,-0.0020507188291475,4.293509955e-07,-2.71980474e-07,Eta,62.0,Aqr,1,111147,,55.872743899402,,,
111323,111674.0,214454.0,8613.0,,9    Lac,,22.622899,51.545123,52.6316,-51.31,-103.34,12.0,4.64,1.034,A8IV,0.254,30.627298,-11.546584,41.215794,2.184e-05,-2.223e-05,-6.79e-06,5.922661060368379,0.8996321051935013,-2.487578995e-07,-5.01006457e-07,,9.0,Lac,1,111323,,33.60469824606994,,,
111359,111710.0,214376.0,8610.0,,63Kap Aqr,Situla,22.629273,-4.228056,65.5738,-68.36,-120.47,8.0,5.04,0.956,K2III,1.14,61.229681,-22.967064,-4.834534,-2.64e-06,-2.222e-05,-3.879e-05,5.92432968808697,-0.0737934924816,-3.31418632e-07,-5.8405504e-07,Kap,63.0,Aqr,1,111359,,36.10771451003529,,,
111489,111841.0,214680.0,8622.0,,10    Lac,,22.654355,39.050269,529.1005,-0.29,-5.7,-10.0,4.89,-3.728,O9V,-0.207,385.660924,-141.778467,333.334309,9.3e-07,-1.14e-06,-1.78e-05,5.930896315697853,0.6815557691991837,-1.4059597e-09,-2.7634379e-08,,10.0,Lac,1,111489,,2698.982073472016,,,
111591,111944.0,214868.0,8632.0,,11    Lac,,22.675233,44.276305,102.0408,94.18,10.0,-10.0,4.5,-0.544,K3III,1.318,68.709152,-24.83361,71.236583,5.7e-06,4.748e-05,-3.6e-06,5.936362000228338,0.77276730121197,4.565975243e-07,4.8481368e-08,,11.0,Lac,1,111591,,143.7474005874361,,,
111601,111954.0,214748.0,8628.0,,18Eps PsA,,22.677594,-27.043617,149.2537,22.01,-0.88,3.0,4.18,-1.69,B8V,-0.105,125.047058,-45.108691,-67.860991,7.7e-06,1.415e-05,-1.96e-06,5.936980217690548,-0.47200015633065,1.067074911e-07,-4.26636e-09,Eps,18.0,PsA,1,111601,,413.047501990161,,,
111676,112029.0,214923.0,8634.0,,42Zet Peg,Homam,22.691033,10.831364,62.6566,77.38,-10.98,7.0,3.41,-0.575,B8.5V,-0.086,57.962157,-20.678728,11.774377,1.511e-05,1.956e-05,-1.93e-06,5.940498623552228,0.1890429712152575,3.75148826e-07,-5.3232542e-08,Zet,42.0,Peg,1,111676,,147.91083881682073,,,
111698,112051.0,214994.0,8641.0,,43Omi Peg,,22.695947,29.307641,91.5751,-2.03,-19.96,9.0,4.8,-0.009,A1IV,-0.013,75.245294,-26.735649,44.825936,1.135e-05,-4.99e-06,-3.22e-06,5.94178497288497,0.5115148252729126,-9.8417177e-09,-9.676881e-08,Omi,43.0,Peg,1,111698,,87.82132798980062,,,
111768,112122.0,214952.0,8636.0,,Bet Gru,Tiaki,22.711115,-46.884577,54.2594,135.68,-4.51,2.0,2.07,-1.602,M5III,1.61,34.993484,-12.277259,-39.608199,1.232e-05,3.35e-05,-2.3e-06,5.945755997708016,-0.8182902343195899,6.577952018e-07,-2.1865096e-08,Bet,,Gru,1,111768,,380.8903764981352,,2.191,1.971
111804,112158.0,215182.0,8650.0,,44Eta Peg,Matar,22.716704,30.221245,65.703,13.11,-26.11,4.0,2.93,-1.158,G2II-III..,0.852,53.59916,-18.717064,33.070991,8.67e-06,1.4e-06,-5.13e-06,5.947219325141893,0.5274602313825538,6.35590735e-08,-1.26584851e-07,Eta,44.0,Peg,1,111804,,253.04630494613968,,,
111849,112203.0,215104.0,8644.0,,Rho Gru,,22.724993,-41.414347,70.6215,10.23,-93.95,29.0,4.84,0.595,K0III,1.027,50.03923,-17.352188,-46.716271,2.06e-06,2.99e-06,-4.374e-05,5.9493892369688455,-0.722816707471455,4.95964395e-08,-4.55482452e-07,Rho,,Gru,1,111849,,50.35006087879047,,,
111857,112211.0,215167.0,8649.0,,66    Aqr,,22.726454,-18.830375,132.8021,-31.4,-28.02,22.0,4.68,-0.936,K3III,1.358,118.772577,-41.13611,-42.864267,8.01e-06,-2.417e-05,-2.434e-05,5.949771723974412,-0.3286520466419387,-1.522314957e-07,-1.35844793e-07,,66.0,Aqr,1,111857,,206.2528697846573,,,
111893,112247.0,215441.0,,,,Babcock's star,22.735418,55.589226,100000.0,4.96,-0.98,0.0,8.83,-11.17,A0p,0.031,53443.383418,-18369.410721,82500.724352,0.00115224,0.00214649,-0.00026848,5.952118392409138,0.9702150174272276,2.40467586e-08,-4.751174e-09,,,Lac,1,111893,,2558585.886905648,GL,8.907,8.757
112018,112374.0,215369.0,8655.0,,Eta Gru,,22.760519,-53.500121,127.2265,30.62,17.34,28.0,4.84,-0.683,K2IIICNIV,1.18,71.727719,-24.128117,-102.272256,3.031e-05,9.73e-06,-1.666e-05,5.958690042937054,-0.933753260416445,1.48449949e-07,8.4066692e-08,Eta,,Gru,1,112018,,163.38041693006815,,,
112050,112405.0,214846.0,8630.0,,Bet Oct,,22.767692,-81.381615,45.7666,-55.35,0.88,24.0,4.13,0.827,A9IV/V,0.208,6.504421,-2.174504,-45.250032,-2.2e-07,-1.287e-05,-2.424e-05,5.960567806986743,-1.42037713366935,-2.683443722e-07,4.26636e-09,Bet,,Oct,1,112050,,40.66305463404283,,,
112084,112440.0,215665.0,8667.0,GJ 4295,47Lam Peg,,22.775521,23.565654,111.9821,56.99,-10.46,-4.3,3.97,-1.276,G8II-III,1.07,97.414069,-32.34337,44.770388,8.08e-06,2.992e-05,-6.96e-06,5.96261744858402,0.4112982512742875,2.762953165e-07,-5.071151e-08,Lam,47.0,Peg,1,112084,,282.09799536634296,,,
112090,112447.0,215648.0,8665.0,Gl 872A,46Xi  Peg,,22.778216,12.172888,16.2973,233.06,-492.04,-6.0,4.2,3.139,F7V,0.502,15.122785,-5.009216,3.436474,7.88e-06,1.679e-05,-3.929e-05,5.963322984684185,0.2124569720742112,1.1299067639e-06,-2.385477233e-06,Xi,46.0,Peg,1,112090,Gl 872,4.83503920591621,,,
112160,112519.0,216446.0,8702.0,,,,22.791378,83.15383,96.0615,23.65,47.21,-31.0,4.77,-0.143,K3III,1.257,10.882454,-3.563012,95.376284,-2.091e-05,1.843e-05,-2.886e-05,5.96676882926131,1.451308122704707,1.146584355e-07,2.28880538e-07,,,Cep,1,112160,,99.35735005868442,,,
112263,112623.0,215789.0,8675.0,GJ 9796,Eps Gru,,22.809239,-51.316864,39.5257,108.47,-65.93,-3.0,3.49,0.506,A3V,0.083,23.513371,-7.577057,-30.854309,-4.84e-06,2.339e-05,-5.5e-06,5.971444798427243,-0.8956482338295162,5.258773993e-07,-3.19637659e-07,Eps,,Gru,1,112263,,54.65123745198719,,,
112357,112716.0,216032.0,8679.0,,71Tau2Aqr,,22.826528,-13.592632,97.371,-12.58,-38.8,1.0,4.05,-0.892,K5III,1.57,90.21252,-28.620692,-22.883854,-4.95e-06,-4.66e-06,-1.804e-05,5.975971169341341,-0.237236178942445,-6.0989561e-08,-1.88107708e-07,Tau-2,71.0,Aqr,1,112357,,198.061470897174,,,
112364,112724.0,216228.0,8694.0,,32Iot Cep,,22.82802,66.200408,35.3482,-66.1,-124.74,-12.0,3.5,0.758,K0III,1.053,13.598133,-4.30834,32.34218,1.05e-05,-1.521e-05,-1.985e-05,5.976361767958875,1.155415078379881,-3.204618428e-07,-6.04756585e-07,Iot,32.0,Cep,1,112364,,43.33112852118382,,,
112389,112748.0,216131.0,8684.0,GJ 4298,48Mu  Peg,Sadalbari,22.833385,24.601579,32.5309,144.11,-43.44,15.3,3.51,0.949,M2III,0.933,28.209183,-8.893887,13.542862,2.312e-05,1.654e-05,2.9e-07,5.977766089318706,0.4293785582232075,6.98664995e-07,-2.10603062e-07,Mu,48.0,Peg,1,112389,,36.3412616064223,,,
112557,112917.0,216397.0,8699.0,,15    Lac,,22.867225,43.312417,99.7009,109.36,21.54,-17.0,4.95,-0.043,M0III,1.559,69.377949,-21.199742,68.392326,-3.48e-06,5.633e-05,-4.35e-06,5.98662557418211,0.7559442877525775,5.301922411e-07,1.04428866e-07,,15.0,Lac,1,112557,,90.61498022319977,,,
112588,112948.0,216336.0,8695.0,GJ 9800A,22Gam PsA,,22.875427,-32.875504,66.0502,-33.32,-22.15,16.5,4.46,0.361,A0III,-0.037,53.085686,-16.096898,-35.853148,6.78e-06,-1.321e-05,-1.512e-05,5.9887728685257136,-0.5737857876295125,-1.615399184e-07,-1.0738623e-07,Gam,22.0,PsA,1,112588,GJ 9800,62.45971525332756,,,
112601,112961.0,216386.0,8698.0,,73Lam Aqr,,22.87691,-7.579599,118.0638,19.51,32.71,-9.0,3.73,-1.631,M2IIIvar,1.626,112.009754,-33.916636,-15.573012,-3.13e-06,1.262e-05,1.977e-05,5.989161012637554,-0.1322889624026525,9.45871491e-08,1.58582554e-07,Lam,73.0,Aqr,1,112601,,391.2010393873511,Lam,3.773,3.703
112756,113116.0,217382.0,8748.0,,,,22.906789,84.346177,109.0513,98.45,23.89,3.0,4.7,-0.488,K4III,1.418,10.306597,-3.032609,108.520824,2.93e-06,5.339e-05,4.3e-06,5.99698342636685,1.4721184914423948,4.772990685e-07,1.15821988e-07,,,Cep,1,112756,,136.52116950664455,,,
112776,113136.0,216627.0,8709.0,,76Del Aqr,Skat,22.910837,-15.82082,49.2368,-44.08,-24.81,18.0,3.27,-0.191,A3V,0.066,45.459019,-13.325406,-13.423467,1.249e-05,-1.462e-05,-1.072e-05,5.998043116073634,-0.2761254024698975,-2.137058704e-07,-1.20282274e-07,Del,76.0,Aqr,1,112776,,103.8484455008274,,,
112826,113186.0,216735.0,8717.0,,50Rho Peg,,22.920464,8.816166,95.6938,81.88,29.03,-10.0,4.91,0.006,A1V,-0.003,90.811562,-26.37122,14.666464,-1.09e-06,3.987e-05,1.174e-05,6.000563558447614,0.1538711224873462,3.969654416e-07,1.40741411e-07,Rho,50.0,Peg,1,112826,,86.61637419723033,,,
112886,113246.0,216763.0,8720.0,,23Del PsA,,22.932472,-32.539628,47.259,10.84,30.32,-12.0,4.2,0.828,G8III,0.952,38.294356,-10.990075,-25.419746,-5.67e-06,4.21e-06,1.246e-05,6.003707058845776,-0.5679236497893138,5.2553803e-08,1.46995507e-07,Del,23.0,PsA,1,112886,,40.625619818684335,,,
112928,113288.0,216946.0,8726.0,,,,22.940555,49.733544,490.1961,0.05,-2.87,-10.0,4.99,-3.462,K5Ibvar,1.778,304.725766,-86.755537,374.042528,-1.32e-06,5e-07,-1.221e-05,6.00582329712106,0.86801408925117,2.424068e-10,-1.3914152e-08,,,Lac,1,112928,,2112.5159662408514,,,
112997,113357.0,217014.0,8729.0,Gl 882,51    Peg,Helvetios,22.95777,20.768832,15.6079,208.06,60.96,-33.7,5.45,4.483,G5V,0.666,14.053522,-3.93265,5.534429,-2.837e-05,2.429e-05,-7.91e-06,6.010330125154258,0.3624845039961663,1.0087033438e-06,2.95542419e-07,,51.0,Peg,1,112997,,1.4021678337057588,,,
113008,113368.0,216956.0,8728.0,Gl 881,24Alp PsA,Fomalhaut,22.960838,-29.622236,7.7036,329.22,-164.22,6.1,1.17,1.737,A3V,0.145,6.450517,-1.799476,-3.807757,5.61e-06,1.12e-05,-8.41e-06,6.011133383906492,-0.5170055514089774,1.5961035991e-06,-7.96161026e-07,Alp,24.0,PsA,1,113008,,17.587333541355722,,,
113278,113638.0,217364.0,8747.0,,Zet Gru,,23.014677,-52.754137,33.3778,-65.09,-12.91,-1.0,4.11,1.493,G8III,0.96,19.533046,-5.153542,-26.570247,-4.89e-06,-9.6e-06,-4.5e-07,6.025228279804284,-0.9207333826576524,-3.155652247e-07,-6.2589446e-08,Zet,,Gru,1,113278,,22.019122114844777,,,
113366,113726.0,217675.0,8762.0,,1Omi And,,23.032017,42.325979,210.5263,22.47,0.24,-14.0,3.62,-2.997,B6pv SB,-0.099,150.676276,-39.022904,141.757338,-4.66e-06,2.49e-05,-9.46e-06,6.029767825204297,0.73872769518108,1.08937634e-07,1.163552e-09,Omi,1.0,And,1,113366,,1376.5753865094157,Omi,3.686,3.586
113521,113881.0,217906.0,8775.0,,53Bet Peg,Scheat,23.062901,28.082789,60.0962,187.76,137.61,9.0,2.44,-1.454,M2II-IIIvar,1.655,51.433435,-12.877612,28.290136,2.86e-06,5.567e-05,3.97e-05,6.037853304003958,0.4901371315809187,9.102861666e-07,6.67152105e-07,Bet,53.0,Peg,1,113521,,332.35330357747745,Bet,2.584,2.384
113529,113889.0,217891.0,8773.0,,4Bet Psc,Fumalsamakah,23.064615,3.820045,125.1564,12.86,-10.13,0.3,4.48,-1.007,B6Ve,-0.115,121.152668,-30.275882,8.338293,2.59e-06,7.4e-06,-6.11e-06,6.038302080536594,0.0666723682732812,6.23470393e-08,-4.9111625e-08,Bet,4.0,Psc,1,113529,,220.19122114844777,,,
113559,113919.0,218031.0,8780.0,,3    And,,23.069702,50.052091,54.1712,166.7,167.3,-35.0,4.64,0.971,K0III,1.058,33.75615,-8.387722,41.528947,-4.444e-05,5.615e-05,7.7e-07,6.039633981613548,0.8735737770662613,8.081844055e-07,8.11093287e-07,,3.0,And,1,113559,,35.6122980942762,,,
113603,113963.0,218045.0,8781.0,,54Alp Peg,Markab,23.079348,15.205264,40.8831,61.1,-42.56,-4.0,2.49,-0.568,B9.5III,-0.002,38.311434,-9.417123,10.722722,1.21e-06,1.217e-05,-9.21e-06,6.042159145935139,0.2653819265538575,2.962211588e-07,-2.06336702e-07,Alp,54.0,Peg,1,113603,,146.96028989796503,,,
113687,114046.0,217987.0,,Gl 887,,Lacaille 9352,23.097531,-35.853073,3.2759,6767.26,1326.66,9.5,7.35,9.773,M2/M3V,1.483,2.581532,-0.621353,-1.918773,4.484e-05,9.974e-05,1.138e-05,6.046919538269939,-0.6257541624947276,3.28086022788e-05,6.431829174e-06,,,PsA,1,113687,,0.0107349493580523,,,
113743,114104.0,218376.0,8797.0,,1    Cas,,23.110226,59.41976,346.0208,6.77,-1.97,-9.0,4.84,-2.856,B0.5IV,-0.06,171.281673,-40.636373,297.895304,8.3e-07,1.147e-05,-9.61e-06,6.050243023191505,1.037070450430246,3.28218862e-08,-9.550829e-09,,1.0,Cas,1,113743,,1208.9267852132994,,,
113757,114119.0,218240.0,8789.0,,86    Aqr,,23.111345,-23.743115,66.313,59.9,0.53,15.0,4.48,0.372,G8III,0.892,59.065055,-13.994841,-26.700102,1.817e-05,1.548e-05,-6.02e-06,6.050535979029704,-0.41439553951677,2.904033947e-07,2.569512e-09,,86.0,Aqr,1,113757,,61.83010727517132,,,
113770,114131.0,218227.0,8787.0,,The Gru,,23.11465,-43.520358,40.4367,-48.35,-13.98,10.0,4.28,1.246,F5me...,0.423,28.53779,-6.735685,-27.845269,3.2e-06,-1.049e-05,-9.03e-06,6.051401228935123,-0.75957354304833,-2.344074145e-07,-6.7776952e-08,The,,Gru,1,113770,,27.64394371220336,,,
113783,114144.0,218329.0,8795.0,,55    Peg,,23.116739,9.409492,100.8065,6.73,-12.76,-5.0,4.54,-0.477,M2III,1.559,96.803108,-22.792177,16.480786,-3.16e-06,4.12e-06,-6.99e-06,6.051948063494656,0.1642266087055312,3.26279607e-08,-6.1862225e-08,,55.0,Peg,1,113783,,135.14500541175602,,,
113794,114155.0,218356.0,8796.0,,56    Peg,,23.118539,25.468259,181.4882,0.26,-33.31,-27.0,4.76,-1.534,K0IIp,1.285,159.508154,-37.476686,78.04182,-1.195e-05,3.04e-06,-3.833e-05,6.052419272029511,0.4445049669499349,1.2605156e-09,-1.61491436e-07,,56.0,Peg,1,113794,,357.7667699361107,,,
113861,114222.0,218658.0,8819.0,,33Pi  Cep,,23.131623,75.387496,75.643,5.74,-35.1,-19.0,4.41,0.016,G2III,0.802,18.592192,-4.301103,73.196097,7.83e-06,3.5e-07,-2.205e-05,6.055844633497671,1.3157600210159912,2.78283053e-08,-1.70169601e-07,Pi,33.0,Cep,1,113861,,85.8222705054015,,,
113961,114322.0,218566.0,,GJ 4313,,Ebla,23.15298,-2.260742,28.5551,632.15,-96.23,-40.9,8.59,6.312,K3V,1.012,27.833867,-6.27534,-1.126403,-2.204e-05,9.467e-05,-1.166e-05,6.061435922559714,-0.039457387191785,3.0647496816e-06,-4.66536204e-07,,,Psc,1,113961,,0.260135725665313,,,
113980,114341.0,218594.0,8812.0,,88    Aqr,,23.157443,-21.17241,82.9876,55.99,31.25,21.0,3.68,-0.915,K1III,1.202,75.510914,-16.931759,-29.973162,2.89e-05,1.66e-05,3.97e-06,6.062604388162823,-0.3695282573375937,2.714471797e-07,1.51504275e-07,,88.0,Aqr,1,113980,,202.3019178678272,,,
114013,114375.0,218640.0,8817.0,GJ 9812A,89    Aqr,,23.165249,-22.457611,154.5595,35.92,-7.79,-1.0,4.71,-1.235,A3IV:,0.674,139.44076,-30.96754,-59.041698,2.74e-06,2.696e-05,-5e-06,6.064648103769398,-0.3919592604611187,1.741450741e-07,-3.7766985e-08,,89.0,Aqr,1,114013,GJ 9812,271.6439268839081,,,
114059,114421.0,218670.0,8820.0,,Iot Gru,,23.17264,-45.246711,56.1798,132.42,-26.27,-4.0,3.88,0.132,K0III SB,0.998,38.629453,-8.500488,-39.895777,-2e-08,3.693e-05,-2.13e-06,6.066583043414913,-0.7897040864048387,6.419902758e-07,-1.27360553e-07,Iot,,Gru,1,114059,,77.12585649892138,,,
114208,114570.0,219080.0,8830.0,Gl 891.1,7    And,,23.20916,49.406207,24.5881,89.78,95.57,11.2,4.53,2.576,F0V,0.302,15.657659,-3.288881,18.670848,1.03e-06,1.072e-05,1.611e-05,6.076143818575071,0.8623009851937975,4.352657224e-07,4.63336434e-07,,7.0,And,1,114208,,8.120822162499833,,,
114362,114724.0,219215.0,8834.0,,90Phi Aqr,,23.238711,-6.049003,61.9579,46.22,-195.85,-0.2,4.22,0.26,M2III,1.545,60.393261,-12.198628,-6.529062,-3.53e-06,1.488e-05,-5.848e-05,6.083880294707728,-0.1055750151914387,2.240808832e-07,-9.49507593e-07,Phi,90.0,Aqr,1,114362,,68.54882264526617,,,
114493,114855.0,219449.0,8841.0,Gl 893.2A,91Psi1Aqr,,23.264859,-9.087737,45.9348,368.56,-17.02,-25.2,4.24,0.929,K0III,1.107,44.520534,-8.675776,-7.255216,-9.87e-06,8.554e-05,3.3e-07,6.090725801756385,-0.15861093000877,1.7868293011e-06,-8.2515288e-08,Psi-1,91.0,Aqr,1,114493,Gl 893.2,37.01689610332346,,,
114577,114939.0,219576.0,8850.0,,92Chi Aqr,,23.280817,-7.726504,187.9699,-18.66,-15.43,-15.0,4.93,-1.44,M3III,1.613,182.971432,-34.863134,-25.271516,-1.997e-05,-1.35e-05,-1.187e-05,6.094903511420463,-0.1348529285590625,-9.04662328e-08,-7.480675e-08,Chi,92.0,Aqr,1,114577,,328.09529311311906,Chi,5.048,4.838
114609,114971.0,219615.0,8852.0,,6Gam Psc,,23.286094,3.282289,42.3012,760.35,17.96,-14.0,3.7,0.568,G7III,0.916,41.496215,-7.847237,2.421966,1.472e-05,0.0001559,2.86e-06,6.096285055957177,0.0572867478846987,3.6862808201e-06,8.7072537e-08,Gam,6.0,Psc,1,114609,,51.61786054966728,,,
114634,114996.0,219571.0,8848.0,GJ 9818,Gam Tuc,,23.290498,-58.235734,23.0574,-34.93,79.59,18.4,3.99,2.176,F1III,0.41,11.929297,-2.241691,-19.60403,1.645e-05,-7.06e-06,-1.132e-05,6.097438026227587,-1.01640530169693,-1.693454186e-07,3.85863208e-07,Gam,,Tuc,1,114634,,11.738159324832203,,,
114660,115022.0,219734.0,8860.0,,8    And,,23.295732,49.0153,172.7116,34.48,6.74,-8.0,4.82,-1.367,M2III,1.668,111.354244,-20.766915,130.377297,-4.17e-06,3.014e-05,-2.48e-06,6.098808456682875,0.8554783629188675,1.671637571e-07,3.2676442e-08,,8.0,And,1,114660,,306.7608976917938,,,
114670,115033.0,219688.0,8858.0,,93Psi2Aqr,,23.298393,-9.182513,123.1527,19.63,-9.64,-6.0,4.41,-1.042,B5Vn,-0.144,119.529341,-22.20547,-19.652688,-4.72e-06,1.28e-05,-4.7e-06,6.099505034728098,-0.1602650909403325,9.51689255e-08,-4.6736038e-08,Psi-2,93.0,Aqr,1,114670,,227.40499508958956,Psi-2,4.43,4.4
114727,115088.0,219916.0,8872.0,,34Omi Cep,,23.3104,68.111445,62.2665,54.88,10.91,-18.0,4.75,0.779,K0III,0.836,22.835788,-4.167994,57.777604,-6.78e-06,1.808e-05,-1.585e-05,6.102648361075294,1.188768964815255,2.660657479e-07,5.2893172e-08,Omi,34.0,Cep,1,114727,,42.50108331760471,,,
114740,115102.0,219784.0,8863.0,GJ 9821,Gam Scl,,23.313733,-32.532027,55.8659,19.65,-78.57,15.6,4.41,0.674,K1III,1.109,46.342019,-8.416758,-30.043133,2.93e-06,4.88e-06,-2.652e-05,6.103520978576522,-0.567790977033445,9.52658882e-08,-3.80918108e-07,Gam,,Scl,1,114740,,46.81661397243642,,,
114753,115115.0,219832.0,8865.0,,95Psi3Aqr,,23.316021,-9.61075,80.1925,43.47,-7.8,-10.0,4.99,0.469,A0V,-0.022,77.802657,-14.082589,-13.388422,-7.41e-06,1.851e-05,-1.28e-06,6.104120064049436,-0.1677392298853362,2.107485069e-07,-3.7815467e-08,Psi-3,95.0,Aqr,1,114753,,56.545754068762086,,,
114848,115211.0,,,GJ 4332,,Danfeng,23.335476,-60.065183,26.3713,-317.42,-128.94,0.0,11.03,8.924,M2,1.45,12.960983,-2.278056,-22.853202,-2.109e-05,-3.749e-05,-8.23e-06,6.109213288663633,-1.048335205789141,-1.5388955848e-06,-6.25118759e-07,,,Tuc,1,114848,,0.0234638892446413,,11.117,10.947
114887,115250.0,220061.0,8880.0,,62Tau Peg,Salm,23.343956,23.740337,49.5786,30.48,-9.14,16.0,4.58,1.104,A5V,0.18,44.715629,-7.756411,19.960021,1.688e-05,4.51e-06,4.58e-06,6.111433334998086,0.4143470452702625,1.477712098e-07,-4.431197e-08,Tau,62.0,Peg,1,114887,,31.506488329723936,Tau,4.598,4.558
115073,115438.0,220321.0,8892.0,,98    Aqr,,23.382842,-20.10058,50.1002,-120.27,-96.7,-7.0,3.96,0.461,K0III,1.082,46.435798,-7.568697,-17.217874,-1.93e-05,-2.645e-05,-1.959e-05,6.121613721002631,-0.3508213031297538,-5.830854136e-07,-4.68814829e-07,,98.0,Aqr,1,115073,,56.96393733411836,,,
115225,115590.0,220652.0,8904.0,,4    Cas,,23.413959,62.282806,240.9639,12.24,-13.25,-37.0,4.96,-1.95,M1III,1.676,110.757542,-17.127515,213.313986,-1.67e-06,1.473e-05,-4.07e-05,6.129760254235452,1.087040039919145,5.93411945e-08,-6.4237812e-08,,4.0,Cas,1,115225,,524.8074602497728,,,
115258,115623.0,220657.0,8905.0,,68Ups Peg,Alkarab,23.422993,23.404101,52.2466,193.12,36.47,-11.0,4.42,0.83,F8IV,0.617,47.401961,-7.215479,20.75302,-6.47e-06,5.046e-05,4.01e-06,6.132125166381574,0.4084786211010537,9.362721799e-07,1.76811549e-07,Ups,68.0,Peg,1,115258,,40.55085354483837,,,
115304,115669.0,220704.0,8906.0,,99    Aqr,,23.434108,-20.642014,86.881,-50.13,-62.97,16.0,4.38,-0.315,K4III,1.46,80.412869,-12.001128,-30.628032,2.78e-06,-2.176e-05,-3.059e-05,6.135035070425392,-0.3602711122627725,-2.430370981e-07,-3.05287174e-07,,99.0,Aqr,1,115304,,116.41260294104907,,,
115376,115738.0,220825.0,8911.0,,8Kap Psc,,23.448876,1.255608,47.0588,85.6,-94.43,-3.0,4.95,1.587,A0p,0.036,46.55861,-6.764661,1.031187,2.4e-07,1.97e-05,-2.16e-05,6.138901492254468,0.0219144941663675,4.150005106e-07,-4.57809558e-07,Kap,8.0,Psc,1,115376,,20.19296069798118,Kap,4.968,4.938
115465,115830.0,220954.0,8916.0,,10The Psc,,23.466138,6.378992,45.5373,-123.83,-43.26,6.0,4.27,0.978,K1III,1.062,44.814124,-6.304546,5.059407,3.28e-06,-2.807e-05,-8.81e-06,6.143420464983169,0.1113344148590175,-6.003447806e-07,-2.09730398e-07,The,10.0,Psc,1,115465,,35.383435681472214,,,
115554,115919.0,221115.0,8923.0,,70    Peg,,23.485915,12.760554,53.6193,59.62,25.18,-15.0,4.54,0.893,G8III,0.939,51.82195,-7.01698,11.843245,-1.418e-05,1.756e-05,2.99e-06,6.148598237151768,0.222713674165735,2.890459163e-07,1.22076084e-07,,70.0,Peg,1,115554,,38.26484865951095,,,
115626,115990.0,221253.0,8926.0,,,,23.500536,58.54892,190.4762,18.67,4.22,-13.0,4.89,-1.509,B3IV,-0.122,98.536357,-12.958414,162.492475,-7.93e-06,1.843e-05,-9.31e-06,6.152425984003749,1.0218714260174486,9.05147142e-08,2.0459137e-08,,,Cas,1,115626,,349.62300400270186,AR,4.913,4.883
115711,116076.0,221345.0,8930.0,,14    And,Veritate,23.52149,39.236198,79.1766,287.3,-83.78,-59.0,5.22,0.727,K0III,1.029,60.844885,-7.662161,50.080351,-1.241e-05,0.00011271,-6.307e-05,6.157911756609912,0.6848008429521162,1.3928697042e-06,-4.06176901e-07,,14.0,And,1,115711,,44.58615279480704,,,
115718,116084.0,221287.0,,,,Poerava,23.52229,-58.209733,55.2792,181.4,-5.59,0.0,7.82,4.107,F7V,0.513,28.894288,-3.632398,-46.986336,4.8e-06,4.839e-05,-7.9e-07,6.158121102205144,-1.015951491134485,8.794520165e-07,-2.7101084e-08,,,Tuc,1,115718,,1.98243976287264,,,
115865,116231.0,221507.0,8937.0,,Bet Scl,,23.549512,-37.818268,53.3618,96.39,37.58,2.0,4.38,0.744,B9.5IVMNpe.,-0.095,41.860861,-4.959933,-32.719276,1.046e-05,2.387e-05,6.43e-06,6.165247899979184,-0.6600532858114163,4.673119067e-07,1.82192981e-07,Bet,,Scl,1,115865,,43.89347855347172,,,
115881,116247.0,221565.0,8939.0,,101    Aqr,,23.554618,-20.914504,90.009,-2.55,8.64,15.0,4.7,-0.071,A0V,0.02,83.507895,-9.78146,-32.130963,1.544e-05,-2.93e-06,-1.95e-06,6.166584477825947,-0.3650269564808575,-1.23627489e-08,4.1887902e-08,,101.0,Aqr,1,115881,,92.98223905853808,,,
115944,116310.0,221673.0,8943.0,,72    Peg,,23.565884,31.325277,168.3502,50.22,-18.45,-24.0,4.97,-1.161,K4III,1.383,142.881771,-16.308926,87.524488,-8.41e-06,4.221e-05,-2.562e-05,6.169534011392516,0.5467292233289149,2.434734304e-07,-8.9448124e-08,,72.0,Peg,1,115944,,253.74646458649644,,,
116023,116389.0,221760.0,8949.0,,Iot Phe,,23.584599,-42.615075,76.2777,42.18,10.78,19.0,4.69,0.278,A2V,0.078,55.802714,-6.092649,-51.645428,1.859e-05,1.366e-05,-1.022e-05,6.174433481326092,-0.7437733656995025,2.044944105e-07,5.2262914e-08,Iot,,Phe,1,116023,,67.4217467576244,Iot,4.697,4.687
116218,116584.0,222107.0,8961.0,GJ 9832,16Lam And,,23.626056,46.458152,26.4061,159.22,-421.46,6.8,3.81,1.701,G8III-IV,0.984,18.103691,-1.77795,19.141071,4.568e-05,1.599e-05,-3.212e-05,6.185286913302995,0.8108477121622925,7.719203422e-07,-2.043295738e-06,Lam,16.0,And,1,116218,,18.18025623774263,Lam,3.951,3.741
116236,116602.0,222095.0,8959.0,,,,23.630827,-45.492351,61.3874,71.36,-12.34,10.0,4.74,0.8,A2V,0.082,42.83208,-4.152573,-43.77891,6.58e-06,2.07e-05,-9.87e-06,6.186536014176621,-0.7939913134775699,3.459630424e-07,-5.9826008e-08,,,Phe,1,116236,,41.68693834703355,,,
116265,116631.0,222173.0,8965.0,,17Iot And,,23.63561,43.268073,153.1394,27.72,-1.21,-1.0,4.29,-1.635,B8V,-0.083,111.002171,-10.621481,104.963685,1.83e-06,2.05e-05,-1.36e-06,6.187788168915581,0.7551703366703563,1.343903522e-07,-5.866245e-09,Iot,17.0,And,1,116265,,392.6449353995997,,,
116361,116727.0,222404.0,8974.0,Gl 903,35Gam Cep,Errai,23.65582,77.632276,14.1024,-48.85,127.18,-43.1,3.21,2.464,K1IV,1.031,3.008186,-0.271815,13.774751,-1.816e-05,-1.71e-06,-4.119e-05,6.193079297724524,1.3549388191278324,-2.36831483e-07,6.16586038e-07,Gam,35.0,Cep,1,116361,,9.003264310597224,,,
116392,116758.0,222345.0,8968.0,,102Ome1Aqr,,23.663074,-14.222178,43.592,51.8,-55.58,-2.0,4.97,1.773,A7IV,0.257,42.091623,-3.722431,-10.709792,-3.89e-06,1.133e-05,-1.088e-05,6.194978324418008,-0.2482238307701262,2.511334865e-07,-2.69459443e-07,Ome-1,102.0,Aqr,1,116392,,17.013748158991977,,,
116405,116771.0,222368.0,8969.0,Gl 904,17Iot Psc,,23.665844,5.626292,13.7137,376.32,-437.0,5.5,4.13,3.444,F7V,0.507,13.595494,-1.192399,1.34449,1.06e-05,2.418e-05,-2.836e-05,6.195703567944873,0.0981973119368899,1.8244508427e-06,-2.118635784e-06,Iot,17.0,Psc,1,116405,,3.650900524844983,,,
116439,116805.0,222439.0,8976.0,,19Kap And,,23.673469,44.333932,51.6262,81.33,-18.96,-9.0,4.15,0.586,B9IVn,-0.071,36.792238,-3.152838,36.078346,-1.52e-06,2.056e-05,-9.83e-06,6.197699743115956,0.7737730766941112,3.942989664e-07,-9.1920673e-08,Kap,19.0,And,1,116439,,50.76916258882487,,,
116535,116901.0,222574.0,8982.0,,104    Aqr,,23.696057,-17.816533,257.0694,13.93,0.11,3.0,4.82,-2.23,G2Ib/II,0.822,243.966266,-19.453971,-78.655541,4.33e-06,1.707e-05,-8.1e-07,6.203613233927275,-0.3109571613336687,6.75345457e-08,5.33295e-10,,104.0,Aqr,1,116535,,679.203632617185,,,
116562,116928.0,222603.0,8984.0,,18Lam Psc,,23.700779,1.780041,32.6904,-129.55,-154.87,12.0,4.49,1.918,A7V,0.2,32.57453,-2.556983,1.015452,1.138e-05,-2.149e-05,-2.415e-05,6.204849555333922,0.0310675722292137,-6.280761232e-07,-7.50830947e-07,Lam,18.0,Psc,1,116562,,14.886753594923636,,,
116605,116971.0,222661.0,8988.0,GJ 9836A,105Ome2Aqr,,23.712039,-14.544905,45.5373,98.35,-66.78,-2.1,4.49,1.198,B9V,-0.032,43.952667,-3.319784,-11.436173,-4.13e-06,2.208e-05,-1.373e-05,6.20779741912473,-0.2538564758875312,4.768142548e-07,-3.23758575e-07,Ome-2,105.0,Aqr,1,116605,GJ 9836,28.89348981559081,,,
116706,117073.0,222842.0,8997.0,,78    Peg,,23.733189,29.361454,68.7758,71.44,-40.78,-7.0,4.93,0.743,K0III,0.935,59.794903,-4.183514,33.72195,2.09e-06,2.373e-05,-1.536e-05,6.213334292570317,0.5124540380635926,3.463508934e-07,-1.97707018e-07,,78.0,Peg,1,116706,,43.93392456444762,,,
116854,117221.0,223047.0,9003.0,,20Psi And,,23.767234,46.420276,307.6923,9.05,-6.25,-25.0,4.97,-2.471,G5Ib,1.086,211.717898,-12.917595,222.897019,-1.003e-05,1.414e-05,-2.495e-05,6.222247432911833,0.8101866498675186,4.38756381e-08,-3.0300855e-08,Psi,20.0,And,1,116854,,848.0080988896916,,,
116878,117245.0,223075.0,9004.0,,19    Psc,,23.773199,3.486811,275.4821,-35.0,-25.0,11.0,4.95,-2.25,C5II,2.508,274.487661,-16.317261,16.754489,1.046e-05,-4.745e-05,-3.264e-05,6.223808941258104,0.060856329470075,-1.696847882e-07,-1.2120342e-07,,19.0,Psc,1,116878,,691.8309709189363,TX,5.082,4.852
116934,117301.0,223165.0,9008.0,,5Tau Cas,,23.784284,58.651989,53.3333,60.7,56.69,-21.0,4.88,1.245,K1III,1.122,27.701517,-1.566024,45.547715,-2.277e-05,1.701e-05,-1.072e-05,6.226710957966661,1.0236703268576564,2.942819041e-07,2.74840875e-07,Tau,5.0,Cas,1,116934,,27.66941645411511,,,
117085,117452.0,223352.0,9016.0,,Del Scl,,23.815427,-28.130268,42.1408,100.03,-104.04,14.0,4.59,1.466,A0V,0.001,37.119774,-1.795041,-19.868511,3.59e-06,2.029e-05,-2.549e-05,6.234864276392341,-0.4909657895013387,4.849591247e-07,-5.04400153e-07,Del,,Scl,1,117085,,22.573557110214463,,,
117495,117863.0,224014.0,9045.0,,7Rho Cas,,23.906398,57.499382,100000.0,-4.54,-3.45,-43.0,4.51,-15.49,F8Iavar,1.19,53714.738509,-1316.542429,84338.564761,0.00133256,-0.00223418,-0.00093572,6.258680487407766,1.003553534646879,-2.20105411e-08,-1.6726071e-08,Rho,7.0,Cas,1,117495,,136772882.5595852,Rho,4.592,4.412
117515,117883.0,,,,,Uúba,23.911158,-37.627924,77.101,248.75,-70.19,0.0,9.79,5.355,G8,0.815,61.046878,-1.419958,-47.072569,-1.385e-05,9.332e-05,-2.078e-05,6.2599265962727655,-0.6567311685438175,1.2059740304e-06,-3.40290722e-07,,,Scl,1,117515,,0.6280583588133175,,,
117754,118121.0,224392.0,9062.0,,Eta Tuc,,23.959727,-64.298231,47.4383,78.86,-61.1,33.0,5.0,1.619,A1V,0.06,20.572355,-0.216822,-42.745193,2.17e-06,1.811e-05,-3.65e-05,6.272641891335599,-1.1222158339351325,3.823240685e-07,-2.96221158e-07,Eta,,Tuc,1,117754,,19.606496672266,,,
117763,118131.0,224427.0,9064.0,,84Psi Peg,,23.962647,25.141401,145.9854,-36.06,-32.25,-4.0,4.63,-1.192,M3III,1.584,132.14869,-1.292351,62.022416,5.74e-06,-2.558e-05,-2.24e-05,6.273406259291635,0.4388002249164037,-1.748238132e-07,-1.56352411e-07,Psi,84.0,Peg,1,117763,,261.09586865859336,,,
117841,118209.0,224533.0,9067.0,,27    Psc,,23.977883,-3.555983,71.8907,-56.52,-72.34,-0.2,4.88,0.597,G9III,0.93,71.751083,-0.415466,-4.458933,-1.88e-06,-1.969e-05,-2.515e-05,6.277394994353943,-0.06206361474939,-2.740166922e-07,-3.50714216e-07,,27.0,Psc,1,117841,,50.25739801095915,,,
117875,118243.0,224572.0,9071.0,,8Sig Cas,,23.983482,55.754928,100000.0,9.26,-5.09,-13.0,4.88,-15.12,B1V...,-0.071,56272.856561,-243.331549,82663.815427,0.00205163,0.00448015,-0.00139953,6.278860891820285,0.97310707207611,4.48937468e-08,-2.4677016e-08,Sig,8.0,Cas,1,117875,,97274722.3776964,,,
117900,118268.0,224617.0,9072.0,,28Ome Psc,,23.988525,6.863321,31.9898,148.49,-112.16,2.0,4.03,1.505,F4IV,0.419,31.760437,-0.095415,3.822824,4.18e-06,2.301e-05,-1.702e-05,6.28018107812355,0.11978755003854,7.198998343e-07,-5.43767024e-07,Ome,28.0,Psc,1,117900,,21.77709772353159,,,
117951,118319.0,224693.0,,,,Axólotl,23.998285,-22.428113,98.4252,148.74,27.53,0.0,8.23,3.264,G2V,0.639,90.980204,-0.040804,-37.551574,5.04e-06,7.097e-05,1.214e-05,6.282736295728848,-0.3914444231444475,7.211118685e-07,1.33469206e-07,,,Cet,1,117951,,4.309233228186264,,,
117954,118322.0,224686.0,9076.0,,Eps Tuc,,23.998594,-65.577132,114.4165,48.63,-22.33,11.0,4.49,-0.802,B9IV,-0.075,47.307584,-0.017275,-104.178453,-6.62e-06,2.698e-05,-1.536e-05,6.282817211942812,-1.1445368662653224,2.357648929e-07,-1.08258894e-07,Eps,,Tuc,1,117954,,182.3055960681068,,,
118084,,10361.0,487.0,Gl 66A,,p Eridani,1.663003,-56.19462,8.1466,268.8,25.41,19.5,5.8,6.245,K2 V,0.86,4.110128,1.912046,-6.7701,6.34e-06,1.466e-05,-1.601e-05,0.4353730499586666,-0.9807811326846,1.3031791733e-06,1.23186308e-07,,,Eri,1,118084,Gl 66,0.276694164541151,,,
118360,,,,Gl 194B,,,5.277926,46.000842,12.9383,80.57,-422.38,33.9,0.96,0.401,G0 III,,1.689045,8.828648,9.308413,3.14e-06,4.332e-05,6.54e-06,1.381757778719121,0.8028661534716,3.906143824e-07,-2.047770568e-06,,,Aur,2,24549,Gl 194,60.20048636844592,,,
118485,,60178.0,2890.0,Gl 278B,66Alp Gem,Castor B,7.576827,31.89052,15.8053,-162.69,-98.14,-1.2,2.85,1.856,A m,,-5.383676,12.292323,8.349873,1.024e-05,7.69e-06,-7.03e-06,1.9836087168311551,0.5565945679503,-7.887433769e-07,-4.75800994e-07,Alp,66.0,Gem,2,36744,Gl 278,15.761589049638374,,,
118515,,,,GJ 3470,,Kaewkosin,7.985082,15.392426,23.2558,-173.87,-46.59,0.0,12.33,10.497,m,,-11.134861,19.461351,6.172756,1.632e-05,1.095e-05,-5.06e-06,2.0904895907226813,0.26864852199255,-8.429455464e-07,-2.25860149e-07,,,Cnc,1,118515,,0.0055106141113906,,,
118527,,,,GJ 3483,,Maru,8.113936,-66.299883,23.2558,370.37,-289.36,0.0,13.92,12.087,DQ5,0.05,-4.914249,7.951662,-21.294446,-1.983e-05,-4.736e-05,-1.311e-05,2.1242235412214336,-1.1571512578433,1.7956044287e-06,-1.402856866e-06,,,Vol,1,118527,,0.0012740896859191,,,
118562,,,,Gl 321.3B,,,8.74494,-54.708074,24.4499,21.24,-77.13,0.0,5.0,3.059,,,-9.299716,10.632594,-19.956473,3.02e-06,-7.27e-06,-5.28e-06,2.289419875721288,-0.95483602411235,1.029744257e-07,-3.73922247e-07,,,Vel,2,42794,Gl 321.3,5.204751511705221,,,
118589,,,,Gl 333.2A,,Ross 686,9.014005,5.242018,24.5278,-229.81,-192.84,-37.0,12.68,10.732,dM4,1.47,-17.333104,17.206472,2.240759,4.451e-05,-5.68e-06,-2.629e-05,2.359860969484036,0.09149048123455,-1.1141503193e-06,-9.34895309e-07,,,Hya,1,44135,Gl 333.2,0.0044381298030813,,,
118632,,,,Gl 351B,,,9.511764,-40.465622,18.5563,-187.82,68.73,0.0,4.65,3.308,F0 IV,,-11.226498,8.559845,-12.042884,7.05e-06,1.587e-05,4.7e-06,2.4901739361472592,-0.7062583331355,-9.105770548e-07,3.3321729e-07,,,Vel,2,46518,Gl 351,4.138090648167254,,,
118720,,,,Gl 406,,Wolf 359,10.941484,7.01532,2.3906,-3822.95,-2716.83,13.0,13.45,16.557,M6,2.0,-2.282811,0.649334,0.292057,-4.33e-06,4.728e-05,-2.961e-05,2.8644736867699603,0.12244043730895,-1.85341846008e-05,-1.3171553821e-05,,,Leo,1,118720,,2.0758692705e-05,,,
118742,,98231.0,4375.0,Gl 423A,53Xi  UMa,Alula Australis,11.303118,31.528783,10.4167,-425.24,-581.01,-15.9,4.33,4.241,G0 Ve,0.59,-8.73089,1.610966,5.446747,2.43e-06,2.139e-05,-3.351e-05,2.9591494159152405,0.55028106395935,-2.0616216952e-06,-2.816820813e-06,Xi,53.0,UMa,1,118742,Gl 423,1.7522658618857083,,,
118743,,98230.0,4374.0,Gl 423B,53Xi  UMa,Alula Australis B,11.303118,31.528783,10.4167,-425.24,-581.01,-13.6,4.8,4.711,G0 Ve,,-8.730989,1.610983,5.446808,4.6e-07,2.175e-05,-3.228e-05,2.9591494159152405,0.55028106395935,-2.0616216952e-06,-2.816820813e-06,Xi,53.0,UMa,2,118742,Gl 423,1.1365799747501515,,,
118838,,110380.0,4826.0,Gl 482B,29Gam Vir,,12.694171,-1.449235,11.8301,-559.96,6.84,-19.6,3.52,3.155,F0 V,,-11.630574,-2.137246,-0.299172,1.389e-05,3.521e-05,9e-07,3.3233262358657183,-0.02529392369485,-2.7147626856e-06,3.3166103e-08,Gam,29.0,Vir,2,61748,Gl 482,4.7643098680541565,,,
118887,,116657.0,5055.0,GJ 3784B,79Zet UMa,,13.398996,54.920471,24.1546,105.74,-30.32,-9.3,3.95,2.035,A1 m,0.13,-12.960884,-4.971592,19.766651,6.82e-06,-1.064e-05,-9.82e-06,3.507849063099291,0.95854304522465,5.126419858e-07,-1.46995507e-07,Zet,79.0,UMa,2,118887,GJ 3784,13.36595516546442,,,
119058,,144070.0,5978.0,GJ 9540A,Xi  Sco,Graffias,16.072774,-11.374611,24.3309,-61.63,-33.19,-32.2,4.84,2.909,F6 IV-V,0.45,-11.530023,-20.879358,-4.798287,9.62e-06,3.245e-05,2.66e-06,4.207842357466434,-0.1985244135134,-2.987906713e-07,-1.60890268e-07,Xi,,Sco,1,119058,GJ 9540,5.975854297155728,,,
119059,,144069.0,5977.0,GJ 9540B,Xi  Sco,,16.072774,-11.374611,24.3309,-61.63,-33.19,-29.4,5.0,3.069,F6 IV-V,,-11.530091,-20.87948,-4.798316,8.26e-06,2.999e-05,2.09e-06,4.207842357466434,-0.1985244135134,-2.987906713e-07,-1.60890268e-07,Xi,,Sco,2,119058,GJ 9540,5.157034063026458,,,
119127,,154906.0,6370.0,GJ 9584A,21Mu  Dra,Alrakis,17.088714,54.469093,23.2558,-76.0,79.53,-14.3,5.63,3.797,F7 V,0.47,-3.193886,-13.13167,18.925026,-4.59e-06,1.737e-05,-6.69e-06,4.473814769080139,0.95066502064635,-3.684583972e-07,3.85552927e-07,Mu,21.0,Dra,1,119127,GJ 9584,2.637545740889343,,,
119131,,,,Gl 656.1B,,,17.172783,-15.726921,25.7931,36.81,92.98,0.0,3.4,1.342,A3 V,,-5.334832,-24.247587,-6.991291,3.82e-06,-4.07e-06,1.119e-05,4.495824062995791,-0.27448655173925,1.784599158e-07,4.50765215e-07,,,Oph,2,83755,Gl 656.1,25.304630494613964,,,
119135,,155886.0,6402.0,Gl 663B,36    Oph,Guniibuu B,17.255734,-26.603215,5.9852,-492.43,-1127.13,0.5,5.07,6.185,K1 Ve,0.85,-1.036233,-5.250282,-2.680239,-1.127e-05,1.668e-05,-2.947e-05,4.517540537599642,-0.46431369405225,-2.3873680072e-06,-5.464461045e-06,,36.0,Oph,2,84147,Gl 663,0.2924152377843335,,,
119137,,,,GJ 1214,,Onkaria,17.255194,4.961607,12.9199,540.56,-707.03,0.0,14.67,14.114,m,1.74,-2.493928,-12.627569,1.117419,3.247e-05,-1.033e-05,-4.412e-05,4.517399161441581,0.08659637233415,2.6207088316e-06,-3.427773317e-06,,,Oph,1,119137,,0.00019696996149,,,
119259,,177475.0,7227.0,Gl 743.1B,Gam CrA,,19.106847,-37.06474,17.8923,91.62,-264.58,-51.3,5.0,3.737,F8 V,,4.078969,-13.679989,-10.782412,-8.3e-06,5.565e-05,1.331e-05,5.002160830314707,-0.6469017522138001,4.441862941e-07,-1.282744276e-06,Gam,,CrA,2,93530,Gl 743.1,2.787404520323769,,,
119518,,,,Gl 866A,,EZ Aqr,22.642562,-15.302542,3.3979,2361.37,2233.03,-60.0,12.66,15.004,M5  e,1.98,3.069893,-1.139264,-0.895949,-3.28e-05,5.369e-05,5.17e-05,5.927808781240427,-0.26707974928385,1.14482448085e-05,1.0826054323e-05,,,Aqr,1,119518,Gl 866,8.67760744991e-05,,,
119585,,,,Gl 905,,Ross 248,23.698379,44.174924,3.1686,84.26,-1607.79,-77.7,12.29,14.786,dM6  e,1.9,2.262649,-0.179022,2.205274,-3.953e-05,4.43e-06,-7.31e-05,6.204221151200362,0.77099787597905,4.085040072e-07,-7.794800419e-06,,,And,1,119585,,0.0001060718149635,,,
